condition,environment,run,sensitivity,order_gmm,order_hmm,train_bic_gmm,train_bic_hmm,test_loglik_per_obs_gmm,test_loglik_per_obs_hmm,temporal_gain_per_obs_gmm,temporal_gain_per_obs_hmm,n_train_gmm,n_train_hmm,n_test_gmm,n_test_hmm,kept_fraction_gmm,kept_fraction_hmm,run_number,hmm_minus_gmm_test_loglik_per_obs,hmm_wins
interference,container,docker_cpu3-interf_io-run1,base_stable,4.0,4.0,-107569.80182287989,-115467.84364701158,0.7597980613450848,0.8294331540146254,0.0,0.12796112755801484,69978.0,69978.0,29993.0,29993.0,0.99970000299997,0.99970000299997,1,0.0696350926695406,True
interference,container,docker_cpu3-interf_io-run1,cap_1000us,5.0,5.0,42249.50178232501,27649.05870590027,-0.31024480713742086,-0.2185719577364743,0.0,0.1554996774069383,69973.0,69973.0,29988.0,29988.0,0.99960000399996,0.99960000399996,1,0.09167284940094655,True
interference,container,docker_cpu3-interf_io-run1,cap_1500us,5.0,5.0,18870.375806392876,5357.37512063156,-0.149602848117792,-0.06500531224853451,0.0,0.15114632217470578,69974.0,69974.0,29991.0,29991.0,0.999640003599964,0.999640003599964,1,0.0845975358692575,True
interference,container,docker_cpu3-interf_io-run1,cap_2000us,5.0,5.0,-51982.85756231266,-57574.44411912466,0.36265843479167004,0.393695432394804,0.0,0.10912796413056927,69976.0,69976.0,29992.0,29992.0,0.999670003299967,0.999670003299967,1,0.031036997603133942,True
interference,container,docker_cpu3-interf_io-run1,cap_2500us,4.0,5.0,-82916.66065621444,-95168.92003434393,0.5843020482749957,0.6653673303352525,0.0,0.15566531817514942,69977.0,69977.0,29993.0,29993.0,0.999690003099969,0.999690003099969,1,0.08106528206025687,True
interference,container,docker_cpu3-interf_io-run1,train_q_0.999,5.0,5.0,175212.31146173476,153634.3291785519,-1.2569405882985911,-1.135300039384765,0.0,0.20139921962094112,69908.0,69908.0,29946.0,29946.0,0.998530014699853,0.998530014699853,1,0.12164054891382614,True
interference,container,docker_cpu3-interf_io-run1,train_q_0.9995,5.0,5.0,127514.74737583994,112128.54967268501,-0.919382031218188,-0.8253753770363652,0.0,0.16287789997900642,69943.0,69943.0,29973.0,29973.0,0.999150008499915,0.999150008499915,1,0.09400665418182275,True
interference,container,docker_cpu3-interf_io-run1,train_q_0.9999,5.0,5.0,51762.04302287048,31659.9729997074,-0.37725920519365314,-0.2596130956385744,0.0,0.1969207222794959,69971.0,69971.0,29986.0,29986.0,0.999560004399956,0.999560004399956,1,0.11764610955507876,True
interference,container,docker_cpu3-interf_io-run10,base_stable,5.0,5.0,31630.960868241567,-8738.157002792452,-0.3126324775321303,0.04340849873751356,0.0,0.8682578548026904,67640.0,67640.0,26831.0,26831.0,0.9447005529944701,0.9447005529944701,10,0.35604097626964387,True
interference,container,docker_cpu3-interf_io-run10,cap_1000us,5.0,5.0,31630.960868241567,-8738.157002792452,-0.3126324775321303,0.04340849873751356,0.0,0.8721938916227431,67640.0,67640.0,26831.0,26831.0,0.9447005529944701,0.9447005529944701,10,0.35604097626964387,True
interference,container,docker_cpu3-interf_io-run10,cap_1500us,5.0,5.0,31630.960868241567,-8738.157002792452,-0.3126324775321303,0.04340849873751356,0.0,0.8697272455768343,67640.0,67640.0,26831.0,26831.0,0.9447005529944701,0.9447005529944701,10,0.35604097626964387,True
interference,container,docker_cpu3-interf_io-run10,cap_2000us,5.0,5.0,31630.960868241567,-8738.157002792452,-0.3126324775321303,0.04340849873751356,0.0,0.8708734716616512,67640.0,67640.0,26831.0,26831.0,0.9447005529944701,0.9447005529944701,10,0.35604097626964387,True
interference,container,docker_cpu3-interf_io-run10,cap_2500us,5.0,5.0,31630.960868241567,-8738.157002792452,-0.3126324775321303,0.04340849873751356,0.0,0.8674268710583961,67640.0,67640.0,26831.0,26831.0,0.9447005529944701,0.9447005529944701,10,0.35604097626964387,True
interference,container,docker_cpu3-interf_io-run10,train_q_0.999,5.0,5.0,86596.66948948441,42126.97545026599,-0.7253090365095876,-0.3389345253516173,0.0,0.8573620643206994,67572.0,67572.0,26820.0,26820.0,0.9439105608943911,0.9439105608943911,10,0.3863745111579703,True
interference,container,docker_cpu3-interf_io-run10,train_q_0.9995,4.0,5.0,83671.58932931407,40965.449582554436,-0.7029758155180054,-0.3299798533982843,0.0,0.8557463392826491,67606.0,67606.0,26830.0,26830.0,0.944350556494435,0.944350556494435,10,0.3729959621197211,True
interference,container,docker_cpu3-interf_io-run10,train_q_0.9999,5.0,5.0,80883.52188927516,38073.731059643505,-0.6778130658585106,-0.30603370648585043,0.0,0.8596989429703905,67633.0,67633.0,26831.0,26831.0,0.944630553694463,0.944630553694463,10,0.3717793593726602,True
interference,container,docker_cpu3-interf_io-run2,base_stable,4.0,4.0,-169181.61165467,-172275.57440848261,1.0928864126646445,1.1281168707904663,0.0,0.0871603893810527,69978.0,69978.0,29977.0,29977.0,0.999540004599954,0.999540004599954,2,0.03523045812582182,True
interference,container,docker_cpu3-interf_io-run2,cap_1000us,4.0,5.0,5765.851934312378,-4282.9631784930125,-0.16135659756532084,-0.05929200013212153,0.0,0.15393888649124432,69967.0,69967.0,29975.0,29975.0,0.999410005899941,0.999410005899941,2,0.1020645974331993,True
interference,container,docker_cpu3-interf_io-run2,cap_1500us,4.0,4.0,-45204.846764718764,-48290.032898189704,0.20588267577594332,0.24110387864847077,0.0,0.08689072806646433,69970.0,69970.0,29976.0,29976.0,0.999450005499945,0.999450005499945,2,0.035221202872527446,True
interference,container,docker_cpu3-interf_io-run2,cap_2000us,5.0,5.0,-100898.94726660264,-103896.10206898548,0.6046625659901878,0.6398977874523081,0.0,0.08710093201890115,69973.0,69973.0,29976.0,29976.0,0.999480005199948,0.999480005199948,2,0.035235221462120325,True
interference,container,docker_cpu3-interf_io-run2,cap_2500us,4.0,5.0,-145041.42089903608,-149529.7192185504,0.9205091728147206,0.9902267360382336,0.0,0.14275533268175175,69976.0,69976.0,29976.0,29976.0,0.999510004899951,0.999510004899951,2,0.06971756322351308,True
interference,container,docker_cpu3-interf_io-run2,train_q_0.999,5.0,5.0,162604.77386454382,147206.34779693675,-1.276771364640299,-1.1060667287321235,0.0,0.27326200248700894,69908.0,69908.0,29941.0,29941.0,0.998480015199848,0.998480015199848,2,0.17070463590817542,True
interference,container,docker_cpu3-interf_io-run2,train_q_0.9995,5.0,5.0,105024.18842982374,89687.26989985417,-0.8673826715535706,-0.7098854232945786,0.0,0.2578110220177282,69943.0,69943.0,29963.0,29963.0,0.999050009499905,0.999050009499905,2,0.15749724825899203,True
interference,container,docker_cpu3-interf_io-run2,train_q_0.9999,4.0,4.0,-67293.35625267417,-70359.81521446945,0.36105125532757176,0.3990428223348097,0.0,0.08702829069781204,69971.0,69971.0,29976.0,29976.0,0.999460005399946,0.999460005399946,2,0.037991567007237936,True
interference,container,docker_cpu3-interf_io-run3,base_stable,4.0,5.0,-308948.7598169693,-349650.02253360103,2.06887953991581,2.2377363915965987,0.0,0.1392825148204529,69910.0,69910.0,29987.0,29987.0,0.998960010399896,0.998960010399896,3,0.16885685168078846,True
interference,container,docker_cpu3-interf_io-run3,cap_1000us,5.0,5.0,-94695.52149288627,-132261.26780797046,0.5442934401065107,0.6829857177156545,0.0,0.1418380017808289,69901.0,69901.0,29983.0,29983.0,0.998830011699883,0.998830011699883,3,0.13869227760914382,True
interference,container,docker_cpu3-interf_io-run3,cap_1500us,5.0,5.0,-94695.52149288627,-132261.26780797046,0.5431172012016144,0.6804695847316983,0.0,0.14117879894708313,69901.0,69901.0,29984.0,29984.0,0.998840011599884,0.998840011599884,3,0.13735238353008383,True
interference,container,docker_cpu3-interf_io-run3,cap_2000us,5.0,5.0,-215099.11088710962,-266215.9928979204,1.3945304132069316,1.7864340425408445,0.0,0.4535258220362123,69904.0,69904.0,29984.0,29984.0,0.998870011299887,0.998870011299887,3,0.3919036293339129,True
interference,container,docker_cpu3-interf_io-run3,cap_2500us,4.0,5.0,-283870.125457016,-324632.3312694001,1.8900960934797826,2.05922323187107,0.0,0.14202172503113314,69908.0,69908.0,29985.0,29985.0,0.998920010799892,0.998920010799892,3,0.16912713839128757,True
interference,container,docker_cpu3-interf_io-run3,train_q_0.999,5.0,5.0,120964.74398161792,68747.98186413183,-1.0109143475217173,-0.5759383253886667,0.0,0.4812674124488624,69840.0,69840.0,29950.0,29950.0,0.997890021099789,0.997890021099789,3,0.43497602213305053,True
interference,container,docker_cpu3-interf_io-run3,train_q_0.9995,5.0,5.0,7381.34224313213,-44589.206218237225,-0.18910924823671496,0.22952148606017372,0.0,0.47059741465323013,69875.0,69875.0,29977.0,29977.0,0.998510014899851,0.998510014899851,3,0.4186307342968887,True
interference,container,docker_cpu3-interf_io-run3,train_q_0.9999,5.0,5.0,-191240.7554910933,-231921.29755374853,1.2235781538681176,1.3939864180744925,0.0,0.13919519968926056,69903.0,69903.0,29984.0,29984.0,0.998860011399886,0.998860011399886,3,0.1704082642063749,True
interference,container,docker_cpu3-interf_io-run4,base_stable,5.0,5.0,-146272.73328974025,-176673.85759832492,-202.18613866972484,-204.95282623381084,0.0,0.9804317871124091,67643.0,67643.0,29799.0,29799.0,0.974410255897441,0.974410255897441,4,-2.7666875640859985,False
interference,container,docker_cpu3-interf_io-run4,cap_1000us,5.0,5.0,88292.32176282408,56528.500981602956,-2.4508139860874882,-2.6879161629039134,0.0,1.0881683033322966,67642.0,67642.0,29798.0,29798.0,0.974390256097439,0.974390256097439,4,-0.2371021768164252,False
interference,container,docker_cpu3-interf_io-run4,cap_1500us,5.0,5.0,-146272.73328974025,-176673.85759832492,-30.10508076144514,-24.397306070148428,0.0,0.9818440515032166,67643.0,67643.0,29798.0,29798.0,0.9744002559974401,0.9744002559974401,4,5.707774691296713,True
interference,container,docker_cpu3-interf_io-run4,cap_2000us,5.0,5.0,-146272.73328974025,-176673.85759832492,-30.10508076144514,-24.397306070148428,0.0,0.9831315914839958,67643.0,67643.0,29798.0,29798.0,0.9744002559974401,0.9744002559974401,4,5.707774691296713,True
interference,container,docker_cpu3-interf_io-run4,cap_2500us,5.0,5.0,-146272.73328974025,-176673.85759832492,-30.10508076144514,-24.397306070148428,0.0,0.979411747910501,67643.0,67643.0,29798.0,29798.0,0.9744002559974401,0.9744002559974401,4,5.707774691296713,True
interference,container,docker_cpu3-interf_io-run4,train_q_0.999,4.0,5.0,162822.2122183194,129618.82186467116,-2.162368759534432,-1.352907105955189,0.0,1.3146985230261035,67575.0,67575.0,29278.0,29278.0,0.9685203147968521,0.9685203147968521,4,0.8094616535792432,True
interference,container,docker_cpu3-interf_io-run4,train_q_0.9995,4.0,5.0,162095.1144832113,128685.53377220892,-2.173048797301007,-1.362805528042574,0.0,1.3219133417857085,67610.0,67610.0,29408.0,29408.0,0.9701702982970171,0.9701702982970171,4,0.8102432692584332,True
interference,container,docker_cpu3-interf_io-run4,train_q_0.9999,4.0,5.0,160757.89770245954,127658.16849258298,-2.2755876281507397,-1.4385333656464971,0.0,1.0500275679989817,67636.0,67636.0,29675.0,29675.0,0.9731002689973101,0.9731002689973101,4,0.8370542625042425,True
interference,container,docker_cpu3-interf_io-run5,base_stable,5.0,5.0,-180341.44287299993,-218203.49246412696,1.4311538739541962,1.6951959664663165,0.0,0.7410677046136313,68345.0,68345.0,29285.0,29285.0,0.9762902370976291,0.9762902370976291,5,0.2640420925121203,True
interference,container,docker_cpu3-interf_io-run5,cap_1000us,5.0,5.0,-23032.574066700647,-58783.298312488994,0.28186914159284476,0.5281775221840874,0.0,0.7384282594689547,68344.0,68344.0,29285.0,29285.0,0.976280237197628,0.976280237197628,5,0.24630838059124266,True
interference,container,docker_cpu3-interf_io-run5,cap_1500us,5.0,5.0,-23032.574066700647,-58783.298312488994,0.28186914159284476,0.5281775221840874,0.0,0.739773510886428,68344.0,68344.0,29285.0,29285.0,0.976280237197628,0.976280237197628,5,0.24630838059124266,True
interference,container,docker_cpu3-interf_io-run5,cap_2000us,5.0,5.0,-23032.574066700647,-58783.298312488994,0.28186914159284476,0.5281775221840874,0.0,0.7381776815129611,68344.0,68344.0,29285.0,29285.0,0.976280237197628,0.976280237197628,5,0.24630838059124266,True
interference,container,docker_cpu3-interf_io-run5,cap_2500us,5.0,5.0,-23032.574066700647,-58783.298312488994,0.28186914159284476,0.5281775221840874,0.0,0.7425516730001307,68344.0,68344.0,29285.0,29285.0,0.976280237197628,0.976280237197628,5,0.24630838059124266,True
interference,container,docker_cpu3-interf_io-run5,train_q_0.999,5.0,5.0,92719.43240663673,50688.25081881049,-0.5728960830538402,-0.304214824819727,0.0,0.7054389170144143,68276.0,68276.0,29275.0,29275.0,0.9755002449975501,0.9755002449975501,5,0.2686812582341132,True
interference,container,docker_cpu3-interf_io-run5,train_q_0.9995,5.0,5.0,91639.93631449781,48056.01298863731,-0.5614816186802444,-0.277917112995885,0.0,0.8039012734157969,68310.0,68310.0,29279.0,29279.0,0.975880241197588,0.975880241197588,5,0.28356450568435937,True
interference,container,docker_cpu3-interf_io-run5,train_q_0.9999,5.0,5.0,15473.427598521399,-25334.96803573754,-0.0001241991242952364,0.2071538479451076,0.0,0.6902733771075549,68338.0,68338.0,29283.0,29283.0,0.97620023799762,0.97620023799762,5,0.20727804706940284,True
interference,container,docker_cpu3-interf_io-run6,base_stable,5.0,5.0,-104069.48309900954,-129090.32564844094,0.8444381379009283,1.0079446607998341,0.0,0.28204033630873476,68259.0,68259.0,28958.0,28958.0,0.9721602783972161,0.9721602783972161,6,0.16350652289890588,True
interference,container,docker_cpu3-interf_io-run6,cap_1000us,5.0,5.0,-104069.48309900954,-129090.32564844094,0.8444381379009283,1.0079446607998341,0.0,0.28215611629290827,68259.0,68259.0,28958.0,28958.0,0.9721602783972161,0.9721602783972161,6,0.16350652289890588,True
interference,container,docker_cpu3-interf_io-run6,cap_1500us,5.0,5.0,-104069.48309900954,-129090.32564844094,0.8444381379009283,1.0079446607998341,0.0,0.28171761397691303,68259.0,68259.0,28958.0,28958.0,0.9721602783972161,0.9721602783972161,6,0.16350652289890588,True
interference,container,docker_cpu3-interf_io-run6,cap_2000us,5.0,5.0,-104069.48309900954,-129090.32564844094,0.8444381379009283,1.0079446607998341,0.0,0.2824300408122467,68259.0,68259.0,28958.0,28958.0,0.9721602783972161,0.9721602783972161,6,0.16350652289890588,True
interference,container,docker_cpu3-interf_io-run6,cap_2500us,5.0,5.0,-104069.48309900954,-129090.32564844094,0.8444381379009283,1.0079446607998341,0.0,0.282135050838658,68259.0,68259.0,28958.0,28958.0,0.9721602783972161,0.9721602783972161,6,0.16350652289890588,True
interference,container,docker_cpu3-interf_io-run6,train_q_0.999,4.0,5.0,179263.3571094091,152413.1069642748,-1.251263173344828,-1.0777038754590937,0.0,0.23772397721264363,68191.0,68191.0,28954.0,28954.0,0.971440285597144,0.971440285597144,6,0.17355929788573432,True
interference,container,docker_cpu3-interf_io-run6,train_q_0.9995,4.0,5.0,178309.87529848423,151205.07653796373,-1.2410137350938153,-1.0703802488934284,0.0,0.2339021684786027,68224.0,68224.0,28954.0,28954.0,0.971770282297177,0.971770282297177,6,0.17063348620038687,True
interference,container,docker_cpu3-interf_io-run6,train_q_0.9999,5.0,5.0,167587.93956305948,140792.9455678854,-1.1590946405506688,-0.9877977480589452,0.0,0.26742523044544225,68252.0,68252.0,28958.0,28958.0,0.972090279097209,0.972090279097209,6,0.17129689249172364,True
interference,container,docker_cpu3-interf_io-run7,base_stable,5.0,5.0,-166913.68112375546,-209723.92379076083,1.3015793085569967,1.6181849771870052,0.0,0.8135603780917486,66099.0,66099.0,28487.0,28487.0,0.945850541494585,0.945850541494585,7,0.3166056686300085,True
interference,container,docker_cpu3-interf_io-run7,cap_1000us,5.0,5.0,74501.91944319475,31375.472345649385,-0.5433248093190783,-0.19937172347690535,0.0,0.7910014355301325,66098.0,66098.0,28487.0,28487.0,0.9458405415945841,0.9458405415945841,7,0.343953085842173,True
interference,container,docker_cpu3-interf_io-run7,cap_1500us,5.0,5.0,74501.91944319475,31375.472345649385,-0.5433248093190783,-0.19937172347690535,0.0,0.790532061902019,66098.0,66098.0,28487.0,28487.0,0.9458405415945841,0.9458405415945841,7,0.343953085842173,True
interference,container,docker_cpu3-interf_io-run7,cap_2000us,5.0,5.0,74501.91944319475,31375.472345649385,-0.5433248093190783,-0.19937172347690535,0.0,0.7881601451264318,66098.0,66098.0,28487.0,28487.0,0.9458405415945841,0.9458405415945841,7,0.343953085842173,True
interference,container,docker_cpu3-interf_io-run7,cap_2500us,5.0,5.0,-166913.68112375546,-209723.92379076083,1.3015793085569967,1.6181849771870052,0.0,0.8133361709125821,66099.0,66099.0,28487.0,28487.0,0.945850541494585,0.945850541494585,7,0.3166056686300085,True
interference,container,docker_cpu3-interf_io-run7,train_q_0.999,4.0,5.0,85675.11961890165,37733.31675654374,-0.6078352902233726,-0.27285051640664865,0.0,0.8085804802859571,66032.0,66032.0,28471.0,28471.0,0.945020549794502,0.945020549794502,7,0.3349847738167239,True
interference,container,docker_cpu3-interf_io-run7,train_q_0.9995,4.0,5.0,84725.45152422512,36764.10925172975,-0.5987634288732778,-0.2642467909733702,0.0,0.8066974705294361,66065.0,66065.0,28478.0,28478.0,0.945420545794542,0.945420545794542,7,0.3345166378999076,True
interference,container,docker_cpu3-interf_io-run7,train_q_0.9999,4.0,5.0,83404.62077428246,35479.77202818426,-0.587293709089283,-0.25422424424547113,0.0,0.8027662950510158,66092.0,66092.0,28486.0,28486.0,0.945770542294577,0.945770542294577,7,0.3330694648438119,True
interference,container,docker_cpu3-interf_io-run8,base_stable,5.0,5.0,13219.474281282659,-31554.951032014735,-0.018587046863622017,0.30320508390861,0.0,0.8590419048757313,66522.0,66522.0,28222.0,28222.0,0.9474305256947431,0.9474305256947431,8,0.321792130772232,True
interference,container,docker_cpu3-interf_io-run8,cap_1000us,5.0,5.0,13219.474281282659,-31554.951032014735,-0.018587046863622017,0.30320508390861,0.0,0.8584984410795897,66522.0,66522.0,28222.0,28222.0,0.9474305256947431,0.9474305256947431,8,0.321792130772232,True
interference,container,docker_cpu3-interf_io-run8,cap_1500us,5.0,5.0,13219.474281282659,-31554.951032014735,-0.018587046863622017,0.30320508390861,0.0,0.8576268504394635,66522.0,66522.0,28222.0,28222.0,0.9474305256947431,0.9474305256947431,8,0.321792130772232,True
interference,container,docker_cpu3-interf_io-run8,cap_2000us,5.0,5.0,13219.474281282659,-31554.951032014735,-0.018587046863622017,0.30320508390861,0.0,0.8571075157730476,66522.0,66522.0,28222.0,28222.0,0.9474305256947431,0.9474305256947431,8,0.321792130772232,True
interference,container,docker_cpu3-interf_io-run8,cap_2500us,5.0,5.0,13219.474281282659,-31554.951032014735,-0.018587046863622017,0.30320508390861,0.0,0.8582523340918405,66522.0,66522.0,28222.0,28222.0,0.9474305256947431,0.9474305256947431,8,0.321792130772232,True
interference,container,docker_cpu3-interf_io-run8,train_q_0.999,4.0,5.0,74644.10915058585,27125.799525883995,-0.4877012836637513,-0.1385571435408235,0.0,0.920282972481026,66456.0,66456.0,28218.0,28218.0,0.946730532694673,0.946730532694673,8,0.3491441401229278,True
interference,container,docker_cpu3-interf_io-run8,train_q_0.9995,4.0,5.0,73098.12209634476,27462.363963275522,-0.473326891325691,-0.13816919816272097,0.0,0.7309947437288477,66488.0,66488.0,28220.0,28220.0,0.947070529294707,0.947070529294707,8,0.33515769316297006,True
interference,container,docker_cpu3-interf_io-run8,train_q_0.9999,5.0,5.0,60199.3738776742,14185.319919908901,-0.37303725154227385,-0.04244609331589044,0.0,0.8641021236283978,66515.0,66515.0,28222.0,28222.0,0.947360526394736,0.947360526394736,8,0.3305911582263834,True
interference,container,docker_cpu3-interf_io-run9,base_stable,4.0,5.0,-30537.404549600695,-47703.62323454569,0.17507297400283295,0.31442384538118134,0.0,0.24202928303113028,67146.0,67146.0,28931.0,28931.0,0.960760392396076,0.960760392396076,9,0.1393508713783484,True
interference,container,docker_cpu3-interf_io-run9,cap_1000us,4.0,5.0,-30537.404549600695,-47703.62323454569,0.17507297400283295,0.31442384538118134,0.0,0.2551135867916131,67146.0,67146.0,28931.0,28931.0,0.960760392396076,0.960760392396076,9,0.1393508713783484,True
interference,container,docker_cpu3-interf_io-run9,cap_1500us,4.0,5.0,-30537.404549600695,-47703.62323454569,0.17507297400283295,0.31442384538118134,0.0,0.24173895361295225,67146.0,67146.0,28931.0,28931.0,0.960760392396076,0.960760392396076,9,0.1393508713783484,True
interference,container,docker_cpu3-interf_io-run9,cap_2000us,4.0,5.0,-30537.404549600695,-47703.62323454569,0.17507297400283295,0.31442384538118134,0.0,0.24189536490690666,67146.0,67146.0,28931.0,28931.0,0.960760392396076,0.960760392396076,9,0.1393508713783484,True
interference,container,docker_cpu3-interf_io-run9,cap_2500us,4.0,5.0,-30537.404549600695,-47703.62323454569,0.17507297400283295,0.31442384538118134,0.0,0.2414563258373479,67146.0,67146.0,28931.0,28931.0,0.960760392396076,0.960760392396076,9,0.1393508713783484,True
interference,container,docker_cpu3-interf_io-run9,train_q_0.999,5.0,5.0,180883.55446379003,161184.85118970549,-1.3814602021232816,-1.234302466231838,0.0,0.22639070470626385,67078.0,67078.0,28875.0,28875.0,0.959520404795952,0.959520404795952,9,0.14715773589144354,True
interference,container,docker_cpu3-interf_io-run9,train_q_0.9995,4.0,5.0,175226.31054731287,155700.02161997496,-1.351716947504993,-1.2029402791373809,0.0,0.23517453163857963,67112.0,67112.0,28908.0,28908.0,0.960190398096019,0.960190398096019,9,0.14877666836761216,True
interference,container,docker_cpu3-interf_io-run9,train_q_0.9999,5.0,5.0,77278.05289218585,60017.316288483926,-0.6245573472462697,-0.476397233160622,0.0,0.27391542376319755,67139.0,67139.0,28926.0,28926.0,0.960640393596064,0.960640393596064,9,0.14816011408564767,True
interference,host,host_cpu3-interf_io-run1,base_stable,5.0,5.0,-80925.24284738037,-89596.68067078253,0.5937954627990718,0.6512326845753154,0.0,0.10671013108956882,69986.0,69986.0,29994.0,29994.0,0.999790002099979,0.999790002099979,1,0.05743722177624355,True
interference,host,host_cpu3-interf_io-run1,cap_1000us,5.0,5.0,39718.14459614971,27319.907853978988,-0.2682459499745927,-0.19089081035395697,0.0,0.1375676558850167,69982.0,69982.0,29993.0,29993.0,0.999740002599974,0.999740002599974,1,0.07735513962063575,True
interference,host,host_cpu3-interf_io-run1,cap_1500us,5.0,5.0,39718.14459614971,27319.907853978988,-0.2682459499745927,-0.19089081035395697,0.0,0.13668765090933216,69982.0,69982.0,29993.0,29993.0,0.999740002599974,0.999740002599974,1,0.07735513962063575,True
interference,host,host_cpu3-interf_io-run1,cap_2000us,4.0,5.0,-32891.86748885712,-42155.313355229315,0.25010036829636506,0.3123736689492712,0.0,0.10713186640257415,69984.0,69984.0,29993.0,29993.0,0.999760002399976,0.999760002399976,1,0.06227330065290615,True
interference,host,host_cpu3-interf_io-run1,cap_2500us,5.0,5.0,-56619.8429400085,-65895.83280258492,0.42017666546028776,0.4822049203958794,0.0,0.10672661234178954,69985.0,69985.0,29993.0,29993.0,0.999770002299977,0.999770002299977,1,0.062028254935591665,True
interference,host,host_cpu3-interf_io-run1,train_q_0.999,5.0,5.0,118707.19733503669,106454.0328682216,-0.8333427344171925,-0.7566484915776922,0.0,0.13743235019519123,69916.0,69916.0,29963.0,29963.0,0.998780012199878,0.998780012199878,1,0.07669424283950033,True
interference,host,host_cpu3-interf_io-run1,train_q_0.9995,4.0,5.0,83465.10839500026,71073.36381587632,-0.5828183075135603,-0.5050771103230594,0.0,0.13789988294561203,69951.0,69951.0,29984.0,29984.0,0.999340006599934,0.999340006599934,1,0.07774119719050099,True
interference,host,host_cpu3-interf_io-run1,train_q_0.9999,5.0,5.0,49194.65225430717,36769.027521268334,-0.3351920570576715,-0.25761470176650103,0.0,0.13736385906734014,69979.0,69979.0,29990.0,29990.0,0.999680003199968,0.999680003199968,1,0.07757735529117049,True
interference,host,host_cpu3-interf_io-run10,base_stable,5.0,5.0,94082.96804746987,77918.69301733506,-0.67842454082288,-0.6230898725548345,0.0,0.09565840610675613,68170.0,68170.0,28474.0,28474.0,0.966430335696643,0.966430335696643,10,0.05533466826804545,True
interference,host,host_cpu3-interf_io-run10,cap_1000us,5.0,5.0,94082.96804746987,77918.69301733506,-0.67842454082288,-0.6230898725548345,0.0,0.0967167598362444,68170.0,68170.0,28474.0,28474.0,0.966430335696643,0.966430335696643,10,0.05533466826804545,True
interference,host,host_cpu3-interf_io-run10,cap_1500us,5.0,5.0,94082.96804746987,77918.69301733506,-0.67842454082288,-0.6230898725548345,0.0,0.09557834075857405,68170.0,68170.0,28474.0,28474.0,0.966430335696643,0.966430335696643,10,0.05533466826804545,True
interference,host,host_cpu3-interf_io-run10,cap_2000us,5.0,5.0,94082.96804746987,77918.69301733506,-0.67842454082288,-0.6230898725548345,0.0,0.09554205811322644,68170.0,68170.0,28474.0,28474.0,0.966430335696643,0.966430335696643,10,0.05533466826804545,True
interference,host,host_cpu3-interf_io-run10,cap_2500us,5.0,5.0,94082.96804746987,77918.69301733506,-0.67842454082288,-0.6230898725548345,0.0,0.09578625933616515,68170.0,68170.0,28474.0,28474.0,0.966430335696643,0.966430335696643,10,0.05533466826804545,True
interference,host,host_cpu3-interf_io-run10,train_q_0.999,5.0,5.0,112302.93174779795,93970.0829791321,-0.8069420201250792,-0.683028107374704,0.0,0.17028443622212672,68101.0,68101.0,28440.0,28440.0,0.96540034599654,0.96540034599654,10,0.12391391275037522,True
interference,host,host_cpu3-interf_io-run10,train_q_0.9995,5.0,5.0,111847.37375078177,93599.31397095147,-0.8033058469858895,-0.6797708052208791,0.0,0.1695938904453272,68135.0,68135.0,28451.0,28451.0,0.965850341496585,0.965850341496585,10,0.1235350417650104,True
interference,host,host_cpu3-interf_io-run10,train_q_0.9999,5.0,5.0,111272.52200149812,93045.35587004657,-0.7990346859556737,-0.6761311000905962,0.0,0.17077998213667162,68163.0,68163.0,28462.0,28462.0,0.9662403375966241,0.9662403375966241,10,0.12290358586507755,True
interference,host,host_cpu3-interf_io-run2,base_stable,4.0,5.0,-88.2964272943604,-12283.295481344501,0.05360457503271918,0.07694706006870342,0.0,0.039564018642247664,69886.0,69886.0,30001.0,30001.0,0.998860011399886,0.998860011399886,2,0.023342485035984233,True
interference,host,host_cpu3-interf_io-run2,cap_1000us,5.0,4.0,68730.10860088679,56923.913446541184,-0.4349325934881615,-0.4162960024424959,0.0,0.03997239035812839,69882.0,69882.0,29996.0,29996.0,0.998770012299877,0.998770012299877,2,0.018636591045665563,True
interference,host,host_cpu3-interf_io-run2,cap_1500us,4.0,5.0,-88.2964272943604,-12283.295481344501,0.055842866416133466,0.0789767860462128,0.0,0.03957490418980596,69886.0,69886.0,29998.0,29998.0,0.998830011699883,0.998830011699883,2,0.02313391963007934,True
interference,host,host_cpu3-interf_io-run2,cap_2000us,4.0,5.0,-88.2964272943604,-12283.295481344501,0.055842866416133466,0.0789767860462128,0.0,0.03972010296620272,69886.0,69886.0,29998.0,29998.0,0.998830011699883,0.998830011699883,2,0.02313391963007934,True
interference,host,host_cpu3-interf_io-run2,cap_2500us,4.0,5.0,-88.2964272943604,-12283.295481344501,0.054410478681978805,0.07767195681840422,0.0,0.03942909573988267,69886.0,69886.0,30000.0,30000.0,0.998850011499885,0.998850011499885,2,0.023261478136425415,True
interference,host,host_cpu3-interf_io-run2,train_q_0.999,5.0,5.0,173211.47580647597,158026.8107101621,-1.1889825017642912,-1.1588417230921908,0.0,0.05133161176368306,69816.0,69816.0,29971.0,29971.0,0.997860021399786,0.997860021399786,2,0.03014077867210041,True
interference,host,host_cpu3-interf_io-run2,train_q_0.9995,5.0,5.0,137180.6116211065,122050.9161988709,-0.9272422201626526,-0.8994089227143826,0.0,0.050352376784976186,69851.0,69851.0,29983.0,29983.0,0.998330016699833,0.998330016699833,2,0.02783329744827001,True
interference,host,host_cpu3-interf_io-run2,train_q_0.9999,5.0,5.0,87641.13493474475,74148.8058958204,-0.5732152041765142,-0.6315702831099458,0.0,-0.03769379773119139,69879.0,69879.0,29995.0,29995.0,0.998730012699873,0.998730012699873,2,-0.058355078933431614,False
interference,host,host_cpu3-interf_io-run3,base_stable,5.0,5.0,-159040.0513427588,-159278.63307628492,1.1133671736129467,1.1167970069137567,0.0,0.00523524839854796,69737.0,69737.0,29922.0,29922.0,0.996580034199658,0.996580034199658,3,0.003429833300810037,True
interference,host,host_cpu3-interf_io-run3,cap_1000us,5.0,5.0,67332.34407803466,66503.1354478055,-0.5121934840752072,-0.5045286015728662,0.0,0.01325224313001976,69727.0,69727.0,29921.0,29921.0,0.996470035299647,0.996470035299647,3,0.007664882502340986,True
interference,host,host_cpu3-interf_io-run3,cap_1500us,5.0,4.0,-10914.621564903282,-11056.035511143542,0.050883190107401485,0.05241910423795879,0.0,0.005429316142633026,69730.0,69730.0,29921.0,29921.0,0.99650003499965,0.99650003499965,3,0.0015359141305573074,True
interference,host,host_cpu3-interf_io-run3,cap_2000us,5.0,4.0,-10914.621564903282,-11056.035511143542,0.050317542489656024,0.05184885473285688,0.0,0.005160011390482822,69730.0,69730.0,29922.0,29922.0,0.996510034899651,0.996510034899651,3,0.0015313122432008552,True
interference,host,host_cpu3-interf_io-run3,cap_2500us,5.0,5.0,-133660.23859097253,-133897.00827486627,0.9309747782365247,0.9344052112938775,0.0,0.005183710227434819,69735.0,69735.0,29922.0,29922.0,0.996560034399656,0.996560034399656,3,0.0034304330573527997,True
interference,host,host_cpu3-interf_io-run3,train_q_0.999,5.0,5.0,165732.055281655,151114.9242968354,-1.2118405288509997,-1.088836455674598,0.0,0.22320171824286075,69667.0,69667.0,29884.0,29884.0,0.99550004499955,0.99550004499955,3,0.12300407317640172,True
interference,host,host_cpu3-interf_io-run3,train_q_0.9995,5.0,5.0,148832.40082090124,139465.20679129128,-1.0904911227308067,-1.004742818246739,0.0,0.19150022780276343,69702.0,69702.0,29900.0,29900.0,0.996010039899601,0.996010039899601,3,0.08574830448406767,True
interference,host,host_cpu3-interf_io-run3,train_q_0.9999,5.0,4.0,-10914.621564903282,-11056.035511143542,0.050883190107401485,0.05241910423795879,0.0,0.005347500965880303,69730.0,69730.0,29921.0,29921.0,0.99650003499965,0.99650003499965,3,0.0015359141305573074,True
interference,host,host_cpu3-interf_io-run4,base_stable,5.0,5.0,-109868.37400419648,-110249.95542735873,0.7798550164651706,0.7977861812306559,0.0,0.01435329269143377,69620.0,69620.0,29602.0,29602.0,0.992210077899221,0.992210077899221,4,0.017931164765485286,True
interference,host,host_cpu3-interf_io-run4,cap_1000us,5.0,4.0,19506.19118655244,27637.099806960658,-0.11627553138830149,-0.1936614975254767,0.0,0.014435499551720478,69618.0,69618.0,29602.0,29602.0,0.992190078099219,0.992190078099219,4,-0.07738596613717522,False
interference,host,host_cpu3-interf_io-run4,cap_1500us,5.0,4.0,19506.19118655244,27637.099806960658,-0.11627553138830149,-0.1936614975254767,0.0,0.0147260089842152,69618.0,69618.0,29602.0,29602.0,0.992190078099219,0.992190078099219,4,-0.07738596613717522,False
interference,host,host_cpu3-interf_io-run4,cap_2000us,5.0,4.0,19506.19118655244,27637.099806960658,-0.11627553138830149,-0.1936614975254767,0.0,0.014738952932616383,69618.0,69618.0,29602.0,29602.0,0.992190078099219,0.992190078099219,4,-0.07738596613717522,False
interference,host,host_cpu3-interf_io-run4,cap_2500us,5.0,5.0,-69246.52890402036,-69614.4079450918,0.4879802868560308,0.5058115367072957,0.0,0.014721876851520125,69619.0,69619.0,29602.0,29602.0,0.99220007799922,0.99220007799922,4,0.01783124985126494,True
interference,host,host_cpu3-interf_io-run4,train_q_0.999,5.0,5.0,134688.50849951632,117243.1361538006,-0.9359775076753284,-0.7934898047217138,0.0,0.22275905987986566,69550.0,69550.0,29585.0,29585.0,0.991340086599134,0.991340086599134,4,0.14248770295361457,True
interference,host,host_cpu3-interf_io-run4,train_q_0.9995,5.0,5.0,111852.09968691606,98753.07602055093,-0.7758360943651125,-0.6658692148382246,0.0,0.184092079952614,69585.0,69585.0,29593.0,29593.0,0.991770082299177,0.991770082299177,4,0.10996687952688788,True
interference,host,host_cpu3-interf_io-run4,train_q_0.9999,5.0,4.0,62941.91461505787,60031.097336136045,-0.42690999168566146,-0.395791579121428,0.0,0.0998276504751727,69613.0,69613.0,29601.0,29601.0,0.992130078699213,0.992130078699213,4,0.031118412564233477,True
interference,host,host_cpu3-interf_io-run5,base_stable,5.0,5.0,-50071.2480131318,-70637.60157862684,0.5458293368549306,0.6839917317764193,0.0,0.18123425245443517,69103.0,69103.0,29605.0,29605.0,0.987070129298707,0.987070129298707,5,0.13816239492148863,True
interference,host,host_cpu3-interf_io-run5,cap_1000us,5.0,5.0,77551.32490428879,53822.37858693876,-0.37957737513255835,-0.2286316048354446,0.0,0.19710439775167196,69101.0,69101.0,29604.0,29604.0,0.987040129598704,0.987040129598704,5,0.15094577029711376,True
interference,host,host_cpu3-interf_io-run5,cap_1500us,5.0,5.0,77551.32490428879,53822.37858693876,-0.37957737513255835,-0.2286316048354446,0.0,0.19552982047676049,69101.0,69101.0,29604.0,29604.0,0.987040129598704,0.987040129598704,5,0.15094577029711376,True
interference,host,host_cpu3-interf_io-run5,cap_2000us,5.0,5.0,3610.290379201466,-16927.219576671276,0.1541795709521435,0.2902334670299611,0.0,0.18114265228113682,69102.0,69102.0,29605.0,29605.0,0.987060129398706,0.987060129398706,5,0.13605389607781762,True
interference,host,host_cpu3-interf_io-run5,cap_2500us,5.0,5.0,-50071.2480131318,-70637.60157862684,0.5458293368549306,0.6839917317764193,0.0,0.1808421137553723,69103.0,69103.0,29605.0,29605.0,0.987070129298707,0.987070129298707,5,0.13816239492148863,True
interference,host,host_cpu3-interf_io-run5,train_q_0.999,5.0,5.0,161613.14926029355,132507.63382406466,-0.9870385734713776,-0.7983042983231687,0.0,0.20301934205794972,69033.0,69033.0,29593.0,29593.0,0.986250137498625,0.986250137498625,5,0.18873427514820884,True
interference,host,host_cpu3-interf_io-run5,train_q_0.9995,5.0,5.0,161154.26126934701,132193.66327308107,-0.9801904223355061,-0.7909517709859925,0.0,0.20330710177215566,69068.0,69068.0,29595.0,29595.0,0.986620133798662,0.986620133798662,5,0.18923865134951368,True
interference,host,host_cpu3-interf_io-run5,train_q_0.9999,5.0,5.0,118657.63180295902,94108.31046458121,-0.669701637764095,-0.5268550441646637,0.0,0.20263913417760782,69096.0,69096.0,29604.0,29604.0,0.986990130098699,0.986990130098699,5,0.1428465935994313,True
interference,host,host_cpu3-interf_io-run6,base_stable,5.0,5.0,145351.06353677282,135332.67195353855,-1.700841662522303,-2.0332117730036345,0.0,0.05782113403422793,67417.0,67417.0,28968.0,28968.0,0.9671867944408208,0.9671867944408208,6,-0.33237011048133147,False
interference,host,host_cpu3-interf_io-run6,cap_1000us,5.0,5.0,145351.06353677282,135332.67195353855,-1.700841662522303,-2.0332117730036345,0.0,0.05810925569144521,67417.0,67417.0,28968.0,28968.0,0.9671867944408208,0.9671867944408208,6,-0.33237011048133147,False
interference,host,host_cpu3-interf_io-run6,cap_1500us,5.0,5.0,145351.06353677282,135332.67195353855,-1.700841662522303,-2.0332117730036345,0.0,0.05780696392754583,67417.0,67417.0,28968.0,28968.0,0.9671867944408208,0.9671867944408208,6,-0.33237011048133147,False
interference,host,host_cpu3-interf_io-run6,cap_2000us,5.0,5.0,145351.06353677282,135332.67195353855,-1.700841662522303,-2.0332117730036345,0.0,0.0575987688785473,67417.0,67417.0,28968.0,28968.0,0.9671867944408208,0.9671867944408208,6,-0.33237011048133147,False
interference,host,host_cpu3-interf_io-run6,cap_2500us,5.0,5.0,145351.06353677282,135332.67195353855,-1.700841662522303,-2.0332117730036345,0.0,0.057925907373790844,67417.0,67417.0,28968.0,28968.0,0.9671867944408208,0.9671867944408208,6,-0.33237011048133147,False
interference,host,host_cpu3-interf_io-run6,train_q_0.999,5.0,5.0,147106.41024352412,136642.43765182927,-1.081709781351554,-1.037328203143629,0.0,0.055947999012418335,67349.0,67349.0,28948.0,28948.0,0.9663037479303598,0.9663037479303598,6,0.04438157820792488,True
interference,host,host_cpu3-interf_io-run6,train_q_0.9995,5.0,5.0,146577.1850387127,136104.51387583787,-1.0754290232288914,-1.0313656319887226,0.0,0.056163896937439756,67383.0,67383.0,28954.0,28954.0,0.9667051327078421,0.9667051327078421,6,0.04406339124016889,True
interference,host,host_cpu3-interf_io-run6,train_q_0.9999,5.0,5.0,145832.7164829532,135627.62669054142,-1.06782664429271,-1.025566014617205,0.0,0.054839203906949935,67410.0,67410.0,28959.0,28959.0,0.9670262405298279,0.9670262405298279,6,0.042260629675505035,True
interference,host,host_cpu3-interf_io-run7,base_stable,5.0,4.0,73167.54627873666,74152.29885638313,-0.5519005926805753,-0.5550838200665763,0.0,0.0030952356166238106,66584.0,66584.0,29116.0,29116.0,0.9569904300956991,0.9569904300956991,7,-0.003183227386000964,False
interference,host,host_cpu3-interf_io-run7,cap_1000us,5.0,4.0,73167.54627873666,74152.29885638313,-0.5519005926805753,-0.5550838200665763,0.0,0.0030296203961205155,66584.0,66584.0,29116.0,29116.0,0.9569904300956991,0.9569904300956991,7,-0.003183227386000964,False
interference,host,host_cpu3-interf_io-run7,cap_1500us,5.0,4.0,73167.54627873666,74152.29885638313,-0.5519005926805753,-0.5550838200665763,0.0,0.0030819785293124662,66584.0,66584.0,29116.0,29116.0,0.9569904300956991,0.9569904300956991,7,-0.003183227386000964,False
interference,host,host_cpu3-interf_io-run7,cap_2000us,5.0,4.0,73167.54627873666,74152.29885638313,-0.5519005926805753,-0.5550838200665763,0.0,0.0030672336933684156,66584.0,66584.0,29116.0,29116.0,0.9569904300956991,0.9569904300956991,7,-0.003183227386000964,False
interference,host,host_cpu3-interf_io-run7,cap_2500us,5.0,4.0,73167.54627873666,74152.29885638313,-0.5519005926805753,-0.5550838200665763,0.0,0.0030277191145260053,66584.0,66584.0,29116.0,29116.0,0.9569904300956991,0.9569904300956991,7,-0.003183227386000964,False
interference,host,host_cpu3-interf_io-run7,train_q_0.999,5.0,5.0,112141.98924335875,108414.93713065381,-0.8531341047856895,-0.8522846714278794,0.0,0.06168849839632439,66518.0,66518.0,29105.0,29105.0,0.956220437795622,0.956220437795622,7,0.0008494333578100699,True
interference,host,host_cpu3-interf_io-run7,train_q_0.9995,5.0,5.0,112909.85593298233,108475.72810776994,-0.8521018084603911,-0.8504533559671188,0.0,0.06142230354178131,66550.0,66550.0,29112.0,29112.0,0.956610433895661,0.956610433895661,7,0.0016484524932722788,True
interference,host,host_cpu3-interf_io-run7,train_q_0.9999,5.0,5.0,100635.749742495,103646.65570273121,-0.7603592379004436,-0.7699970878845497,0.0,0.03629398445399305,66577.0,66577.0,29116.0,29116.0,0.956920430795692,0.956920430795692,7,-0.009637849984106106,False
interference,host,host_cpu3-interf_io-run8,base_stable,5.0,5.0,-63532.54084341711,-68491.0215403032,0.5272834860568328,0.52538368671316,0.0,0.06445766553260586,67927.0,67927.0,27803.0,27803.0,0.9572904270957291,0.9572904270957291,8,-0.0018997993436727922,False
interference,host,host_cpu3-interf_io-run8,cap_1000us,5.0,5.0,126339.09722572454,114831.9718997405,-0.8752921379750223,-0.8251536213262151,0.0,0.05258159650330208,67926.0,67926.0,27803.0,27803.0,0.957280427195728,0.957280427195728,8,0.050138516648807196,True
interference,host,host_cpu3-interf_io-run8,cap_1500us,5.0,5.0,126339.09722572454,114831.9718997405,-0.8752921379750223,-0.8251536213262151,0.0,0.0525843867627034,67926.0,67926.0,27803.0,27803.0,0.957280427195728,0.957280427195728,8,0.050138516648807196,True
interference,host,host_cpu3-interf_io-run8,cap_2000us,5.0,5.0,126339.09722572454,114831.9718997405,-0.8752921379750223,-0.8251536213262151,0.0,0.052533226765610126,67926.0,67926.0,27803.0,27803.0,0.957280427195728,0.957280427195728,8,0.050138516648807196,True
interference,host,host_cpu3-interf_io-run8,cap_2500us,5.0,5.0,-63532.54084341711,-68491.0215403032,0.5272834860568328,0.52538368671316,0.0,0.06442376423038436,67927.0,67927.0,27803.0,27803.0,0.9572904270957291,0.9572904270957291,8,-0.0018997993436727922,False
interference,host,host_cpu3-interf_io-run8,train_q_0.999,5.0,5.0,142131.2768158056,131650.870319275,-0.9980621136401191,-0.9540035252780019,0.0,0.049188878184550165,67859.0,67859.0,27802.0,27802.0,0.9566004339956601,0.9566004339956601,8,0.04405858836211718,True
interference,host,host_cpu3-interf_io-run8,train_q_0.9995,5.0,5.0,141166.08045380222,130751.06461318902,-0.9873645796901869,-0.943883392721548,0.0,0.06399011190702797,67893.0,67893.0,27802.0,27802.0,0.956940430595694,0.956940430595694,8,0.043481186968638896,True
interference,host,host_cpu3-interf_io-run8,train_q_0.9999,5.0,5.0,139801.94594524856,129288.30040662082,-0.9741827243959662,-0.932877713606641,0.0,0.06119485016711439,67920.0,67920.0,27803.0,27803.0,0.957220427795722,0.957220427795722,8,0.04130501078932525,True
interference,host,host_cpu3-interf_io-run9,base_stable,4.0,5.0,95229.10382673726,90825.32262919504,-0.6815737786778541,-0.6473462406606378,0.0,0.040444414560691005,67785.0,67785.0,29591.0,29591.0,0.9737502624973751,0.9737502624973751,9,0.03422753801721623,True
interference,host,host_cpu3-interf_io-run9,cap_1000us,4.0,5.0,95229.10382673726,90825.32262919504,-0.6815737786778541,-0.6473462406606378,0.0,0.04055769873757515,67785.0,67785.0,29591.0,29591.0,0.9737502624973751,0.9737502624973751,9,0.03422753801721623,True
interference,host,host_cpu3-interf_io-run9,cap_1500us,4.0,5.0,95229.10382673726,90825.32262919504,-0.6815737786778541,-0.6473462406606378,0.0,0.04064105527853121,67785.0,67785.0,29591.0,29591.0,0.9737502624973751,0.9737502624973751,9,0.03422753801721623,True
interference,host,host_cpu3-interf_io-run9,cap_2000us,4.0,5.0,95229.10382673726,90825.32262919504,-0.6815737786778541,-0.6473462406606378,0.0,0.04051556042872929,67785.0,67785.0,29591.0,29591.0,0.9737502624973751,0.9737502624973751,9,0.03422753801721623,True
interference,host,host_cpu3-interf_io-run9,cap_2500us,4.0,5.0,95229.10382673726,90825.32262919504,-0.6815737786778541,-0.6473462406606378,0.0,0.04069103961836563,67785.0,67785.0,29591.0,29591.0,0.9737502624973751,0.9737502624973751,9,0.03422753801721623,True
interference,host,host_cpu3-interf_io-run9,train_q_0.999,5.0,5.0,148184.32129919488,141428.99946962303,-1.0801852685523445,-1.0366538549052726,0.0,0.05768294408325463,67717.0,67717.0,29583.0,29583.0,0.972990270097299,0.972990270097299,9,0.043531413647071915,True
interference,host,host_cpu3-interf_io-run9,train_q_0.9995,5.0,5.0,147848.34920817395,141142.40366959432,-1.07552815747223,-1.0346556721409148,0.0,0.06773749545808254,67751.0,67751.0,29590.0,29590.0,0.97340026599734,0.97340026599734,9,0.040872485331315156,True
interference,host,host_cpu3-interf_io-run9,train_q_0.9999,5.0,5.0,128034.35872320662,121485.62764721182,-0.9259891063041424,-0.8862356363580933,0.0,0.05777688399589632,67778.0,67778.0,29591.0,29591.0,0.973680263197368,0.973680263197368,9,0.039753469946049114,True
