sensitivity,environment,model,order,runs_selected
base_stable,container,gaussian_gmm,4,4
base_stable,container,gaussian_gmm,5,6
base_stable,container,gaussian_hmm,4,2
base_stable,container,gaussian_hmm,5,8
base_stable,host,gaussian_gmm,4,2
base_stable,host,gaussian_gmm,5,8
base_stable,host,gaussian_hmm,4,1
base_stable,host,gaussian_hmm,5,9
cap_1000us,container,gaussian_gmm,4,2
cap_1000us,container,gaussian_gmm,5,8
cap_1000us,container,gaussian_hmm,5,10
cap_1000us,host,gaussian_gmm,4,1
cap_1000us,host,gaussian_gmm,5,9
cap_1000us,host,gaussian_hmm,4,3
cap_1000us,host,gaussian_hmm,5,7
cap_1500us,container,gaussian_gmm,4,2
cap_1500us,container,gaussian_gmm,5,8
cap_1500us,container,gaussian_hmm,4,1
cap_1500us,container,gaussian_hmm,5,9
cap_1500us,host,gaussian_gmm,4,2
cap_1500us,host,gaussian_gmm,5,8
cap_1500us,host,gaussian_hmm,4,3
cap_1500us,host,gaussian_hmm,5,7
cap_2000us,container,gaussian_gmm,4,1
cap_2000us,container,gaussian_gmm,5,9
cap_2000us,container,gaussian_hmm,5,10
cap_2000us,host,gaussian_gmm,4,3
cap_2000us,host,gaussian_gmm,5,7
cap_2000us,host,gaussian_hmm,4,3
cap_2000us,host,gaussian_hmm,5,7
cap_2500us,container,gaussian_gmm,4,4
cap_2500us,container,gaussian_gmm,5,6
cap_2500us,container,gaussian_hmm,5,10
cap_2500us,host,gaussian_gmm,4,2
cap_2500us,host,gaussian_gmm,5,8
cap_2500us,host,gaussian_hmm,4,1
cap_2500us,host,gaussian_hmm,5,9
train_q_0.999,container,gaussian_gmm,4,4
train_q_0.999,container,gaussian_gmm,5,6
train_q_0.999,container,gaussian_hmm,5,10
train_q_0.999,host,gaussian_gmm,5,10
train_q_0.999,host,gaussian_hmm,5,10
train_q_0.9995,container,gaussian_gmm,4,6
train_q_0.9995,container,gaussian_gmm,5,4
train_q_0.9995,container,gaussian_hmm,5,10
train_q_0.9995,host,gaussian_gmm,4,1
train_q_0.9995,host,gaussian_gmm,5,9
train_q_0.9995,host,gaussian_hmm,5,10
train_q_0.9999,container,gaussian_gmm,4,3
train_q_0.9999,container,gaussian_gmm,5,7
train_q_0.9999,container,gaussian_hmm,4,1
train_q_0.9999,container,gaussian_hmm,5,9
train_q_0.9999,host,gaussian_gmm,5,10
train_q_0.9999,host,gaussian_hmm,4,2
train_q_0.9999,host,gaussian_hmm,5,8
