run,level,replication,episode,start_job,end_job,observed_miss_jobs,shock_jobs,accumulated_block_ns,measured_slack_ns,predicted_miss_jobs,error_jobs,max_write_ns,max_response_ns
0001_c06_io_run01,c06,1,1,17730,17736,7,1,33766855,4393650.5,7,0,33770405,34374199
0001_c06_io_run01,c06,1,2,52203,52204,2,1,12271746,4393650.5,2,0,12275296,12879320
0001_c06_io_run01,c06,1,3,53401,53442,42,1,184686595,4393650.5,42,0,184690145,185293838
0001_c06_io_run01,c06,1,4,60998,61029,32,1,143518839,4393650.5,32,0,143522389,144125983
0001_c06_io_run01,c06,1,5,63229,63230,2,1,10471411,4393650.5,2,0,10474961,11080091
0001_c06_io_run01,c06,1,6,71476,71476,1,1,4935351,4393650.5,1,0,4938901,5543821
0001_c06_io_run01,c06,1,7,73386,73386,1,1,4607847,4393650.5,1,0,4611397,5215128
0001_c06_io_run01,c06,1,8,76408,76439,32,1,143831218,4393650.5,32,0,143834768,144438451
0001_c06_io_run01,c06,1,9,88160,88178,19,1,86803626,4393650.5,19,0,86807176,87412030
0001_c06_io_run01,c06,1,10,89177,89180,4,1,17959354,4393650.5,4,0,17962904,18566642
0001_c06_io_run01,c06,1,11,90421,90444,24,1,106161482,4393650.5,24,0,106165032,106768862
0002_c25_io_run01,c25,1,1,20686,20723,38,1,96640577,2493645.5,38,0,96644138,99150601
0002_c25_io_run01,c25,1,2,20880,20960,81,1,202188530,2493645.5,81,0,202192091,204699253
0002_c25_io_run01,c25,1,3,36934,36999,66,1,164573031,2493645.5,65,1,164576592,167082791
0002_c25_io_run01,c25,1,4,37178,37183,6,1,16491638,2493645.5,6,0,16495199,19001489
0002_c25_io_run01,c25,1,5,50244,50288,45,1,112469513,2493645.5,45,0,112473074,114980071
0002_c25_io_run01,c25,1,6,56177,56179,3,1,9091587,2493645.5,3,0,9095148,11601598
0002_c25_io_run01,c25,1,7,57394,57433,40,1,101531471,2493645.5,40,0,101535032,104041264
0002_c25_io_run01,c25,1,8,78289,78292,4,1,12369558,2493645.5,4,0,12373119,14879881
0002_c25_io_run01,c25,1,9,80292,80297,6,1,16785445,2493645.5,6,0,16789006,19295359
0002_c25_io_run01,c25,1,10,82002,82004,3,1,7744918,2493645.5,3,0,7748479,10255531
0002_c25_io_run01,c25,1,11,91481,91521,41,1,103690706,2493645.5,41,0,103694267,106200569
0002_c25_io_run01,c25,1,12,98226,98275,50,1,124934684,2493645.5,50,0,124938245,127444711
0006_c40_io_run01,c40,1,1,19091,19395,305,2,301295419,993698.0,303,2,161800616,247138452
0006_c40_io_run01,c40,1,2,25204,25306,103,1,101876344,993698.0,102,1,101879904,105886132
0006_c40_io_run01,c40,1,3,32638,32678,41,1,40486115,993698.0,40,1,40489675,44495887
0006_c40_io_run01,c40,1,4,40126,40131,6,1,6301743,993698.0,6,0,6305303,10311488
0006_c40_io_run01,c40,1,5,46232,46240,9,1,9138412,993698.0,9,0,9141972,13148215
0006_c40_io_run01,c40,1,6,47671,47692,22,1,21834528,993698.0,21,1,21838088,25844419
0006_c40_io_run01,c40,1,7,54681,54717,37,1,36655188,993698.0,36,1,36658748,40665196
0006_c40_io_run01,c40,1,8,69555,69685,131,1,130204912,993698.0,131,0,130208472,134214631
0006_c40_io_run01,c40,1,9,77933,78202,270,1,267297637,993698.0,268,2,267301197,271307437
0006_c40_io_run01,c40,1,10,86570,86675,106,1,105305712,993698.0,105,1,105309272,109315482
0006_c40_io_run01,c40,1,11,91966,92112,147,1,145379764,993698.0,146,1,145383324,149389556
0006_c40_io_run01,c40,1,12,94968,95340,373,1,368198864,993698.0,370,3,368202424,372208724
0006_c40_io_run01,c40,1,13,99693,99820,128,1,126776975,993698.0,127,1,126780535,130788162
0008_c06_io_run02,c06,2,1,10998,10999,2,1,12790355,4393650.5,2,0,12793905,13397754
0008_c06_io_run02,c06,2,2,11279,11299,21,1,95895097,4393650.5,21,0,95898647,96503707
0008_c06_io_run02,c06,2,3,26518,26534,17,1,78412849,4393650.5,17,0,78416399,79020079
0008_c06_io_run02,c06,2,4,48169,48176,8,1,37100919,4393650.5,8,0,37104469,37708172
0008_c06_io_run02,c06,2,5,49745,49747,3,1,13681592,4393650.5,3,0,13685142,14288930
0008_c06_io_run02,c06,2,6,57484,57485,2,1,11152218,4393650.5,2,0,11155768,11759461
0008_c06_io_run02,c06,2,7,62723,62740,18,1,82483960,4393650.5,18,0,82487510,83091236
0009_c25_io_run02,c25,2,1,13208,13213,6,1,15032559,2493645.5,6,0,15036120,17542284
0009_c25_io_run02,c25,2,2,30966,30967,2,1,7230959,2493645.5,2,0,7234520,9741769
0009_c25_io_run02,c25,2,3,54302,54342,41,1,104433545,2493645.5,41,0,104437106,106943488
0009_c25_io_run02,c25,2,4,62577,62604,28,1,71009651,2493645.5,28,0,71013212,73519715
0009_c25_io_run02,c25,2,5,71611,71615,5,1,12735942,2493645.5,5,0,12739503,15245920
0009_c25_io_run02,c25,2,6,84804,84876,73,1,182380489,2493645.5,73,0,182384050,184890265
0009_c25_io_run02,c25,2,7,91922,91967,46,1,114858117,2493645.5,46,0,114861678,117368116
0009_c25_io_run02,c25,2,8,99314,99322,9,1,22426838,2493645.5,8,1,22430399,24936541
0010_c40_io_run02,c40,2,1,1216,1334,119,1,117912010,993698.0,118,1,117915570,121922288
0010_c40_io_run02,c40,2,2,19962,20011,50,1,49433167,993698.0,49,1,49436727,53442978
0010_c40_io_run02,c40,2,3,32942,33031,90,1,89069197,993698.0,89,1,89072757,93079945
0010_c40_io_run02,c40,2,4,33960,33960,1,1,1092917,993698.0,1,0,1096477,5104131
0010_c40_io_run02,c40,2,5,87616,87775,160,1,158345752,993698.0,159,1,158349312,162355799
0010_c40_io_run02,c40,2,6,89492,89502,11,1,11610608,993698.0,11,0,11614168,15620761
0010_c40_io_run02,c40,2,7,97587,97598,12,1,11972234,993698.0,12,0,11975794,15981923
0013_c06_io_run03,c06,3,1,18486,18496,11,1,49095881,4393650.5,11,0,49099431,49705785
0013_c06_io_run03,c06,3,2,32506,32536,31,1,138726964,4393650.5,31,0,138730514,139336810
0013_c06_io_run03,c06,3,3,39952,39998,47,1,210075597,4393650.5,47,0,210079147,210685994
0013_c06_io_run03,c06,3,4,46999,47002,4,1,20887418,4393650.5,4,0,20890968,21497627
0013_c06_io_run03,c06,3,5,49158,49159,2,1,11055219,4393650.5,2,0,11058769,11665171
0013_c06_io_run03,c06,3,6,50365,50379,15,1,66737059,4393650.5,15,0,66740609,67347190
0013_c06_io_run03,c06,3,7,52839,52840,2,1,10819005,4393650.5,2,0,10822555,11430592
0013_c06_io_run03,c06,3,8,61718,61723,6,1,29015538,4393650.5,6,0,29019088,29625372
0013_c06_io_run03,c06,3,9,94710,94711,2,1,10528809,4393650.5,2,0,10532359,11138582
0017_c25_io_run03,c25,3,1,3978,3978,1,1,3397134,2493645.5,1,0,3400695,5907056
0017_c25_io_run03,c25,3,2,10908,10965,58,2,146045270,2493645.5,58,0,115011440,146070750
0017_c25_io_run03,c25,3,3,25762,25767,6,1,16161860,2493645.5,6,0,16165421,18672020
0017_c25_io_run03,c25,3,4,60620,60624,5,1,13281273,2493645.5,5,0,13284834,15791078
0017_c25_io_run03,c25,3,5,61819,61911,93,1,233261660,2493645.5,93,0,233265221,235771928
0017_c25_io_run03,c25,3,6,79526,79530,5,1,13795010,2493645.5,5,0,13798571,16304968
0017_c25_io_run03,c25,3,7,87246,87248,3,1,9812466,2493645.5,3,0,9816027,12322493
0017_c25_io_run03,c25,3,8,94559,94563,5,1,12992187,2493645.5,5,0,12995748,15502148
0018_c40_io_run03,c40,3,1,12660,12667,8,1,7910746,993698.0,7,1,7914306,11921045
0018_c40_io_run03,c40,3,2,24291,24451,161,1,158998176,993698.0,160,1,159001736,163008113
0018_c40_io_run03,c40,3,3,33822,33822,1,1,1806109,993698.0,1,0,1809669,5816452
0018_c40_io_run03,c40,3,4,47714,47714,1,1,1077108,993698.0,1,0,1080668,5087174
0018_c40_io_run03,c40,3,5,58139,58150,12,1,12204505,993698.0,12,0,12208065,16214673
0018_c40_io_run03,c40,3,6,65877,65884,8,1,8136240,993698.0,8,0,8139800,12146045
0018_c40_io_run03,c40,3,7,67096,67233,138,1,136469611,993698.0,137,1,136473171,140479391
0018_c40_io_run03,c40,3,8,79453,79454,2,1,2169615,993698.0,2,0,2173175,6179385
0018_c40_io_run03,c40,3,9,88897,88968,72,1,71813917,993698.0,72,0,71817477,75824082
0019_c40_io_run04,c40,4,1,2860,2861,2,1,2166894,993698.0,2,0,2170454,6176764
0019_c40_io_run04,c40,4,2,11358,11359,2,1,2758204,993698.0,2,0,2761764,6768180
0019_c40_io_run04,c40,4,3,16623,16624,2,1,2713383,993698.0,2,0,2716943,6724310
0019_c40_io_run04,c40,4,4,43214,43218,5,1,5511978,993698.0,5,0,5515538,9522348
0019_c40_io_run04,c40,4,5,50220,50307,88,1,87668038,993698.0,88,0,87671598,91678313
0019_c40_io_run04,c40,4,6,52986,52995,10,1,10583009,993698.0,10,0,10586569,14592934
0019_c40_io_run04,c40,4,7,57216,57432,217,1,214507151,993698.0,215,2,214510711,218516913
0019_c40_io_run04,c40,4,8,71358,71371,14,1,14407640,993698.0,14,0,14411200,18417467
0019_c40_io_run04,c40,4,9,72576,72754,179,1,176679717,993698.0,177,2,176683277,180690032
0019_c40_io_run04,c40,4,10,78757,78766,10,1,10762152,993698.0,10,0,10765712,14772523
0019_c40_io_run04,c40,4,11,78977,78977,1,1,1342151,993698.0,1,0,1345711,5352623
0019_c40_io_run04,c40,4,12,80087,80346,260,1,256890357,993698.0,258,2,256893917,260900699
0019_c40_io_run04,c40,4,13,87703,87723,21,1,20890104,993698.0,21,0,20893664,24900100
0020_c25_io_run04,c25,4,1,12805,12824,20,1,51212996,2493645.5,20,0,51216557,53723681
0020_c25_io_run04,c25,4,2,17404,17404,1,1,2915758,2493645.5,1,0,2919319,5426663
0020_c25_io_run04,c25,4,3,38167,38191,25,1,62613790,2493645.5,25,0,62617351,65123544
0020_c25_io_run04,c25,4,4,40422,40425,4,1,11995045,2493645.5,4,0,11998606,14506539
0020_c25_io_run04,c25,4,5,50457,50459,3,1,8651470,2493645.5,3,0,8655031,11222408
0020_c25_io_run04,c25,4,6,60692,60728,37,1,94202309,2493645.5,37,0,94205870,96714351
0020_c25_io_run04,c25,4,7,72378,72381,4,1,12128672,2493645.5,4,0,12132233,14638516
0020_c25_io_run04,c25,4,8,80595,80629,35,1,87608718,2493645.5,35,0,87612279,90119831
0020_c25_io_run04,c25,4,9,83287,83289,3,1,9742319,2493645.5,3,0,9745880,12252555
0024_c06_io_run04,c06,4,1,11517,11520,4,1,19610853,4393650.5,4,0,19614403,20237765
0024_c06_io_run04,c06,4,2,19483,19485,3,1,13391570,4393650.5,3,0,13395120,14001384
0024_c06_io_run04,c06,4,3,49206,49220,15,1,68606745,4393650.5,15,0,68610295,69216744
0024_c06_io_run04,c06,4,4,62862,62870,9,1,40499886,4393650.5,9,0,40503436,41110452
0024_c06_io_run04,c06,4,5,71379,71381,3,1,16153592,4393650.5,3,0,16157142,16763754
0024_c06_io_run04,c06,4,6,87528,87548,21,1,95457827,4393650.5,21,0,95461377,96067919
0024_c06_io_run04,c06,4,7,98259,98260,2,1,9473912,4393650.5,2,0,9477462,10084092
0026_c40_io_run05,c40,5,1,15517,15520,4,1,3955253,993698.0,3,1,3958813,7965337
0026_c40_io_run05,c40,5,2,24003,24004,2,1,2157205,993698.0,2,0,2160765,6167331
0026_c40_io_run05,c40,5,3,25005,25079,75,1,74954807,993698.0,75,0,74958367,78964812
0026_c40_io_run05,c40,5,4,48525,48527,3,1,3271932,993698.0,3,0,3275492,7282119
0026_c40_io_run05,c40,5,5,53934,53951,18,1,18547203,993698.0,18,0,18550763,22557140
0026_c40_io_run05,c40,5,6,63514,63528,15,1,15485385,993698.0,15,0,15488945,19495661
0026_c40_io_run05,c40,5,7,82088,82152,65,1,64338427,993698.0,64,1,64341987,68348490
0026_c40_io_run05,c40,5,8,87297,87297,1,1,1653236,993698.0,1,0,1656796,5663377
0026_c40_io_run05,c40,5,9,92529,92536,8,1,8288331,993698.0,8,0,8291891,12298659
0026_c40_io_run05,c40,5,10,96754,96770,17,1,17064200,993698.0,17,0,17067760,21073999
0029_c06_io_run05,c06,5,1,2542,2542,1,1,8737286,4393650.5,1,0,8740836,9348751
0029_c06_io_run05,c06,5,2,20607,20609,3,1,16859308,4393650.5,3,0,16862858,17470289
0029_c06_io_run05,c06,5,3,83497,83500,4,1,20706497,4393650.5,4,0,20710047,21316254
0029_c06_io_run05,c06,5,4,89383,89383,1,1,8151282,4393650.5,1,0,8154832,8761063
0029_c06_io_run05,c06,5,5,95178,95180,3,1,14111990,4393650.5,3,0,14115540,14721963
0030_c25_io_run05,c25,5,1,21617,21618,2,1,6026676,2493645.5,2,0,6030237,8537737
0030_c25_io_run05,c25,5,2,36031,36060,30,1,75559080,2493645.5,30,0,75562641,78069054
0030_c25_io_run05,c25,5,3,48341,48345,5,1,13993585,2493645.5,5,0,13997146,16503879
0030_c25_io_run05,c25,5,4,56851,56869,19,1,47610197,2493645.5,19,0,47613758,50120926
0030_c25_io_run05,c25,5,5,58984,58986,3,1,9787287,2493645.5,3,0,9790848,12297261
0030_c25_io_run05,c25,5,6,60987,60994,8,1,21346884,2493645.5,8,0,21350445,23856732
0030_c25_io_run05,c25,5,7,65917,65921,5,1,13174022,2493645.5,5,0,13177583,15684603
0030_c25_io_run05,c25,5,8,76747,76759,13,1,34708369,2493645.5,13,0,34711930,37218402
0030_c25_io_run05,c25,5,9,91210,91236,27,1,67442676,2493645.5,27,0,67446237,69952613
0030_c25_io_run05,c25,5,10,96461,96465,5,1,14409301,2493645.5,5,0,14412862,16919241
0030_c25_io_run05,c25,5,11,97666,97727,62,1,154233042,2493645.5,61,1,154236603,156743421
0031_c06_io_run06,c06,6,1,23204,23244,41,1,183190015,4393650.5,41,0,183193565,183800004
0031_c06_io_run06,c06,6,2,24140,24142,3,1,16508735,4393650.5,3,0,16512285,17119029
0031_c06_io_run06,c06,6,3,44029,44041,13,1,59901033,4393650.5,13,0,59904583,60510964
0031_c06_io_run06,c06,6,4,65994,66021,28,1,126168727,4393650.5,28,0,126172277,126778666
0031_c06_io_run06,c06,6,5,73970,74022,53,1,234294188,4393650.5,53,0,234297738,234904125
0031_c06_io_run06,c06,6,6,81021,81060,40,1,178641838,4393650.5,40,0,178645388,179251691
0031_c06_io_run06,c06,6,7,95958,95986,29,1,128581853,4393650.5,29,0,128585403,129191837
0033_c40_io_run06,c40,6,1,110,111,2,1,2013885,993698.0,2,0,2017445,6023654
0033_c40_io_run06,c40,6,2,1341,1344,4,1,4866614,993698.0,4,0,4870174,8878501
0033_c40_io_run06,c40,6,3,1351,1375,25,1,25521269,993698.0,25,0,25524829,29532204
0033_c40_io_run06,c40,6,4,25484,25649,166,1,164074942,993698.0,165,1,164078502,168084767
0033_c40_io_run06,c40,6,5,32472,32531,60,1,59466989,993698.0,59,1,59470549,63477521
0033_c40_io_run06,c40,6,6,39994,39999,6,1,6341958,993698.0,6,0,6345518,10351705
0033_c40_io_run06,c40,6,7,42087,42087,1,1,1367613,993698.0,1,0,1371173,5378816
0033_c40_io_run06,c40,6,8,53544,53553,10,1,9982258,993698.0,10,0,9985818,13992433
0033_c40_io_run06,c40,6,9,56761,56761,1,1,1647858,993698.0,1,0,1651418,5657830
0033_c40_io_run06,c40,6,10,61676,61722,47,1,47275047,993698.0,47,0,47278607,51284940
0033_c40_io_run06,c40,6,11,68779,68984,206,1,203464901,993698.0,204,2,203468461,207475148
0033_c40_io_run06,c40,6,12,74918,74927,10,1,10143850,993698.0,10,0,10147410,14154003
0033_c40_io_run06,c40,6,13,82611,82735,125,1,124036619,993698.0,124,1,124040179,128046516
0033_c40_io_run06,c40,6,14,86639,86806,168,1,166144372,993698.0,167,1,166147932,170154327
0033_c40_io_run06,c40,6,15,97006,97008,3,1,3810864,993698.0,3,0,3814424,7820923
0035_c25_io_run06,c25,6,1,41349,41353,5,1,13612693,2493645.5,5,0,13616254,16122523
0035_c25_io_run06,c25,6,2,54446,54491,46,1,115795757,2493645.5,46,0,115799318,118307239
0035_c25_io_run06,c25,6,3,82275,82279,5,1,13446183,2493645.5,5,0,13449744,15956097
0038_c40_io_run07,c40,7,1,23409,23410,2,1,2397038,993698.0,2,0,2400598,6406975
0038_c40_io_run07,c40,7,2,29663,29819,157,1,155869620,993698.0,156,1,155873180,159879927
0038_c40_io_run07,c40,7,3,33899,33906,8,1,8536645,993698.0,8,0,8540205,12547710
0038_c40_io_run07,c40,7,4,39614,39616,3,1,3044379,993698.0,3,0,3047939,7054231
0038_c40_io_run07,c40,7,5,40808,41064,257,1,254310114,993698.0,255,2,254313674,258320432
0038_c40_io_run07,c40,7,6,52032,52153,122,1,121165693,993698.0,121,1,121169253,125175985
0038_c40_io_run07,c40,7,7,59106,59311,206,1,203961050,993698.0,205,1,203964610,207970880
0038_c40_io_run07,c40,7,8,66272,66460,189,1,187020303,993698.0,188,1,187023863,191030209
0038_c40_io_run07,c40,7,9,77216,77336,121,1,119535302,993698.0,120,1,119538862,123545189
0038_c40_io_run07,c40,7,10,78937,78937,1,1,1279840,993698.0,1,0,1283400,5289523
0038_c40_io_run07,c40,7,11,88889,88995,107,1,106002948,993698.0,106,1,106006508,110013162
0038_c40_io_run07,c40,7,12,96052,96174,123,1,121650967,993698.0,122,1,121654527,125662197
0038_c40_io_run07,c40,7,13,97984,97993,10,1,10639429,993698.0,10,0,10642989,14649910
0038_c40_io_run07,c40,7,14,99187,99263,77,1,75982711,993698.0,76,1,75986271,79992441
0039_c06_io_run07,c06,7,1,33930,33977,48,1,212497512,4393650.5,48,0,212501062,213104639
0039_c06_io_run07,c06,7,2,51670,51697,28,1,127041509,4393650.5,28,0,127045059,127648808
0039_c06_io_run07,c06,7,3,57975,58025,51,1,228131917,4393650.5,51,0,228135467,228739386
0039_c06_io_run07,c06,7,4,60138,60139,2,1,12886064,4393650.5,2,0,12889614,13493454
0039_c06_io_run07,c06,7,5,60343,60397,55,1,242589002,4393650.5,55,0,242592552,243196573
0039_c06_io_run07,c06,7,6,69344,69346,3,1,14224465,4393650.5,3,0,14228015,14832901
0039_c06_io_run07,c06,7,7,75884,75885,2,1,11794902,4393650.5,2,0,11798452,12402373
0039_c06_io_run07,c06,7,8,83754,83763,10,1,45920732,4393650.5,10,0,45924282,46528042
0039_c06_io_run07,c06,7,9,90769,90830,62,1,274553277,4393650.5,62,0,274556827,275160511
0041_c25_io_run07,c25,7,1,17675,17730,56,1,139877149,2493645.5,56,0,139880710,142388206
0041_c25_io_run07,c25,7,2,21290,21291,2,1,7419684,2493645.5,2,0,7423245,9929563
0041_c25_io_run07,c25,7,3,39155,39156,2,1,5483624,2493645.5,2,0,5487185,7993712
0041_c25_io_run07,c25,7,4,45728,45729,2,1,5613097,2493645.5,2,0,5616658,8123306
0041_c25_io_run07,c25,7,5,50048,50049,2,1,5158339,2493645.5,2,0,5161900,7668295
0041_c25_io_run07,c25,7,6,52851,52884,34,1,86297328,2493645.5,34,0,86300889,88808597
0041_c25_io_run07,c25,7,7,64016,64019,4,1,10667725,2493645.5,4,0,10671286,13177624
0041_c25_io_run07,c25,7,8,69136,69140,5,1,13528880,2493645.5,5,0,13532441,16038728
0041_c25_io_run07,c25,7,9,94796,94799,4,1,12080497,2493645.5,4,0,12084058,14590490
0041_c25_io_run07,c25,7,10,95998,96026,29,1,73621726,2493645.5,29,0,73625287,76131590
0043_c25_io_run08,c25,8,1,7130,7131,2,1,5910002,2493645.5,2,0,5913563,8421138
0043_c25_io_run08,c25,8,2,25397,25403,7,1,18188974,2493645.5,7,0,18192535,20699938
0043_c25_io_run08,c25,8,3,26615,26719,105,1,262998329,2493645.5,105,0,263001890,265508256
0043_c25_io_run08,c25,8,4,34163,34223,61,1,152318461,2493645.5,61,0,152322022,154828576
0043_c25_io_run08,c25,8,5,40225,40228,4,1,11076276,2493645.5,4,0,11079837,13586733
0043_c25_io_run08,c25,8,6,41462,41506,45,1,113334228,2493645.5,45,0,113337789,115844126
0043_c25_io_run08,c25,8,7,46948,46952,5,1,13784517,2493645.5,5,0,13788078,16294452
0043_c25_io_run08,c25,8,8,48517,48520,4,1,11559042,2493645.5,4,0,11562603,14068901
0043_c25_io_run08,c25,8,9,58249,58257,9,1,23993965,2493645.5,9,0,23997526,26503968
0043_c25_io_run08,c25,8,10,78339,78464,126,1,314694281,2493645.5,126,0,314697842,317205065
0043_c25_io_run08,c25,8,11,84097,84100,4,1,11162212,2493645.5,4,0,11165773,13673340
0043_c25_io_run08,c25,8,12,85300,85308,9,1,23095728,2493645.5,9,0,23099289,25605586
0043_c25_io_run08,c25,8,13,95914,95970,57,1,143635022,2493645.5,57,0,143638583,146145003
0045_c40_io_run08,c40,8,1,2831,2912,82,2,80927253,993698.0,81,1,68022122,81982748
0045_c40_io_run08,c40,8,2,25557,25568,12,1,12126005,993698.0,12,0,12129565,16137294
0045_c40_io_run08,c40,8,3,54745,54757,13,1,13631579,993698.0,13,0,13635139,17641169
0045_c40_io_run08,c40,8,4,58068,58068,1,1,1016237,993698.0,1,0,1019797,5027419
0045_c40_io_run08,c40,8,5,61778,61789,12,1,12057382,993698.0,12,0,12060942,16067093
0045_c40_io_run08,c40,8,6,67006,67138,133,1,132087059,993698.0,132,1,132090619,136096762
0045_c40_io_run08,c40,8,7,75153,75181,29,1,28738270,993698.0,28,1,28741830,32748744
0045_c40_io_run08,c40,8,8,78155,78156,2,1,2382130,993698.0,2,0,2385690,6393746
0045_c40_io_run08,c40,8,9,79157,79157,1,1,1879102,993698.0,1,0,1882662,5890193
0045_c40_io_run08,c40,8,10,80158,80203,46,1,45940196,993698.0,46,0,45943756,49951042
0045_c40_io_run08,c40,8,11,80966,80967,2,1,2438221,993698.0,2,0,2441781,6448984
0045_c40_io_run08,c40,8,12,81968,82184,217,1,215003334,993698.0,216,1,215006894,219014144
0045_c40_io_run08,c40,8,13,83969,84206,238,1,235709678,993698.0,237,1,235713238,239720799
0045_c40_io_run08,c40,8,14,91108,91109,2,1,2690295,993698.0,2,0,2693855,6700397
0048_c06_io_run08,c06,8,1,16193,16193,1,1,4763155,4393650.5,1,0,4766705,5373095
0048_c06_io_run08,c06,8,2,20646,20649,4,1,17692399,4393650.5,4,0,17695949,18302482
0048_c06_io_run08,c06,8,3,26410,26412,3,1,14638952,4393650.5,3,0,14642502,15248912
0048_c06_io_run08,c06,8,4,62690,62691,2,1,10167962,4393650.5,2,0,10171512,10777664
0048_c06_io_run08,c06,8,5,82780,82781,2,1,11304810,4393650.5,2,0,11308360,11919457
0051_c25_io_run09,c25,9,1,1797,1797,1,1,2764950,2493645.5,1,0,2768511,5274818
0051_c25_io_run09,c25,9,2,2109,2277,169,3,420936178,2493645.5,168,1,241640070,373747915
0051_c25_io_run09,c25,9,3,22820,22821,2,1,6663071,2493645.5,2,0,6666632,9172935
0051_c25_io_run09,c25,9,4,24554,24582,29,1,72268509,2493645.5,28,1,72272070,74778576
0051_c25_io_run09,c25,9,5,93199,93201,3,1,8300274,2493645.5,3,0,8303835,10810102
0051_c25_io_run09,c25,9,6,95398,95423,26,1,65104349,2493645.5,26,0,65107910,67615391
0051_c25_io_run09,c25,9,7,96399,96410,12,1,31957476,2493645.5,12,0,31961037,34467524
0051_c25_io_run09,c25,9,8,99409,99470,62,1,155755466,2493645.5,62,0,155759027,158265211
0053_c40_io_run09,c40,9,1,59,60,2,1,2530958,993698.0,2,0,2534518,6540593
0053_c40_io_run09,c40,9,2,5223,5224,2,1,2215274,993698.0,2,0,2218834,6225679
0053_c40_io_run09,c40,9,3,7352,7420,69,1,68087211,993698.0,68,1,68090771,72097600
0053_c40_io_run09,c40,9,4,14103,14105,3,1,3142398,993698.0,3,0,3145958,7152676
0053_c40_io_run09,c40,9,5,17334,17575,242,1,239091990,993698.0,240,2,239095550,243102471
0053_c40_io_run09,c40,9,6,25570,25578,9,1,9569306,993698.0,9,0,9572866,13579939
0053_c40_io_run09,c40,9,7,37415,37428,14,1,14736675,993698.0,14,0,14740235,18747289
0053_c40_io_run09,c40,9,8,58005,58013,9,1,9656518,993698.0,9,0,9660078,13666238
0053_c40_io_run09,c40,9,9,62222,62226,5,1,5742748,993698.0,5,0,5746308,9753164
0053_c40_io_run09,c40,9,10,65436,65445,10,1,9994963,993698.0,10,0,9998523,14004889
0054_c06_io_run09,c06,9,1,10346,10348,3,1,17438990,4393650.5,3,0,17442540,18049243
0054_c06_io_run09,c06,9,2,19732,19734,3,1,15237046,4393650.5,3,0,15240596,15847087
0054_c06_io_run09,c06,9,3,27684,27686,3,1,17349209,4393650.5,3,0,17352759,17959751
0054_c06_io_run09,c06,9,4,65159,65192,34,1,149205678,4393650.5,33,1,149209228,149815989
0054_c06_io_run09,c06,9,5,83019,83049,31,1,138429173,4393650.5,31,0,138432723,139039184
0055_c25_io_run10,c25,10,1,8680,8681,2,1,6634971,2493645.5,2,0,6638532,9144959
0055_c25_io_run10,c25,10,2,11928,11990,63,1,158984001,2493645.5,63,0,158987562,161496171
0055_c25_io_run10,c25,10,3,14644,14647,4,1,10269175,2493645.5,4,0,10272736,12779050
0055_c25_io_run10,c25,10,4,19649,19718,70,1,175154707,2493645.5,70,0,175158268,177664769
0055_c25_io_run10,c25,10,5,22211,22213,3,1,7607717,2493645.5,3,0,7611278,10117809
0055_c25_io_run10,c25,10,6,29582,29585,4,1,12325762,2493645.5,4,0,12329323,14835834
0055_c25_io_run10,c25,10,7,33785,33785,1,1,3215204,2493645.5,1,0,3218765,5726287
0055_c25_io_run10,c25,10,8,35868,35868,1,1,2764834,2493645.5,1,0,2768395,5275052
0055_c25_io_run10,c25,10,9,40442,40447,6,1,16320456,2493645.5,6,0,16324017,18830250
0055_c25_io_run10,c25,10,10,90454,90515,62,1,155330066,2493645.5,62,0,155333627,157840042
0057_c40_io_run10,c40,10,1,16526,16530,5,1,5021837,993698.0,5,0,5025397,9031751
0057_c40_io_run10,c40,10,2,20692,20693,2,1,2451663,993698.0,2,0,2455223,6461724
0057_c40_io_run10,c40,10,3,36960,36974,15,1,14930436,993698.0,15,0,14933996,18940239
0057_c40_io_run10,c40,10,4,40160,40188,29,1,28825154,993698.0,29,0,28828714,32835617
0057_c40_io_run10,c40,10,5,42161,42162,2,1,2121317,993698.0,2,0,2124877,6131041
0057_c40_io_run10,c40,10,6,45671,45683,13,1,13639463,993698.0,13,0,13643023,17649430
0057_c40_io_run10,c40,10,7,46263,46275,13,1,13585553,993698.0,13,0,13589113,17595299
0057_c40_io_run10,c40,10,8,54296,54396,101,1,100128971,993698.0,100,1,100132531,104138745
0057_c40_io_run10,c40,10,9,63645,63657,13,1,12855699,993698.0,12,1,12859259,16866234
0057_c40_io_run10,c40,10,10,69863,69875,13,1,13200735,993698.0,13,0,13204295,17210796
0057_c40_io_run10,c40,10,11,74898,74909,12,1,12402642,993698.0,12,0,12406202,16412980
0057_c40_io_run10,c40,10,12,82034,82034,1,1,1399944,993698.0,1,0,1403504,5409979
0057_c40_io_run10,c40,10,13,91383,91383,1,1,1620308,993698.0,1,0,1623868,5630119
0057_c40_io_run10,c40,10,14,98205,98205,1,1,1366044,993698.0,1,0,1369604,5375946
0059_c06_io_run10,c06,10,1,33630,33679,50,1,223282787,4393650.5,50,0,223286337,223892667
0059_c06_io_run10,c06,10,2,36633,36658,26,1,115564479,4393650.5,26,0,115568029,116174517
0059_c06_io_run10,c06,10,3,38828,38830,3,1,14873999,4393650.5,3,0,14877549,15484442
0059_c06_io_run10,c06,10,4,39831,39844,14,1,62071230,4393650.5,14,0,62074780,62681836
0059_c06_io_run10,c06,10,5,71397,71398,2,1,9766013,4393650.5,2,0,9769563,10376115
0059_c06_io_run10,c06,10,6,78451,78452,2,1,9234177,4393650.5,2,0,9237727,9844097
0059_c06_io_run10,c06,10,7,87648,87686,39,1,173743799,4393650.5,39,0,173747349,174354187
