run,level,replication,job,write_ns,slack_ns,normalized_block,caused_miss,response_ns
0001_c06_io_run01,c06,1,17730,33770405,4393650.5,7.686183732638725,True,34374199
0001_c06_io_run01,c06,1,52203,12275296,4393650.5,2.7938717474227865,True,12879320
0001_c06_io_run01,c06,1,53401,184690145,4393650.5,42.035693326084996,True,185293838
0001_c06_io_run01,c06,1,60998,143522389,4393650.5,32.6658638414685,True,144125983
0001_c06_io_run01,c06,1,63229,10474961,4393650.5,2.3841133927243416,True,11080091
0001_c06_io_run01,c06,1,65472,1328389,4393650.5,0.30234289231699246,False,1932062
0001_c06_io_run01,c06,1,71476,4938901,4393650.5,1.1240996524416313,True,5543821
0001_c06_io_run01,c06,1,73386,4611397,4393650.5,1.0495593584423704,True,5215128
0001_c06_io_run01,c06,1,76408,143834768,4393650.5,32.736961667752134,True,144438451
0001_c06_io_run01,c06,1,78438,2294524,4393650.5,0.5222363499327041,False,2898278
0001_c06_io_run01,c06,1,88160,86807176,4393650.5,19.75741493320873,True,87412030
0001_c06_io_run01,c06,1,89177,17962904,4393650.5,4.088377990010812,True,18566642
0001_c06_io_run01,c06,1,90421,106165032,4393650.5,24.16328563230052,True,106768862
0002_c25_io_run01,c25,1,20686,96644138,2493645.5,38.756165621777434,True,99150601
0002_c25_io_run01,c25,1,20880,202192091,2493645.5,81.08293299909711,True,204699253
0002_c25_io_run01,c25,1,36934,164576592,2493645.5,65.99839151154404,True,167082791
0002_c25_io_run01,c25,1,37178,16495199,2493645.5,6.614893335881143,True,19001489
0002_c25_io_run01,c25,1,50244,112473074,2493645.5,45.1038746285308,True,114980071
0002_c25_io_run01,c25,1,56177,9095148,2493645.5,3.6473299833516832,True,11601598
0002_c25_io_run01,c25,1,57394,101535032,2493645.5,40.71750856326611,True,104041264
0002_c25_io_run01,c25,1,78289,12373119,2493645.5,4.96185965487075,True,14879881
0002_c25_io_run01,c25,1,80292,16789006,2493645.5,6.732715616554158,True,19295359
0002_c25_io_run01,c25,1,82002,7748479,2493645.5,3.1072897089822913,True,10255531
0002_c25_io_run01,c25,1,91481,103694267,2493645.5,41.5834034950036,True,106200569
0002_c25_io_run01,c25,1,98226,124938245,2493645.5,50.10264891300708,True,127444711
0006_c40_io_run01,c40,1,19091,139501923,993698.0,140.3866396027767,True,143509043
0006_c40_io_run01,c40,1,19150,161800616,993698.0,162.82675017963203,True,247138452
0006_c40_io_run01,c40,1,25204,101879904,993698.0,102.52602299692663,True,105886132
0006_c40_io_run01,c40,1,32638,40489675,993698.0,40.746459185788844,True,44495887
0006_c40_io_run01,c40,1,40126,6305303,993698.0,6.345291024033459,True,10311488
0006_c40_io_run01,c40,1,46232,9141972,993698.0,9.199950085438433,True,13148215
0006_c40_io_run01,c40,1,47671,21838088,993698.0,21.976584435110063,True,25844419
0006_c40_io_run01,c40,1,54681,36658748,993698.0,36.891236572882306,True,40665196
0006_c40_io_run01,c40,1,69555,130208472,993698.0,131.03424984250748,True,134214631
0006_c40_io_run01,c40,1,77933,267301197,993698.0,268.9964123908874,True,271307437
0006_c40_io_run01,c40,1,86570,105309272,993698.0,105.97713993587588,True,109315482
0006_c40_io_run01,c40,1,91966,145383324,993698.0,146.3053402542825,True,149389556
0006_c40_io_run01,c40,1,94968,368202424,993698.0,370.5375516505015,True,372208724
0006_c40_io_run01,c40,1,99693,126780535,993698.0,127.58457297891312,True,130788162
0008_c06_io_run02,c06,2,10998,12793905,4393650.5,2.911907763259731,True,13397754
0008_c06_io_run02,c06,2,11279,95898647,4393650.5,21.826644381477315,True,96503707
0008_c06_io_run02,c06,2,26518,78416399,4393650.5,17.847664260049815,True,79020079
0008_c06_io_run02,c06,2,33670,2409870,4393650.5,0.5484892346352993,False,3013558
0008_c06_io_run02,c06,2,45577,1698659,4393650.5,0.38661677800726296,False,2302301
0008_c06_io_run02,c06,2,48169,37104469,4393650.5,8.445020604165034,True,37708172
0008_c06_io_run02,c06,2,49745,13685142,4393650.5,3.1147543483488276,True,14288930
0008_c06_io_run02,c06,2,57484,11155768,4393650.5,2.539065863340746,True,11759461
0008_c06_io_run02,c06,2,62723,82487510,4393650.5,18.774253892065378,True,83091236
0008_c06_io_run02,c06,2,73056,1041362,4393650.5,0.23701521092767847,False,1645321
0009_c25_io_run02,c25,2,13208,15036120,2493645.5,6.0297744807752345,True,17542284
0009_c25_io_run02,c25,2,30966,7234520,2493645.5,2.9011822249794528,True,9741769
0009_c25_io_run02,c25,2,54302,104437106,2493645.5,41.88129627888166,True,106943488
0009_c25_io_run02,c25,2,62577,71013212,2493645.5,28.47766933992823,True,73519715
0009_c25_io_run02,c25,2,71611,12739503,2493645.5,5.108786714069823,True,15245920
0009_c25_io_run02,c25,2,79845,1042665,2493645.5,0.41812879978328915,False,3549198
0009_c25_io_run02,c25,2,84804,182384050,2493645.5,73.13952604730704,True,184890265
0009_c25_io_run02,c25,2,91922,114861678,2493645.5,46.061750958586536,True,117368116
0009_c25_io_run02,c25,2,92945,1775356,2493645.5,0.7119520396944955,False,4282276
0009_c25_io_run02,c25,2,99314,22430399,2493645.5,8.99502314984227,True,24936541
0010_c40_io_run02,c40,2,1216,117915570,993698.0,118.66338666274864,True,121922288
0010_c40_io_run02,c40,2,19962,49436727,993698.0,49.75025309500472,True,53442978
0010_c40_io_run02,c40,2,32942,89072757,993698.0,89.63765349230853,True,93079945
0010_c40_io_run02,c40,2,33960,1096477,993698.0,1.1034308210341572,True,5104131
0010_c40_io_run02,c40,2,87616,158349312,993698.0,159.353558123293,True,162355799
0010_c40_io_run02,c40,2,89492,11614168,993698.0,11.687824671077127,True,15620761
0010_c40_io_run02,c40,2,97587,11975794,993698.0,12.05174409126314,True,15981923
0013_c06_io_run03,c06,3,18486,49099431,4393650.5,11.17508800483789,True,49705785
0013_c06_io_run03,c06,3,32506,138730514,4393650.5,31.57522747883565,True,139336810
0013_c06_io_run03,c06,3,39952,210079147,4393650.5,47.814259918944394,True,210685994
0013_c06_io_run03,c06,3,46999,20890968,4393650.5,4.754808785996975,True,21497627
0013_c06_io_run03,c06,3,49158,11058769,4393650.5,2.516988777327646,True,11665171
0013_c06_io_run03,c06,3,50365,66740609,4393650.5,15.190240780417104,True,67347190
0013_c06_io_run03,c06,3,52839,10822555,4393650.5,2.463226194254641,True,11430592
0013_c06_io_run03,c06,3,60517,3509557,4393650.5,0.7987792838779507,False,4116673
0013_c06_io_run03,c06,3,61718,29019088,4393650.5,6.604778418310696,True,29625372
0013_c06_io_run03,c06,3,90492,1354451,4393650.5,0.3082746340429217,False,1961736
0013_c06_io_run03,c06,3,94710,10532359,4393650.5,2.397177244753537,True,11138582
0013_c06_io_run03,c06,3,95939,2884676,4393650.5,0.6565556363666158,False,3491296
0017_c25_io_run03,c25,3,3978,3400695,2493645.5,1.363744365428045,True,5907056
0017_c25_io_run03,c25,3,10908,115011440,2493645.5,46.1218084126232,True,117517987
0017_c25_io_run03,c25,3,10909,31040952,2493645.5,12.448021180235923,True,146070750
0017_c25_io_run03,c25,3,24874,1047167,2493645.5,0.4199341887208908,False,3554308
0017_c25_io_run03,c25,3,25762,16165421,2493645.5,6.482645989576305,True,18672020
0017_c25_io_run03,c25,3,57411,2455320,2493645.5,0.9846307344006997,False,4962792
0017_c25_io_run03,c25,3,60620,13284834,2493645.5,5.327474975893726,True,15791078
0017_c25_io_run03,c25,3,61819,233265221,2493645.5,93.54385817871866,True,235771928
0017_c25_io_run03,c25,3,79526,13798571,2493645.5,5.533493433609549,True,16304968
0017_c25_io_run03,c25,3,87246,9816027,2493645.5,3.936416383162723,True,12322493
0017_c25_io_run03,c25,3,94559,12995748,2493645.5,5.211545907387397,True,15502148
0018_c40_io_run03,c40,3,12660,7914306,993698.0,7.964498268085475,True,11921045
0018_c40_io_run03,c40,3,24291,159001736,993698.0,160.0101197748209,True,163008113
0018_c40_io_run03,c40,3,33822,1809669,993698.0,1.821145861217392,True,5816452
0018_c40_io_run03,c40,3,47714,1080668,993698.0,1.0875215608766446,True,5087174
0018_c40_io_run03,c40,3,58139,12208065,993698.0,12.28548814629797,True,16214673
0018_c40_io_run03,c40,3,65877,8139800,993698.0,8.191422343609426,True,12146045
0018_c40_io_run03,c40,3,67096,136473171,993698.0,137.33867935730976,True,140479391
0018_c40_io_run03,c40,3,79453,2173175,993698.0,2.186957204301508,True,6179385
0018_c40_io_run03,c40,3,88897,71817477,993698.0,72.27294107465246,True,75824082
0019_c40_io_run04,c40,4,2860,2170454,993698.0,2.184218947809093,True,6176764
0019_c40_io_run04,c40,4,11358,2761764,993698.0,2.779279016361108,True,6768180
0019_c40_io_run04,c40,4,16623,2716943,993698.0,2.734173763054771,True,6724310
0019_c40_io_run04,c40,4,43214,5515538,993698.0,5.550517360405274,True,9522348
0019_c40_io_run04,c40,4,50220,87671598,993698.0,88.22760838806157,True,91678313
0019_c40_io_run04,c40,4,52986,10586569,993698.0,10.653708672051268,True,14592934
0019_c40_io_run04,c40,4,57216,214510711,993698.0,215.87113086672207,True,218516913
0019_c40_io_run04,c40,4,71358,14411200,993698.0,14.50259535593309,True,18417467
0019_c40_io_run04,c40,4,72576,176683277,993698.0,177.803796525705,True,180690032
0019_c40_io_run04,c40,4,78757,10765712,993698.0,10.833987791059256,True,14772523
0019_c40_io_run04,c40,4,78977,1345711,993698.0,1.3542454548565057,True,5352623
0019_c40_io_run04,c40,4,80087,256893917,993698.0,258.5231297637713,True,260900699
0019_c40_io_run04,c40,4,87703,20893664,993698.0,21.026170929195793,True,24900100
0020_c25_io_run04,c25,4,12805,51216557,2493645.5,20.5388283940119,True,53723681
0020_c25_io_run04,c25,4,17404,2919319,2493645.5,1.1707032936317532,True,5426663
0020_c25_io_run04,c25,4,24582,1167206,2493645.5,0.46807214578014394,False,3673612
0020_c25_io_run04,c25,4,38167,62617351,2493645.5,25.11076694742697,True,65123544
0020_c25_io_run04,c25,4,40422,11998606,2493645.5,4.811672709693499,True,14506539
0020_c25_io_run04,c25,4,50457,8655031,2493645.5,3.470834567303171,True,11222408
0020_c25_io_run04,c25,4,60692,94205870,2493645.5,37.778373068665935,True,96714351
0020_c25_io_run04,c25,4,72378,12132233,2493645.5,4.8652597171490495,True,14638516
0020_c25_io_run04,c25,4,80595,87612279,2493645.5,35.134215749592315,True,90119831
0020_c25_io_run04,c25,4,83287,9745880,2493645.5,3.9082860815621148,True,12252555
0024_c06_io_run04,c06,4,11517,19614403,4393650.5,4.464261096780456,True,20237765
0024_c06_io_run04,c06,4,19483,13395120,4393650.5,3.0487450014515263,True,14001384
0024_c06_io_run04,c06,4,27027,1308211,4393650.5,0.29775035588288146,False,1916013
0024_c06_io_run04,c06,4,30091,2767956,4393650.5,0.6299900276546803,False,3374949
0024_c06_io_run04,c06,4,49206,68610295,4393650.5,15.615783503945067,True,69216744
0024_c06_io_run04,c06,4,62862,40503436,4393650.5,9.218629474511001,True,41110452
0024_c06_io_run04,c06,4,71379,16157142,4393650.5,3.6773844437558245,True,16763754
0024_c06_io_run04,c06,4,76605,2339658,4393650.5,0.5325089011973073,False,2947175
0024_c06_io_run04,c06,4,87528,95461377,4393650.5,21.727121217311208,True,96067919
0024_c06_io_run04,c06,4,94677,2434009,4393650.5,0.5539832993088549,False,3041228
0024_c06_io_run04,c06,4,98259,9477462,4393650.5,2.157081451972568,True,10084092
0024_c06_io_run04,c06,4,99493,3016678,4393650.5,0.6865994461780699,False,3623051
0026_c40_io_run05,c40,5,15517,3958813,993698.0,3.9839196617080845,True,7965337
0026_c40_io_run05,c40,5,24003,2160765,993698.0,2.1744685004900886,True,6167331
0026_c40_io_run05,c40,5,25005,74958367,993698.0,75.43375049562341,True,78964812
0026_c40_io_run05,c40,5,48525,3275492,993698.0,3.2962650624233922,True,7282119
0026_c40_io_run05,c40,5,53934,18550763,993698.0,18.668411328190256,True,22557140
0026_c40_io_run05,c40,5,63514,15488945,993698.0,15.58717537923997,True,19495661
0026_c40_io_run05,c40,5,82088,64341987,993698.0,64.75004176319163,True,68348490
0026_c40_io_run05,c40,5,87297,1656796,993698.0,1.6673033456845037,True,5663377
0026_c40_io_run05,c40,5,92529,8291891,993698.0,8.344477899724062,True,12298659
0026_c40_io_run05,c40,5,96754,17067760,993698.0,17.17600317198988,True,21073999
0029_c06_io_run05,c06,5,2542,8740836,4393650.5,1.9894245115764215,True,9348751
0029_c06_io_run05,c06,5,20607,16862858,4393650.5,3.838006231947671,True,17470289
0029_c06_io_run05,c06,5,58996,2722484,4393650.5,0.6196405471941839,False,3329213
0029_c06_io_run05,c06,5,64731,2192766,4393650.5,0.499076109945477,False,2801382
0029_c06_io_run05,c06,5,74216,3288213,4393650.5,0.7484011302218964,False,3895611
0029_c06_io_run05,c06,5,83497,20710047,4393650.5,4.713630954487618,True,21316254
0029_c06_io_run05,c06,5,89383,8154832,4393650.5,1.8560493148009838,True,8761063
0029_c06_io_run05,c06,5,95178,14115540,4393650.5,3.212713437265891,True,14721963
0030_c25_io_run05,c25,5,11877,1852419,2493645.5,0.7428557908491804,False,4359661
0030_c25_io_run05,c25,5,21617,6030237,2493645.5,2.4182414862096477,True,8537737
0030_c25_io_run05,c25,5,28672,2398249,2493645.5,0.9617441613092158,False,4905436
0030_c25_io_run05,c25,5,36031,75562641,2493645.5,30.302078222425763,True,78069054
0030_c25_io_run05,c25,5,48341,13997146,2493645.5,5.61312584326842,True,16503879
0030_c25_io_run05,c25,5,56851,47613758,2493645.5,19.094036421776874,True,50120926
0030_c25_io_run05,c25,5,58984,9790848,2493645.5,3.9263191179339647,True,12297261
0030_c25_io_run05,c25,5,60987,21350445,2493645.5,8.56194074097541,True,23856732
0030_c25_io_run05,c25,5,65917,13177583,2493645.5,5.284465253782063,True,15684603
0030_c25_io_run05,c25,5,72744,2320177,2493645.5,0.9304357816698484,False,4827143
0030_c25_io_run05,c25,5,76747,34711930,2493645.5,13.920154248067739,True,37218402
0030_c25_io_run05,c25,5,78755,2063473,2493645.5,0.8274925204885779,False,4571885
0030_c25_io_run05,c25,5,79630,2249746,2493645.5,0.9021915905849488,False,4757297
0030_c25_io_run05,c25,5,91210,67446237,2493645.5,27.047243483486326,True,69952613
0030_c25_io_run05,c25,5,96461,14412862,2493645.5,5.779835987112041,True,16919241
0030_c25_io_run05,c25,5,97666,154236603,2493645.5,61.8518562482117,True,156743421
0031_c06_io_run06,c06,6,3137,4007834,4393650.5,0.9121877127004071,False,4615292
0031_c06_io_run06,c06,6,8142,1717397,4393650.5,0.3908815687547291,False,2324080
0031_c06_io_run06,c06,6,23204,183193565,4393650.5,41.695069965169054,True,183800004
0031_c06_io_run06,c06,6,24140,16512285,4393650.5,3.7582154065281252,True,17119029
0031_c06_io_run06,c06,6,44029,59904583,4393650.5,13.634353255908726,True,60510964
0031_c06_io_run06,c06,6,65994,126172277,4393650.5,28.716958028409405,True,126778666
0031_c06_io_run06,c06,6,73970,234297738,4393650.5,53.32643959732346,True,234904125
0031_c06_io_run06,c06,6,81021,178645388,4393650.5,40.65989955277508,True,179251691
0031_c06_io_run06,c06,6,95958,128585403,4393650.5,29.2661883324584,True,129191837
0031_c06_io_run06,c06,6,98473,1399976,4393650.5,0.31863617736549593,False,2006926
0033_c40_io_run06,c40,6,110,2017445,993698.0,2.0302395697686824,True,6023654
0033_c40_io_run06,c40,6,1341,4870174,993698.0,4.901060483164906,True,8878501
0033_c40_io_run06,c40,6,1351,25524829,993698.0,25.686706625151707,True,29532204
0033_c40_io_run06,c40,6,25484,164078502,993698.0,165.1190824576481,True,168084767
0033_c40_io_run06,c40,6,32472,59470549,993698.0,59.847709263780345,True,63477521
0033_c40_io_run06,c40,6,39994,6345518,993698.0,6.385761066239441,True,10351705
0033_c40_io_run06,c40,6,42087,1371173,993698.0,1.379868934022208,True,5378816
0033_c40_io_run06,c40,6,53544,9985818,993698.0,10.049147728988084,True,13992433
0033_c40_io_run06,c40,6,56761,1651418,993698.0,1.6618912385855662,True,5657830
0033_c40_io_run06,c40,6,61676,47278607,993698.0,47.57844636901755,True,51284940
0033_c40_io_run06,c40,6,68779,203468461,993698.0,204.7588512807714,True,207475148
0033_c40_io_run06,c40,6,74918,10147410,993698.0,10.211764540131911,True,14154003
0033_c40_io_run06,c40,6,82611,124040179,993698.0,124.82683773138318,True,128046516
0033_c40_io_run06,c40,6,86639,166147932,993698.0,167.20163671457524,True,170154327
0033_c40_io_run06,c40,6,97006,3814424,993698.0,3.838614951423873,True,7820923
0035_c25_io_run06,c25,6,2575,1500005,2493645.5,0.6015309714231634,False,4007331
0035_c25_io_run06,c25,6,41349,13616254,2493645.5,5.460380795907036,True,16122523
0035_c25_io_run06,c25,6,54446,115799318,2493645.5,46.43776270524419,True,118307239
0035_c25_io_run06,c25,6,67595,1082645,2493645.5,0.4341615518324477,False,3590788
0035_c25_io_run06,c25,6,82275,13449744,2493645.5,5.393607070451674,True,15956097
0038_c40_io_run07,c40,7,23409,2400598,993698.0,2.4158225134799505,True,6406975
0038_c40_io_run07,c40,7,29663,155873180,993698.0,156.86172257567188,True,159879927
0038_c40_io_run07,c40,7,33899,8540205,993698.0,8.5943666989367,True,12547710
0038_c40_io_run07,c40,7,39614,3047939,993698.0,3.06726892878923,True,7054231
0038_c40_io_run07,c40,7,40808,254313674,993698.0,255.92652294761587,True,258320432
0038_c40_io_run07,c40,7,52032,121169253,993698.0,121.93770441321206,True,125175985
0038_c40_io_run07,c40,7,59106,203964610,993698.0,205.25814684139448,True,207970880
0038_c40_io_run07,c40,7,66272,187023863,993698.0,188.20996218166889,True,191030209
0038_c40_io_run07,c40,7,77216,119538862,993698.0,120.29697352716822,True,123545189
0038_c40_io_run07,c40,7,78937,1283400,993698.0,1.2915392805460009,True,5289523
0038_c40_io_run07,c40,7,88889,106006508,993698.0,106.67879778363245,True,110013162
0038_c40_io_run07,c40,7,96052,121654527,993698.0,122.42605600494315,True,125662197
0038_c40_io_run07,c40,7,97984,10642989,993698.0,10.710486485833725,True,14649910
0038_c40_io_run07,c40,7,99187,75986271,993698.0,76.46817342894924,True,79992441
0039_c06_io_run07,c06,7,29961,2544361,4393650.5,0.5790995437620721,False,3148428
0039_c06_io_run07,c06,7,33930,212501062,4393650.5,48.365490609687775,True,213104639
0039_c06_io_run07,c06,7,43590,2062129,4393650.5,0.46934297573282174,False,2666190
0039_c06_io_run07,c06,7,47794,1442720,4393650.5,0.3283647618307373,False,2046841
0039_c06_io_run07,c06,7,51670,127045059,4393650.5,28.915604233882508,True,127648808
0039_c06_io_run07,c06,7,57975,228135467,4393650.5,51.923899499971604,True,228739386
0039_c06_io_run07,c06,7,60138,12889614,4393650.5,2.9336912437618787,True,13493454
0039_c06_io_run07,c06,7,60343,242592552,4393650.5,55.21434897928272,True,243196573
0039_c06_io_run07,c06,7,69344,14228015,4393650.5,3.238312879005738,True,14832901
0039_c06_io_run07,c06,7,75884,11798452,4393650.5,2.685341494504399,True,12402373
0039_c06_io_run07,c06,7,82107,2415796,4393650.5,0.5498379991763114,False,3019553
0039_c06_io_run07,c06,7,83754,45924282,4393650.5,10.452420373445726,True,46528042
0039_c06_io_run07,c06,7,90769,274556827,4393650.5,62.489455408435425,True,275160511
0041_c25_io_run07,c25,7,17675,139880710,2493645.5,56.09486593022144,True,142388206
0041_c25_io_run07,c25,7,21290,7423245,2493645.5,2.9768645944261123,True,9929563
0041_c25_io_run07,c25,7,39155,5487185,2493645.5,2.200467147395249,True,7993712
0041_c25_io_run07,c25,7,45728,5616658,2493645.5,2.252388320633386,True,8123306
0041_c25_io_run07,c25,7,50048,5161900,2493645.5,2.070021580854215,True,7668295
0041_c25_io_run07,c25,7,52851,86300889,2493645.5,34.608323035491615,True,88808597
0041_c25_io_run07,c25,7,64016,10671286,2493645.5,4.2793917579704095,True,13177624
0041_c25_io_run07,c25,7,69136,13532441,2493645.5,5.426770164403882,True,16038728
0041_c25_io_run07,c25,7,94796,12084058,2493645.5,4.845940611847193,True,14590490
0041_c25_io_run07,c25,7,95998,73625287,2493645.5,29.525161856406616,True,76131590
0043_c25_io_run08,c25,8,7130,5913563,2493645.5,2.3714529591315205,True,8421138
0043_c25_io_run08,c25,8,25397,18192535,2493645.5,7.295557848940437,True,20699938
0043_c25_io_run08,c25,8,26615,263001890,2493645.5,105.46883668909635,True,265508256
0043_c25_io_run08,c25,8,34163,152322022,2493645.5,61.08407229495933,True,154828576
0043_c25_io_run08,c25,8,40225,11079837,2493645.5,4.443228598451544,True,13586733
0043_c25_io_run08,c25,8,41462,113337789,2493645.5,45.45064204194221,True,115844126
0043_c25_io_run08,c25,8,45487,1056581,2493645.5,0.42370938451355655,False,3563569
0043_c25_io_run08,c25,8,46948,13788078,2493645.5,5.529285537980439,True,16294452
0043_c25_io_run08,c25,8,48517,11562603,2493645.5,4.636827087089966,True,14068901
0043_c25_io_run08,c25,8,58249,23997526,2493645.5,9.623471339450616,True,26503968
0043_c25_io_run08,c25,8,77337,1138922,2493645.5,0.45672971559108944,False,3646328
0043_c25_io_run08,c25,8,78339,314697842,2493645.5,126.19991173564968,True,317205065
0043_c25_io_run08,c25,8,84097,11165773,2493645.5,4.477690593951706,True,13673340
0043_c25_io_run08,c25,8,85300,23099289,2493645.5,9.263260956699739,True,25605586
0043_c25_io_run08,c25,8,95914,143638583,2493645.5,57.60184557107255,True,146145003
0045_c40_io_run08,c40,8,2831,12912251,993698.0,12.994140070725713,True,16919521
0045_c40_io_run08,c40,8,2834,68022122,993698.0,68.45351605819877,True,81982748
0045_c40_io_run08,c40,8,25557,12129565,993698.0,12.206490301882463,True,16137294
0045_c40_io_run08,c40,8,54745,13635139,993698.0,13.721612602621722,True,17641169
0045_c40_io_run08,c40,8,58068,1019797,993698.0,1.02626451899873,True,5027419
0045_c40_io_run08,c40,8,61778,12060942,993698.0,12.137432097075772,True,16067093
0045_c40_io_run08,c40,8,67006,132090619,993698.0,132.92833335681465,True,136096762
0045_c40_io_run08,c40,8,75153,28741830,993698.0,28.924109739578824,True,32748744
0045_c40_io_run08,c40,8,78155,2385690,993698.0,2.400819967434774,True,6393746
0045_c40_io_run08,c40,8,79157,1882662,993698.0,1.8946017804202082,True,5890193
0045_c40_io_run08,c40,8,80158,45943756,993698.0,46.23512978792349,True,49951042
0045_c40_io_run08,c40,8,80966,2441781,993698.0,2.457266694710063,True,6448984
0045_c40_io_run08,c40,8,81968,215006894,993698.0,216.370460642972,True,219014144
0045_c40_io_run08,c40,8,83969,235713238,993698.0,237.20812359489503,True,239720799
0045_c40_io_run08,c40,8,91108,2693855,993698.0,2.7109393397189088,True,6700397
0048_c06_io_run08,c06,8,16193,4766705,4393650.5,1.084907641151703,True,5373095
0048_c06_io_run08,c06,8,20646,17695949,4393650.5,4.027618719331453,True,18302482
0048_c06_io_run08,c06,8,26410,14642502,4393650.5,3.332650605686547,True,15248912
0048_c06_io_run08,c06,8,37482,2223895,4393650.5,0.5061611068062879,False,2830319
0048_c06_io_run08,c06,8,62690,10171512,4393650.5,2.315048044900249,True,10777664
0048_c06_io_run08,c06,8,82780,11308360,4393650.5,2.5737959812688787,True,11919457
0048_c06_io_run08,c06,8,93011,1415592,4393650.5,0.32219039725622234,False,2022483
0051_c25_io_run09,c25,9,1797,2768511,2493645.5,1.1102263733958977,True,5274818
0051_c25_io_run09,c25,9,2109,92314221,2493645.5,37.01978529025076,True,94821366
0051_c25_io_run09,c25,9,2112,86992570,2493645.5,34.88570047346345,True,174357773
0051_c25_io_run09,c25,9,2129,241640070,2493645.5,96.90233435345962,True,373747915
0051_c25_io_run09,c25,9,9723,1539558,2493645.5,0.6173924882265743,False,4045949
0051_c25_io_run09,c25,9,9989,1494627,2493645.5,0.5993742895692271,False,4002083
0051_c25_io_run09,c25,9,22820,6666632,2493645.5,2.6734481705599293,True,9172935
0051_c25_io_run09,c25,9,24554,72272070,2493645.5,28.98249570758955,True,74778576
0051_c25_io_run09,c25,9,93199,8303835,2493645.5,3.3299981893978114,True,10810102
0051_c25_io_run09,c25,9,95398,65107910,2493645.5,26.109529201323927,True,67615391
0051_c25_io_run09,c25,9,96399,31961037,2493645.5,12.816993032891002,True,34467524
0051_c25_io_run09,c25,9,99409,155759027,2493645.5,62.462377671565584,True,158265211
0053_c40_io_run09,c40,9,59,2534518,993698.0,2.5505918297108376,True,6540593
0053_c40_io_run09,c40,9,5223,2218834,993698.0,2.2329057721762546,True,6225679
0053_c40_io_run09,c40,9,7352,68090771,993698.0,68.5226004278966,True,72097600
0053_c40_io_run09,c40,9,14103,3145958,993698.0,3.165909562060103,True,7152676
0053_c40_io_run09,c40,9,17334,239095550,993698.0,240.61188610624154,True,243102471
0053_c40_io_run09,c40,9,25570,9572866,993698.0,9.6335768009999,True,13579939
0053_c40_io_run09,c40,9,37415,14740235,993698.0,14.833717085070111,True,18747289
0053_c40_io_run09,c40,9,58005,9660078,993698.0,9.721341896632579,True,13666238
0053_c40_io_run09,c40,9,62222,5746308,993698.0,5.782750896147522,True,9753164
0053_c40_io_run09,c40,9,65436,9998523,993698.0,10.06193330367979,True,14004889
0054_c06_io_run09,c06,9,7622,1562174,4393650.5,0.3555526321449555,False,2168659
0054_c06_io_run09,c06,9,10346,17442540,4393650.5,3.9699425341182693,True,18049243
0054_c06_io_run09,c06,9,14978,1187778,4393650.5,0.270339664021979,False,1795549
0054_c06_io_run09,c06,9,19732,15240596,4393650.5,3.4687775006227737,True,15847087
0054_c06_io_run09,c06,9,27684,17352759,4393650.5,3.949508273359476,True,17959751
0054_c06_io_run09,c06,9,47114,2140623,4393650.5,0.4872083020713641,False,2747498
0054_c06_io_run09,c06,9,65159,149209228,4393650.5,33.96019505875581,True,149815989
0054_c06_io_run09,c06,9,82017,1090937,4393650.5,0.24829853899394136,False,1698193
0054_c06_io_run09,c06,9,83019,138432723,4393650.5,31.50744989843867,True,139039184
0055_c25_io_run10,c25,10,8680,6638532,2493645.5,2.6621795279240774,True,9144959
0055_c25_io_run10,c25,10,11928,158987562,2493645.5,63.75708255243177,True,161496171
0055_c25_io_run10,c25,10,14644,10272736,2493645.5,4.119565511617429,True,12779050
0055_c25_io_run10,c25,10,19649,175158268,2493645.5,70.2418479290661,True,177664769
0055_c25_io_run10,c25,10,22211,7611278,2493645.5,3.05226945850964,True,10117809
0055_c25_io_run10,c25,10,29582,12329323,2493645.5,4.944296613131257,True,14835834
0055_c25_io_run10,c25,10,33785,3218765,2493645.5,1.290786922198845,True,5726287
0055_c25_io_run10,c25,10,35868,2768395,2493645.5,1.110179855155835,True,5275052
0055_c25_io_run10,c25,10,40442,16324017,2493645.5,6.546246048205329,True,18830250
0055_c25_io_run10,c25,10,64109,1482829,2493645.5,0.5946430637394129,False,3990273
0055_c25_io_run10,c25,10,90454,155333627,2493645.5,62.29178405671536,True,157840042
0057_c40_io_run10,c40,10,16526,5025397,993698.0,5.057267902320423,True,9031751
0057_c40_io_run10,c40,10,20692,2455223,993698.0,2.4707939434315054,True,6461724
0057_c40_io_run10,c40,10,36960,14933996,993698.0,15.028706910952824,True,18940239
0057_c40_io_run10,c40,10,40160,28828714,993698.0,29.0115447550463,True,32835617
0057_c40_io_run10,c40,10,42161,2124877,993698.0,2.1383528999756467,True,6131041
0057_c40_io_run10,c40,10,45671,13643023,993698.0,13.729546602690153,True,17649430
0057_c40_io_run10,c40,10,46263,13589113,993698.0,13.675294707245058,True,17595299
0057_c40_io_run10,c40,10,54296,100132531,993698.0,100.76756821489023,True,104138745
0057_c40_io_run10,c40,10,63645,12859259,993698.0,12.940811997206394,True,16866234
0057_c40_io_run10,c40,10,69863,13204295,993698.0,13.288036204158608,True,17210796
0057_c40_io_run10,c40,10,74898,12406202,993698.0,12.48488172462861,True,16412980
0057_c40_io_run10,c40,10,82034,1403504,993698.0,1.4124049761597588,True,5409979
0057_c40_io_run10,c40,10,91383,1623868,993698.0,1.6341665173926083,True,5630119
0057_c40_io_run10,c40,10,98205,1369604,993698.0,1.3782899834758648,True,5375946
0059_c06_io_run10,c06,10,2613,1446756,4393650.5,0.32928336015802806,False,2054829
0059_c06_io_run10,c06,10,17584,1438667,4393650.5,0.32744229428353483,False,2045510
0059_c06_io_run10,c06,10,33630,223286337,4393650.5,50.82023183227705,True,223892667
0059_c06_io_run10,c06,10,36633,115568029,4393650.5,26.30341876305364,True,116174517
0059_c06_io_run10,c06,10,38828,14877549,4393650.5,3.386147578192667,True,15484442
0059_c06_io_run10,c06,10,39831,62074780,4393650.5,14.128292635019559,True,62681836
0059_c06_io_run10,c06,10,51686,3484775,4393650.5,0.7931388716512613,False,4093008
0059_c06_io_run10,c06,10,67709,1939236,4393650.5,0.44137238499056763,False,2546914
0059_c06_io_run10,c06,10,71397,9769563,4393650.5,2.2235639817049626,True,10376115
0059_c06_io_run10,c06,10,78451,9237727,4393650.5,2.102517485175482,True,9844097
0059_c06_io_run10,c06,10,87648,173747349,4393650.5,39.545100139394336,True,174354187
