run,level,replication,requested_block_ns,actual_block_ns,measured_c_ns,measured_slack_ns,predicted_recovery_jobs,observed_recovery_jobs,recovery_error_jobs,deadline_misses,baseline_wakeup_ns,tolerance_ns
0001_c25_b10000000ns_run01,c25,1,10000000,10003595.0,2502588.0,2497412.0,5,4,-1,4,3470.5,50000.0
0002_c25_b05000000ns_run01,c25,1,5000000,5003468.0,2502579.0,2497421.0,3,2,-1,2,3533.5,50000.0
0003_c35_b05000000ns_run01,c35,1,5000000,5003637.0,3502574.0,1497426.0,4,4,0,3,3598.5,50000.0
0004_c15_b10000000ns_run01,c15,1,10000000,10003606.0,1502593.0,3497407.0,3,3,0,2,3584.5,50000.0
0005_c15_b00000000ns_run01,c15,1,0,0.0,1502578.5,3497421.5,0,0,0,0,3572.5,50000.0
0006_c06_b20000000ns_run01,c06,1,20000000,20003640.0,602674.0,4397326.0,5,5,0,4,3553.5,50000.0
0007_c25_b20000000ns_run01,c25,1,20000000,20003380.0,2502569.0,2497431.0,9,9,0,8,3541.0,50000.0
0008_c40_b20000000ns_run01,c40,1,20000000,20003581.0,4002522.0,997478.0,21,21,0,20,3564.5,50000.0
0009_c35_b20000000ns_run01,c35,1,20000000,20003460.0,3502584.5,1497415.5,14,14,0,13,3492.0,50000.0
0010_c15_b02000000ns_run01,c15,1,2000000,2003471.0,1502598.5,3497401.5,1,1,0,0,3525.5,50000.0
0011_c15_b05000000ns_run01,c15,1,5000000,5003458.0,1502588.5,3497411.5,2,2,0,1,3547.5,50000.0
0012_c15_b20000000ns_run01,c15,1,20000000,20003521.0,1502578.5,3497421.5,6,6,0,5,3579.0,50000.0
0013_c25_b00000000ns_run01,c25,1,0,0.0,2502563.5,2497436.5,0,0,0,0,3495.0,50000.0
0014_c40_b05000000ns_run01,c40,1,5000000,5003598.0,4002552.5,997447.5,6,6,0,5,3513.5,50000.0
0015_c35_b00000000ns_run01,c35,1,0,0.0,3502545.0,1497455.0,0,0,0,0,3474.5,50000.0
0016_c06_b02000000ns_run01,c06,1,2000000,2003511.0,600010.0,4399990.0,1,1,0,0,3458.0,50000.0
0017_c35_b10000000ns_run01,c35,1,10000000,10003475.0,3502545.0,1497455.0,7,7,0,6,3520.5,50000.0
0018_c06_b05000000ns_run01,c06,1,5000000,5003587.0,602614.5,4397385.5,2,2,0,1,3537.5,50000.0
0019_c40_b00000000ns_run01,c40,1,0,0.0,4002537.5,997462.5,0,0,0,0,3510.5,50000.0
0020_c06_b00000000ns_run01,c06,1,0,0.0,602604.5,4397395.5,0,0,0,0,3528.5,50000.0
0021_c35_b02000000ns_run01,c35,1,2000000,2003401.0,3502575.0,1497425.0,2,2,0,1,3490.0,50000.0
0022_c06_b10000000ns_run01,c06,1,10000000,10003595.0,602634.0,4397366.0,3,3,0,2,3553.0,50000.0
0023_c25_b02000000ns_run01,c25,1,2000000,2003541.0,2502589.0,2497411.0,1,1,0,0,3500.0,50000.0
0024_c40_b02000000ns_run01,c40,1,2000000,2003311.0,4002527.5,997472.5,3,2,-1,2,3519.5,50000.0
0025_c40_b10000000ns_run01,c40,1,10000000,10003556.0,4002532.0,997468.0,11,11,0,10,3500.5,50000.0
0026_c40_b00000000ns_run02,c40,2,0,0.0,4002537.5,997462.5,0,0,0,0,3530.0,50000.0
0027_c25_b10000000ns_run02,c25,2,10000000,10003456.0,2502559.0,2497441.0,5,4,-1,4,3532.5,50000.0
0028_c35_b10000000ns_run02,c35,2,10000000,10003326.0,3502544.0,1497456.0,7,7,0,6,3529.5,50000.0
0029_c40_b02000000ns_run02,c40,2,2000000,2003502.0,4002543.0,997457.0,3,2,-1,2,3497.0,50000.0
0030_c06_b00000000ns_run02,c06,2,0,0.0,600009.0,4399991.0,0,0,0,0,3512.0,50000.0
0031_c35_b05000000ns_run02,c35,2,5000000,5003348.0,3502534.0,1497466.0,4,4,0,3,3524.0,50000.0
0032_c35_b02000000ns_run02,c35,2,2000000,2003481.0,3502555.0,1497445.0,2,2,0,1,3514.5,50000.0
0033_c40_b10000000ns_run02,c40,2,10000000,10003546.0,4002562.0,997438.0,11,11,0,10,3514.0,50000.0
0034_c25_b20000000ns_run02,c25,2,20000000,20003502.0,2502604.0,2497396.0,9,9,0,8,3584.5,50000.0
0035_c25_b00000000ns_run02,c25,2,0,0.0,2502589.0,2497411.0,0,0,0,0,3498.5,50000.0
0036_c35_b00000000ns_run02,c35,2,0,0.0,3502554.5,1497445.5,0,0,0,0,3514.5,50000.0
0037_c15_b05000000ns_run02,c15,2,5000000,5003568.0,1502583.0,3497417.0,2,2,0,1,3523.0,50000.0
0038_c06_b20000000ns_run02,c06,2,20000000,20003522.0,600010.0,4399990.0,5,5,0,4,3455.5,50000.0
0039_c15_b02000000ns_run02,c15,2,2000000,2003492.0,1502603.0,3497397.0,1,1,0,0,3537.0,50000.0
0040_c06_b02000000ns_run02,c06,2,2000000,2003381.0,602639.0,4397361.0,1,1,0,0,3533.5,50000.0
0041_c35_b20000000ns_run02,c35,2,20000000,20003693.0,3502545.0,1497455.0,14,14,0,13,3549.0,50000.0
0042_c06_b05000000ns_run02,c06,2,5000000,5003518.0,602669.0,4397331.0,2,2,0,1,3555.0,50000.0
0043_c25_b02000000ns_run02,c25,2,2000000,2003551.0,2502568.5,2497431.5,1,1,0,0,3605.5,50000.0
0044_c40_b20000000ns_run02,c40,2,20000000,20003432.0,4002527.5,997472.5,21,21,0,20,3523.5,50000.0
0045_c06_b10000000ns_run02,c06,2,10000000,10003466.0,600010.0,4399990.0,3,3,0,2,3467.0,50000.0
0046_c40_b05000000ns_run02,c40,2,5000000,5003378.0,4002562.0,997438.0,6,6,0,5,3529.5,50000.0
0047_c15_b10000000ns_run02,c15,2,10000000,10003627.0,1502593.0,3497407.0,3,3,0,2,3611.0,50000.0
0048_c15_b20000000ns_run02,c15,2,20000000,20003453.0,1502633.0,3497367.0,6,6,0,5,3565.0,50000.0
0049_c15_b00000000ns_run02,c15,2,0,0.0,1502588.5,3497411.5,0,0,0,0,3536.0,50000.0
0050_c25_b05000000ns_run02,c25,2,5000000,5003478.0,2502570.0,2497430.0,3,2,-1,2,3514.5,50000.0
0051_c06_b10000000ns_run03,c06,3,10000000,10003407.0,602654.5,4397345.5,3,3,0,2,3507.0,50000.0
0052_c25_b02000000ns_run03,c25,3,2000000,2003421.0,2502549.0,2497451.0,1,1,0,0,3516.0,50000.0
0053_c25_b05000000ns_run03,c25,3,5000000,5003598.0,2502579.0,2497421.0,3,2,-1,2,3532.0,50000.0
0054_c35_b05000000ns_run03,c35,3,5000000,5003619.0,3502569.5,1497430.5,4,4,0,3,3561.5,50000.0
0055_c35_b20000000ns_run03,c35,3,20000000,20003473.0,3502559.5,1497440.5,14,14,0,13,3511.0,50000.0
0056_c15_b20000000ns_run03,c15,3,20000000,20003443.0,1502563.5,3497436.5,6,6,0,5,3483.0,50000.0
0057_c06_b05000000ns_run03,c06,3,5000000,5003458.0,602654.0,4397346.0,2,2,0,1,3532.5,50000.0
0058_c35_b02000000ns_run03,c35,3,2000000,2003371.0,3502555.0,1497445.0,2,2,0,1,3488.0,50000.0
0059_c25_b20000000ns_run03,c25,3,20000000,20003453.0,2502560.0,2497440.0,9,9,0,8,3518.5,50000.0
0060_c25_b00000000ns_run03,c25,3,0,0.0,2502559.5,2497440.5,0,0,0,0,3492.5,50000.0
0061_c40_b20000000ns_run03,c40,3,20000000,20003564.0,4002567.5,997432.5,21,21,0,20,3538.5,50000.0
0062_c15_b05000000ns_run03,c15,3,5000000,5003499.0,1502574.0,3497426.0,2,2,0,1,3533.5,50000.0
0063_c35_b00000000ns_run03,c35,3,0,0.0,3502575.0,1497425.0,0,0,0,0,3541.0,50000.0
0064_c25_b10000000ns_run03,c25,3,10000000,10003558.0,2502559.5,2497440.5,5,4,-1,4,3629.0,50000.0
0065_c40_b05000000ns_run03,c40,3,5000000,5003509.0,4002532.0,997468.0,6,6,0,5,3541.5,50000.0
0066_c15_b10000000ns_run03,c15,3,10000000,10003597.0,1502578.5,3497421.5,3,3,0,2,3555.0,50000.0
0067_c06_b00000000ns_run03,c06,3,0,0.0,602589.0,4397411.0,0,0,0,0,3538.5,50000.0
0068_c35_b10000000ns_run03,c35,3,10000000,10003567.0,3502555.0,1497445.0,7,7,0,6,3523.5,50000.0
0069_c15_b02000000ns_run03,c15,3,2000000,2003371.0,1502578.5,3497421.5,1,1,0,0,3492.0,50000.0
0070_c40_b02000000ns_run03,c40,3,2000000,2003521.0,4002563.0,997437.0,3,2,-1,2,3532.5,50000.0
0071_c40_b10000000ns_run03,c40,3,10000000,10003677.0,4002513.0,997487.0,11,11,0,10,3533.0,50000.0
0072_c40_b00000000ns_run03,c40,3,0,0.0,4002563.0,997437.0,0,0,0,0,3480.5,50000.0
0073_c06_b02000000ns_run03,c06,3,2000000,2003382.0,602624.5,4397375.5,1,1,0,0,3523.0,50000.0
0074_c06_b20000000ns_run03,c06,3,20000000,20003474.0,600010.0,4399990.0,5,5,0,4,3422.5,50000.0
0075_c15_b00000000ns_run03,c15,3,0,0.0,1502578.5,3497421.5,0,0,0,0,3526.5,50000.0
0076_c25_b10000000ns_run04,c25,4,10000000,10003577.0,2502559.0,2497441.0,5,4,-1,4,3456.5,50000.0
0077_c25_b20000000ns_run04,c25,4,20000000,20003604.0,2502589.5,2497410.5,9,9,0,8,3528.0,50000.0
0078_c15_b05000000ns_run04,c15,4,5000000,5003468.0,1502598.5,3497401.5,2,2,0,1,3528.5,50000.0
0079_c15_b20000000ns_run04,c15,4,20000000,20003405.0,1502574.0,3497426.0,6,6,0,5,3497.5,50000.0
0080_c40_b00000000ns_run04,c40,4,0,0.0,4002543.5,997456.5,0,0,0,0,3523.5,50000.0
0081_c25_b02000000ns_run04,c25,4,2000000,2003701.0,2502584.0,2497416.0,1,1,0,0,3519.0,50000.0
0082_c25_b05000000ns_run04,c25,4,5000000,5003448.0,2502584.5,2497415.5,3,2,-1,2,3507.0,50000.0
0083_c06_b02000000ns_run04,c06,4,2000000,2003291.0,600010.0,4399990.0,1,1,0,0,3447.5,50000.0
0084_c40_b10000000ns_run04,c40,4,10000000,10003637.0,4002518.0,997482.0,11,11,0,10,3492.5,50000.0
0085_c35_b05000000ns_run04,c35,4,5000000,5003409.0,3502575.5,1497424.5,4,4,0,3,3504.0,50000.0
0086_c06_b10000000ns_run04,c06,4,10000000,10003387.0,602634.5,4397365.5,3,3,0,2,3523.0,50000.0
0087_c40_b05000000ns_run04,c40,4,5000000,5003629.0,4002553.0,997447.0,6,6,0,5,3490.5,50000.0
0088_c15_b10000000ns_run04,c15,4,10000000,10003618.0,1502664.0,3497336.0,3,3,0,2,3514.5,50000.0
0089_c35_b00000000ns_run04,c35,4,0,0.0,3502566.0,1497434.0,0,0,0,0,3528.5,50000.0
0090_c15_b00000000ns_run04,c15,4,0,0.0,1502614.0,3497386.0,0,0,0,0,3564.0,50000.0
0091_c06_b05000000ns_run04,c06,4,5000000,5003489.0,602604.5,4397395.5,2,2,0,1,3557.0,50000.0
0092_c40_b20000000ns_run04,c40,4,20000000,20003546.0,4002528.0,997472.0,21,21,0,20,3531.5,50000.0
0093_c35_b02000000ns_run04,c35,4,2000000,2003372.0,3502610.5,1497389.5,2,2,0,1,3503.5,50000.0
0094_c06_b20000000ns_run04,c06,4,20000000,20003465.0,600010.0,4399990.0,5,5,0,4,3470.0,50000.0
0095_c06_b00000000ns_run04,c06,4,0,0.0,602654.5,4397345.5,0,0,0,0,3560.5,50000.0
0096_c25_b00000000ns_run04,c25,4,0,0.0,2502579.0,2497421.0,0,0,0,0,3568.0,50000.0
0097_c40_b02000000ns_run04,c40,4,2000000,2003372.0,4002562.5,997437.5,3,2,-1,2,3538.0,50000.0
0098_c35_b10000000ns_run04,c35,4,10000000,10003538.0,3502585.0,1497415.0,7,7,0,6,3562.5,50000.0
0099_c35_b20000000ns_run04,c35,4,20000000,20003455.0,3502525.0,1497475.0,14,14,0,13,3545.5,50000.0
0100_c15_b02000000ns_run04,c15,4,2000000,2003482.0,1502574.0,3497426.0,1,1,0,0,3539.0,50000.0
0101_c40_b00000000ns_run05,c40,5,0,0.0,4002553.0,997447.0,0,0,0,0,3569.5,50000.0
0102_c15_b00000000ns_run05,c15,5,0,0.0,1502584.0,3497416.0,0,0,0,0,3507.5,50000.0
0103_c25_b10000000ns_run05,c25,5,10000000,10003578.0,2502589.0,2497411.0,5,4,-1,4,3548.5,50000.0
0104_c40_b20000000ns_run05,c40,5,20000000,20003586.0,4002548.5,997451.5,21,21,0,20,3554.0,50000.0
0105_c15_b20000000ns_run05,c15,5,20000000,20003476.0,1502614.0,3497386.0,6,6,0,5,3496.0,50000.0
0106_c15_b05000000ns_run05,c15,5,5000000,5003469.0,1502583.5,3497416.5,2,2,0,1,3572.0,50000.0
0107_c40_b05000000ns_run05,c40,5,5000000,5003649.0,4002528.0,997472.0,6,6,0,5,3549.5,50000.0
0108_c06_b05000000ns_run05,c06,5,5000000,5003629.0,600009.0,4399991.0,2,2,0,1,3489.0,50000.0
0109_c06_b00000000ns_run05,c06,5,0,0.0,602570.0,4397430.0,0,0,0,0,3565.0,50000.0
0110_c35_b00000000ns_run05,c35,5,0,0.0,3502585.5,1497414.5,0,0,0,0,3554.0,50000.0
0111_c25_b20000000ns_run05,c25,5,20000000,20003546.0,2502534.5,2497465.5,9,9,0,8,3502.0,50000.0
0112_c35_b20000000ns_run05,c35,5,20000000,20003606.0,3502550.0,1497450.0,14,14,0,13,3526.5,50000.0
0113_c35_b02000000ns_run05,c35,5,2000000,2003512.0,3502550.0,1497450.0,2,2,0,1,3492.0,50000.0
0114_c15_b02000000ns_run05,c15,5,2000000,2003651.0,1502574.0,3497426.0,1,1,0,0,3565.0,50000.0
0115_c25_b05000000ns_run05,c25,5,5000000,5003529.0,2502570.0,2497430.0,3,2,-1,2,3532.5,50000.0
0116_c06_b02000000ns_run05,c06,5,2000000,2003661.0,602639.5,4397360.5,1,1,0,0,3572.5,50000.0
0117_c35_b10000000ns_run05,c35,5,10000000,10003618.0,3502530.5,1497469.5,7,7,0,6,3528.0,50000.0
0118_c25_b02000000ns_run05,c25,5,2000000,2003432.0,2502564.5,2497435.5,1,1,0,0,3510.0,50000.0
0119_c25_b00000000ns_run05,c25,5,0,0.0,2502554.5,2497445.5,0,0,0,0,3510.0,50000.0
0120_c15_b10000000ns_run05,c15,5,10000000,10003548.0,1502658.5,3497341.5,3,3,0,2,3510.0,50000.0
0121_c06_b20000000ns_run05,c06,5,20000000,20003396.0,600009.0,4399991.0,5,5,0,4,3390.5,50000.0
0122_c35_b05000000ns_run05,c35,5,5000000,5003569.0,3502535.0,1497465.0,4,4,0,3,3504.0,50000.0
0123_c40_b02000000ns_run05,c40,5,2000000,2003592.0,4002568.5,997431.5,3,2,-1,2,3504.0,50000.0
0124_c40_b10000000ns_run05,c40,5,10000000,10003488.0,4002523.0,997477.0,11,11,0,10,3488.0,50000.0
0125_c06_b10000000ns_run05,c06,5,10000000,10003579.0,602620.0,4397380.0,3,3,0,2,3524.0,50000.0
0126_c35_b10000000ns_run06,c35,6,10000000,10003409.0,3502525.0,1497475.0,7,7,0,6,3500.0,50000.0
0127_c40_b20000000ns_run06,c40,6,20000000,20003646.0,4002544.0,997456.0,21,21,0,20,3554.5,50000.0
0128_c15_b00000000ns_run06,c15,6,0,0.0,1502584.0,3497416.0,0,0,0,0,3540.0,50000.0
0129_c06_b05000000ns_run06,c06,6,5000000,5003399.0,600029.0,4399971.0,2,2,0,1,3486.0,50000.0
0130_c35_b00000000ns_run06,c35,6,0,0.0,3502540.5,1497459.5,0,0,0,0,3561.0,50000.0
0131_c06_b02000000ns_run06,c06,6,2000000,2003452.0,602709.0,4397291.0,1,1,0,0,3540.5,50000.0
0132_c35_b05000000ns_run06,c35,6,5000000,5003659.0,3502585.0,1497415.0,4,4,0,3,3535.5,50000.0
0133_c35_b20000000ns_run06,c35,6,20000000,20003557.0,3502561.0,1497439.0,14,14,0,13,3506.5,50000.0
0134_c15_b20000000ns_run06,c15,6,20000000,20003396.0,1502574.0,3497426.0,6,6,0,5,3504.0,50000.0
0135_c15_b05000000ns_run06,c15,6,5000000,5003720.0,1502594.0,3497406.0,2,2,0,1,3555.5,50000.0
0136_c15_b10000000ns_run06,c15,6,10000000,10003609.0,1502603.5,3497396.5,3,3,0,2,3515.5,50000.0
0137_c15_b02000000ns_run06,c15,6,2000000,2003352.0,1502579.0,3497421.0,1,1,0,0,3550.5,50000.0
0138_c35_b02000000ns_run06,c35,6,2000000,2003572.0,3502556.0,1497444.0,2,2,0,1,3494.0,50000.0
0139_c40_b05000000ns_run06,c40,6,5000000,5003620.0,4002523.5,997476.5,6,6,0,5,3555.0,50000.0
0140_c06_b00000000ns_run06,c06,6,0,0.0,600030.0,4399970.0,0,0,0,0,3496.0,50000.0
0141_c25_b02000000ns_run06,c25,6,2000000,2003582.0,2502560.0,2497440.0,1,1,0,0,3560.5,50000.0
0142_c25_b00000000ns_run06,c25,6,0,0.0,2502564.5,2497435.5,0,0,0,0,3539.0,50000.0
0143_c40_b10000000ns_run06,c40,6,10000000,10003628.0,4002524.0,997476.0,11,11,0,10,3529.5,50000.0
0144_c06_b20000000ns_run06,c06,6,20000000,20003837.0,602630.0,4397370.0,5,5,0,4,3529.0,50000.0
0145_c25_b05000000ns_run06,c25,6,5000000,5003470.0,2502564.5,2497435.5,3,2,-1,2,3518.0,50000.0
0146_c25_b20000000ns_run06,c25,6,20000000,20003537.0,2502544.5,2497455.5,9,9,0,8,3562.0,50000.0
0147_c40_b00000000ns_run06,c40,6,0,0.0,4002548.0,997452.0,0,0,0,0,3496.5,50000.0
0148_c25_b10000000ns_run06,c25,6,10000000,10003529.0,2502564.5,2497435.5,5,4,-1,4,3552.0,50000.0
0149_c06_b10000000ns_run06,c06,6,10000000,10003518.0,600010.0,4399990.0,3,3,0,2,3493.0,50000.0
0150_c40_b02000000ns_run06,c40,6,2000000,2003341.0,4002553.5,997446.5,3,2,-1,2,3528.5,50000.0
0151_c40_b20000000ns_run07,c40,7,20000000,20003477.0,4002574.0,997426.0,21,21,0,20,3482.5,50000.0
0152_c06_b20000000ns_run07,c06,7,20000000,20003467.0,600009.0,4399991.0,5,5,0,4,3539.0,50000.0
0153_c35_b20000000ns_run07,c35,7,20000000,20003477.0,3502570.0,1497430.0,14,14,0,13,3497.0,50000.0
0154_c35_b05000000ns_run07,c35,7,5000000,5003360.0,3502546.0,1497454.0,4,4,0,3,3479.0,50000.0
0155_c35_b10000000ns_run07,c35,7,10000000,10003728.0,3502525.5,1497474.5,7,7,0,6,3550.0,50000.0
0156_c06_b05000000ns_run07,c06,7,5000000,5003339.0,602649.5,4397350.5,2,2,0,1,3535.0,50000.0
0157_c35_b00000000ns_run07,c35,7,0,0.0,3502530.5,1497469.5,0,0,0,0,3527.0,50000.0
0158_c06_b00000000ns_run07,c06,7,0,0.0,600010.0,4399990.0,0,0,0,0,3455.0,50000.0
0159_c15_b10000000ns_run07,c15,7,10000000,10003459.0,1502584.0,3497416.0,3,3,0,2,3551.5,50000.0
0160_c15_b20000000ns_run07,c15,7,20000000,20003488.0,1502573.0,3497427.0,6,6,0,5,3548.5,50000.0
0161_c25_b05000000ns_run07,c25,7,5000000,5003419.0,2502579.0,2497421.0,3,2,-1,2,3541.5,50000.0
0162_c15_b02000000ns_run07,c15,7,2000000,2003551.0,1502578.5,3497421.5,1,1,0,0,3537.0,50000.0
0163_c35_b02000000ns_run07,c35,7,2000000,2003522.0,3502541.0,1497459.0,2,2,0,1,3535.5,50000.0
0164_c25_b10000000ns_run07,c25,7,10000000,10003589.0,2502570.0,2497430.0,5,4,-1,4,3558.0,50000.0
0165_c40_b10000000ns_run07,c40,7,10000000,10003539.0,4002523.0,997477.0,11,11,0,10,3531.5,50000.0
0166_c25_b00000000ns_run07,c25,7,0,0.0,2502589.5,2497410.5,0,0,0,0,3549.5,50000.0
0167_c06_b10000000ns_run07,c06,7,10000000,10003439.0,602624.5,4397375.5,3,3,0,2,3523.0,50000.0
0168_c15_b00000000ns_run07,c15,7,0,0.0,1502583.5,3497416.5,0,0,0,0,3552.0,50000.0
0169_c40_b00000000ns_run07,c40,7,0,0.0,4002518.0,997482.0,0,0,0,0,3576.0,50000.0
0170_c15_b05000000ns_run07,c15,7,5000000,5003779.0,1502584.0,3497416.0,2,2,0,1,3540.5,50000.0
0171_c40_b02000000ns_run07,c40,7,2000000,2003352.0,4002553.5,997446.5,3,2,-1,2,3508.5,50000.0
0172_c06_b02000000ns_run07,c06,7,2000000,2003412.0,602709.0,4397291.0,1,1,0,0,3498.5,50000.0
0173_c40_b05000000ns_run07,c40,7,5000000,5003599.0,4002544.0,997456.0,6,6,0,5,3493.0,50000.0
0174_c25_b20000000ns_run07,c25,7,20000000,20003427.0,2502580.0,2497420.0,9,9,0,8,3525.5,50000.0
0175_c25_b02000000ns_run07,c25,7,2000000,2003562.0,2502560.0,2497440.0,1,1,0,0,3514.5,50000.0
0176_c35_b00000000ns_run08,c35,8,0,0.0,3502566.0,1497434.0,0,0,0,0,3473.5,50000.0
0177_c06_b02000000ns_run08,c06,8,2000000,2003692.0,602654.5,4397345.5,1,1,0,0,3514.5,50000.0
0178_c15_b02000000ns_run08,c15,8,2000000,2003391.0,1502599.0,3497401.0,1,1,0,0,3518.5,50000.0
0179_c15_b00000000ns_run08,c15,8,0,0.0,1502604.0,3497396.0,0,0,0,0,3480.5,50000.0
0180_c06_b00000000ns_run08,c06,8,0,0.0,602625.0,4397375.0,0,0,0,0,3560.0,50000.0
0181_c06_b10000000ns_run08,c06,8,10000000,10003469.0,602625.0,4397375.0,3,3,0,2,3564.5,50000.0
0182_c40_b10000000ns_run08,c40,8,10000000,10003579.0,4002554.0,997446.0,11,11,0,10,3496.0,50000.0
0183_c06_b05000000ns_run08,c06,8,5000000,5003479.0,600010.0,4399990.0,2,2,0,1,3466.5,50000.0
0184_c35_b20000000ns_run08,c35,8,20000000,20003518.0,3502570.0,1497430.0,14,14,0,13,3512.5,50000.0
0185_c25_b00000000ns_run08,c25,8,0,0.0,2502575.0,2497425.0,0,0,0,0,3539.5,50000.0
0186_c25_b10000000ns_run08,c25,8,10000000,10003589.0,2502550.0,2497450.0,5,4,-1,4,3552.0,50000.0
0187_c35_b05000000ns_run08,c35,8,5000000,5003420.0,3502555.5,1497444.5,4,4,0,3,3497.5,50000.0
0188_c25_b02000000ns_run08,c25,8,2000000,2003592.0,2502559.5,2497440.5,1,1,0,0,3467.0,50000.0
0189_c15_b05000000ns_run08,c15,8,5000000,5003460.0,1502599.0,3497401.0,2,2,0,1,3491.0,50000.0
0190_c15_b10000000ns_run08,c15,8,10000000,10003479.0,1502604.0,3497396.0,3,3,0,2,3565.5,50000.0
0191_c35_b10000000ns_run08,c35,8,10000000,10003539.0,3502550.5,1497449.5,7,7,0,6,3495.5,50000.0
0192_c40_b20000000ns_run08,c40,8,20000000,20003558.0,4002554.0,997446.0,21,21,0,20,3501.5,50000.0
0193_c25_b20000000ns_run08,c25,8,20000000,20003429.0,2502569.5,2497430.5,9,9,0,8,3533.5,50000.0
0194_c35_b02000000ns_run08,c35,8,2000000,2003582.0,3502535.5,1497464.5,2,2,0,1,3474.5,50000.0
0195_c40_b00000000ns_run08,c40,8,0,0.0,4002528.5,997471.5,0,0,0,0,3492.0,50000.0
0196_c06_b20000000ns_run08,c06,8,20000000,20003528.0,602689.5,4397310.5,5,5,0,4,3554.0,50000.0
0197_c25_b05000000ns_run08,c25,8,5000000,5003460.0,2502599.5,2497400.5,3,2,-1,2,3546.0,50000.0
0198_c15_b20000000ns_run08,c15,8,20000000,20003448.0,1502584.0,3497416.0,6,6,0,5,3526.5,50000.0
0199_c40_b02000000ns_run08,c40,8,2000000,2003572.0,4002519.0,997481.0,3,2,-1,2,3524.0,50000.0
0200_c40_b05000000ns_run08,c40,8,5000000,5003620.0,4002583.5,997416.5,6,6,0,5,3552.0,50000.0
0201_c06_b00000000ns_run09,c06,9,0,0.0,602584.5,4397415.5,0,0,0,0,3559.5,50000.0
0202_c06_b02000000ns_run09,c06,9,2000000,2003441.0,602584.5,4397415.5,1,1,0,0,3563.5,50000.0
0203_c35_b20000000ns_run09,c35,9,20000000,20003669.0,3502556.0,1497444.0,14,14,0,13,3528.0,50000.0
0204_c40_b02000000ns_run09,c40,9,2000000,2003572.0,4002553.0,997447.0,3,2,-1,2,3549.5,50000.0
0205_c06_b10000000ns_run09,c06,9,10000000,10003549.0,600029.0,4399971.0,3,3,0,2,3479.0,50000.0
0206_c35_b00000000ns_run09,c35,9,0,0.0,3502560.5,1497439.5,0,0,0,0,3526.5,50000.0
0207_c06_b05000000ns_run09,c06,9,5000000,5003540.0,602609.0,4397391.0,2,2,0,1,3548.0,50000.0
0208_c40_b10000000ns_run09,c40,9,10000000,10003919.0,4002548.5,997451.5,11,11,0,10,3481.5,50000.0
0209_c06_b20000000ns_run09,c06,9,20000000,20003419.0,602634.0,4397366.0,5,5,0,4,3532.0,50000.0
0210_c35_b10000000ns_run09,c35,9,10000000,10003540.0,3502526.0,1497474.0,7,7,0,6,3528.0,50000.0
0211_c40_b00000000ns_run09,c40,9,0,0.0,4002548.5,997451.5,0,0,0,0,3547.5,50000.0
0212_c25_b05000000ns_run09,c25,9,5000000,5003530.0,2502559.5,2497440.5,3,2,-1,2,3555.0,50000.0
0213_c40_b20000000ns_run09,c40,9,20000000,20003678.0,4002564.0,997436.0,21,21,0,20,3504.0,50000.0
0214_c25_b00000000ns_run09,c25,9,0,0.0,2502569.5,2497430.5,0,0,0,0,3552.5,50000.0
0215_c15_b00000000ns_run09,c15,9,0,0.0,1502584.0,3497416.0,0,0,0,0,3540.5,50000.0
0216_c25_b20000000ns_run09,c25,9,20000000,20003598.0,2502574.5,2497425.5,9,9,0,8,3567.0,50000.0
0217_c25_b10000000ns_run09,c25,9,10000000,10003309.0,2502590.0,2497410.0,5,4,-1,4,3489.0,50000.0
0218_c15_b10000000ns_run09,c15,9,10000000,10003499.0,1502703.5,3497296.5,3,3,0,2,3522.0,50000.0
0219_c35_b02000000ns_run09,c35,9,2000000,2003601.0,3502556.0,1497444.0,2,2,0,1,3508.5,50000.0
0220_c15_b05000000ns_run09,c15,9,5000000,5003380.0,1502564.0,3497436.0,2,2,0,1,3539.0,50000.0
0221_c35_b05000000ns_run09,c35,9,5000000,5003430.0,3502565.5,1497434.5,4,4,0,3,3526.5,50000.0
0222_c15_b02000000ns_run09,c15,9,2000000,2003443.0,1502624.0,3497376.0,1,1,0,0,3536.5,50000.0
0223_c25_b02000000ns_run09,c25,9,2000000,2003462.0,2502559.5,2497440.5,1,1,0,0,3586.5,50000.0
0224_c40_b05000000ns_run09,c40,9,5000000,5003480.0,4002538.5,997461.5,6,6,0,5,3501.5,50000.0
0225_c15_b20000000ns_run09,c15,9,20000000,20003528.0,1502634.0,3497366.0,6,6,0,5,3474.0,50000.0
0226_c25_b10000000ns_run10,c25,10,10000000,10003544.0,2502574.0,2497426.0,5,4,-1,4,3491.5,50000.0
0227_c35_b10000000ns_run10,c35,10,10000000,10003535.0,3502575.5,1497424.5,7,7,0,6,3510.0,50000.0
0228_c35_b20000000ns_run10,c35,10,20000000,20003409.0,3502595.0,1497405.0,14,14,0,13,3528.0,50000.0
0229_c06_b02000000ns_run10,c06,10,2000000,2003492.0,600013.0,4399987.0,1,1,0,0,3477.0,50000.0
0230_c40_b10000000ns_run10,c40,10,10000000,10003544.0,4002560.5,997439.5,11,11,0,10,3479.0,50000.0
0231_c40_b20000000ns_run10,c40,10,20000000,20003697.0,4002585.0,997415.0,21,21,0,20,3541.5,50000.0
0232_c40_b00000000ns_run10,c40,10,0,0.0,4002585.0,997415.0,0,0,0,0,3528.0,50000.0
0233_c25_b00000000ns_run10,c25,10,0,0.0,2502584.0,2497416.0,0,0,0,0,3496.0,50000.0
0234_c15_b10000000ns_run10,c15,10,10000000,10003382.0,1500002.0,3499998.0,3,3,0,2,5513.5,50000.0
0235_c06_b05000000ns_run10,c06,10,5000000,5003396.0,602683.0,4397317.0,2,2,0,1,3506.5,50000.0
0236_c06_b10000000ns_run10,c06,10,10000000,10003581.0,600013.0,4399987.0,3,3,0,2,3405.0,50000.0
0237_c35_b00000000ns_run10,c35,10,0,0.0,3502554.0,1497446.0,0,0,0,0,3537.0,50000.0
0238_c06_b00000000ns_run10,c06,10,0,0.0,600027.5,4399972.5,0,0,0,0,3451.5,50000.0
0239_c25_b05000000ns_run10,c25,10,5000000,5003615.0,2502592.5,2497407.5,3,2,-1,2,3564.5,50000.0
0240_c15_b02000000ns_run10,c15,10,2000000,2003632.0,1502582.0,3497418.0,1,1,0,0,3541.0,50000.0
0241_c15_b05000000ns_run10,c15,10,5000000,5003455.0,1502571.0,3497429.0,2,2,0,1,3510.0,50000.0
0242_c35_b02000000ns_run10,c35,10,2000000,2003542.0,3502563.0,1497437.0,2,2,0,1,3485.5,50000.0
0243_c06_b20000000ns_run10,c06,10,20000000,20003549.0,600012.5,4399987.5,5,5,0,4,3426.5,50000.0
0244_c25_b20000000ns_run10,c25,10,20000000,20003458.0,2502612.0,2497388.0,9,9,0,8,3556.0,50000.0
0245_c15_b00000000ns_run10,c15,10,0,0.0,1502656.0,3497344.0,0,0,0,0,3512.0,50000.0
0246_c40_b02000000ns_run10,c40,10,2000000,2003532.0,4002589.0,997411.0,3,2,-1,2,3495.0,50000.0
0247_c40_b05000000ns_run10,c40,10,5000000,5003384.0,4002583.0,997417.0,6,6,0,5,3563.5,50000.0
0248_c35_b05000000ns_run10,c35,10,5000000,5004214.0,3502578.0,1497422.0,4,4,0,3,3516.5,50000.0
0249_c15_b20000000ns_run10,c15,10,20000000,20003485.0,1502621.0,3497379.0,6,6,0,5,3545.5,50000.0
0250_c25_b02000000ns_run10,c25,10,2000000,2003582.0,2502581.0,2497419.0,1,1,0,0,3540.0,50000.0
