run,rows,first_job,last_job,cpu_unique,cpu,accepted,dropped,delivery_errors,artifacts_complete,valid,state,source_sha256,binary_sha256,git_commit
0001_c06_io_run01,100000,0,99999,1,3,100000,0,0,True,True,completed,b9f64037c63540de421a8b39449a1f21fbf1043280ac8f12a3496511b4576cb2,936b198629ee8520b1a9a7c52af4c70b956e5910a71eea00584e8a7ff8f5bd4e,a346e3a40de8c933593dfbb10697d27167e2d2c5
0002_c25_io_run01,100000,0,99999,1,3,100000,0,0,True,True,completed,b9f64037c63540de421a8b39449a1f21fbf1043280ac8f12a3496511b4576cb2,936b198629ee8520b1a9a7c52af4c70b956e5910a71eea00584e8a7ff8f5bd4e,a346e3a40de8c933593dfbb10697d27167e2d2c5
0003_c40_control_run01,100000,0,99999,1,3,100000,0,0,True,True,completed,b9f64037c63540de421a8b39449a1f21fbf1043280ac8f12a3496511b4576cb2,936b198629ee8520b1a9a7c52af4c70b956e5910a71eea00584e8a7ff8f5bd4e,a346e3a40de8c933593dfbb10697d27167e2d2c5
0004_c06_control_run01,100000,0,99999,1,3,100000,0,0,True,True,completed,b9f64037c63540de421a8b39449a1f21fbf1043280ac8f12a3496511b4576cb2,936b198629ee8520b1a9a7c52af4c70b956e5910a71eea00584e8a7ff8f5bd4e,a346e3a40de8c933593dfbb10697d27167e2d2c5
0005_c25_control_run01,100000,0,99999,1,3,100000,0,0,True,True,completed,b9f64037c63540de421a8b39449a1f21fbf1043280ac8f12a3496511b4576cb2,936b198629ee8520b1a9a7c52af4c70b956e5910a71eea00584e8a7ff8f5bd4e,a346e3a40de8c933593dfbb10697d27167e2d2c5
0006_c40_io_run01,100000,0,99999,1,3,100000,0,0,True,True,completed,b9f64037c63540de421a8b39449a1f21fbf1043280ac8f12a3496511b4576cb2,936b198629ee8520b1a9a7c52af4c70b956e5910a71eea00584e8a7ff8f5bd4e,a346e3a40de8c933593dfbb10697d27167e2d2c5
0007_c25_control_run02,100000,0,99999,1,3,100000,0,0,True,True,completed,b9f64037c63540de421a8b39449a1f21fbf1043280ac8f12a3496511b4576cb2,936b198629ee8520b1a9a7c52af4c70b956e5910a71eea00584e8a7ff8f5bd4e,a346e3a40de8c933593dfbb10697d27167e2d2c5
0008_c06_io_run02,100000,0,99999,1,3,100000,0,0,True,True,completed,b9f64037c63540de421a8b39449a1f21fbf1043280ac8f12a3496511b4576cb2,936b198629ee8520b1a9a7c52af4c70b956e5910a71eea00584e8a7ff8f5bd4e,a346e3a40de8c933593dfbb10697d27167e2d2c5
0009_c25_io_run02,100000,0,99999,1,3,100000,0,0,True,True,completed,b9f64037c63540de421a8b39449a1f21fbf1043280ac8f12a3496511b4576cb2,936b198629ee8520b1a9a7c52af4c70b956e5910a71eea00584e8a7ff8f5bd4e,a346e3a40de8c933593dfbb10697d27167e2d2c5
0010_c40_io_run02,100000,0,99999,1,3,100000,0,0,True,True,completed,b9f64037c63540de421a8b39449a1f21fbf1043280ac8f12a3496511b4576cb2,936b198629ee8520b1a9a7c52af4c70b956e5910a71eea00584e8a7ff8f5bd4e,a346e3a40de8c933593dfbb10697d27167e2d2c5
0011_c06_control_run02,100000,0,99999,1,3,100000,0,0,True,True,completed,b9f64037c63540de421a8b39449a1f21fbf1043280ac8f12a3496511b4576cb2,936b198629ee8520b1a9a7c52af4c70b956e5910a71eea00584e8a7ff8f5bd4e,a346e3a40de8c933593dfbb10697d27167e2d2c5
0012_c40_control_run02,100000,0,99999,1,3,100000,0,0,True,True,completed,b9f64037c63540de421a8b39449a1f21fbf1043280ac8f12a3496511b4576cb2,936b198629ee8520b1a9a7c52af4c70b956e5910a71eea00584e8a7ff8f5bd4e,a346e3a40de8c933593dfbb10697d27167e2d2c5
0013_c06_io_run03,100000,0,99999,1,3,100000,0,0,True,True,completed,b9f64037c63540de421a8b39449a1f21fbf1043280ac8f12a3496511b4576cb2,936b198629ee8520b1a9a7c52af4c70b956e5910a71eea00584e8a7ff8f5bd4e,a346e3a40de8c933593dfbb10697d27167e2d2c5
0014_c40_control_run03,100000,0,99999,1,3,100000,0,0,True,True,completed,b9f64037c63540de421a8b39449a1f21fbf1043280ac8f12a3496511b4576cb2,936b198629ee8520b1a9a7c52af4c70b956e5910a71eea00584e8a7ff8f5bd4e,a346e3a40de8c933593dfbb10697d27167e2d2c5
0015_c25_control_run03,100000,0,99999,1,3,100000,0,0,True,True,completed,b9f64037c63540de421a8b39449a1f21fbf1043280ac8f12a3496511b4576cb2,936b198629ee8520b1a9a7c52af4c70b956e5910a71eea00584e8a7ff8f5bd4e,a346e3a40de8c933593dfbb10697d27167e2d2c5
0016_c06_control_run03,100000,0,99999,1,3,100000,0,0,True,True,completed,b9f64037c63540de421a8b39449a1f21fbf1043280ac8f12a3496511b4576cb2,936b198629ee8520b1a9a7c52af4c70b956e5910a71eea00584e8a7ff8f5bd4e,a346e3a40de8c933593dfbb10697d27167e2d2c5
0017_c25_io_run03,100000,0,99999,1,3,100000,0,0,True,True,completed,b9f64037c63540de421a8b39449a1f21fbf1043280ac8f12a3496511b4576cb2,936b198629ee8520b1a9a7c52af4c70b956e5910a71eea00584e8a7ff8f5bd4e,a346e3a40de8c933593dfbb10697d27167e2d2c5
0018_c40_io_run03,100000,0,99999,1,3,100000,0,0,True,True,completed,b9f64037c63540de421a8b39449a1f21fbf1043280ac8f12a3496511b4576cb2,936b198629ee8520b1a9a7c52af4c70b956e5910a71eea00584e8a7ff8f5bd4e,a346e3a40de8c933593dfbb10697d27167e2d2c5
0019_c40_io_run04,100000,0,99999,1,3,100000,0,0,True,True,completed,b9f64037c63540de421a8b39449a1f21fbf1043280ac8f12a3496511b4576cb2,936b198629ee8520b1a9a7c52af4c70b956e5910a71eea00584e8a7ff8f5bd4e,a346e3a40de8c933593dfbb10697d27167e2d2c5
0020_c25_io_run04,100000,0,99999,1,3,100000,0,0,True,True,completed,b9f64037c63540de421a8b39449a1f21fbf1043280ac8f12a3496511b4576cb2,936b198629ee8520b1a9a7c52af4c70b956e5910a71eea00584e8a7ff8f5bd4e,a346e3a40de8c933593dfbb10697d27167e2d2c5
0021_c25_control_run04,100000,0,99999,1,3,100000,0,0,True,True,completed,b9f64037c63540de421a8b39449a1f21fbf1043280ac8f12a3496511b4576cb2,936b198629ee8520b1a9a7c52af4c70b956e5910a71eea00584e8a7ff8f5bd4e,a346e3a40de8c933593dfbb10697d27167e2d2c5
0022_c06_control_run04,100000,0,99999,1,3,100000,0,0,True,True,completed,b9f64037c63540de421a8b39449a1f21fbf1043280ac8f12a3496511b4576cb2,936b198629ee8520b1a9a7c52af4c70b956e5910a71eea00584e8a7ff8f5bd4e,a346e3a40de8c933593dfbb10697d27167e2d2c5
0023_c40_control_run04,100000,0,99999,1,3,100000,0,0,True,True,completed,b9f64037c63540de421a8b39449a1f21fbf1043280ac8f12a3496511b4576cb2,936b198629ee8520b1a9a7c52af4c70b956e5910a71eea00584e8a7ff8f5bd4e,a346e3a40de8c933593dfbb10697d27167e2d2c5
0024_c06_io_run04,100000,0,99999,1,3,100000,0,0,True,True,completed,b9f64037c63540de421a8b39449a1f21fbf1043280ac8f12a3496511b4576cb2,936b198629ee8520b1a9a7c52af4c70b956e5910a71eea00584e8a7ff8f5bd4e,a346e3a40de8c933593dfbb10697d27167e2d2c5
0025_c06_control_run05,100000,0,99999,1,3,100000,0,0,True,True,completed,b9f64037c63540de421a8b39449a1f21fbf1043280ac8f12a3496511b4576cb2,936b198629ee8520b1a9a7c52af4c70b956e5910a71eea00584e8a7ff8f5bd4e,a346e3a40de8c933593dfbb10697d27167e2d2c5
0026_c40_io_run05,100000,0,99999,1,3,100000,0,0,True,True,completed,b9f64037c63540de421a8b39449a1f21fbf1043280ac8f12a3496511b4576cb2,936b198629ee8520b1a9a7c52af4c70b956e5910a71eea00584e8a7ff8f5bd4e,a346e3a40de8c933593dfbb10697d27167e2d2c5
0027_c40_control_run05,100000,0,99999,1,3,100000,0,0,True,True,completed,b9f64037c63540de421a8b39449a1f21fbf1043280ac8f12a3496511b4576cb2,936b198629ee8520b1a9a7c52af4c70b956e5910a71eea00584e8a7ff8f5bd4e,a346e3a40de8c933593dfbb10697d27167e2d2c5
0028_c25_control_run05,100000,0,99999,1,3,100000,0,0,True,True,completed,b9f64037c63540de421a8b39449a1f21fbf1043280ac8f12a3496511b4576cb2,936b198629ee8520b1a9a7c52af4c70b956e5910a71eea00584e8a7ff8f5bd4e,a346e3a40de8c933593dfbb10697d27167e2d2c5
0029_c06_io_run05,100000,0,99999,1,3,100000,0,0,True,True,completed,b9f64037c63540de421a8b39449a1f21fbf1043280ac8f12a3496511b4576cb2,936b198629ee8520b1a9a7c52af4c70b956e5910a71eea00584e8a7ff8f5bd4e,a346e3a40de8c933593dfbb10697d27167e2d2c5
0030_c25_io_run05,100000,0,99999,1,3,100000,0,0,True,True,completed,b9f64037c63540de421a8b39449a1f21fbf1043280ac8f12a3496511b4576cb2,936b198629ee8520b1a9a7c52af4c70b956e5910a71eea00584e8a7ff8f5bd4e,a346e3a40de8c933593dfbb10697d27167e2d2c5
0031_c06_io_run06,100000,0,99999,1,3,100000,0,0,True,True,completed,b9f64037c63540de421a8b39449a1f21fbf1043280ac8f12a3496511b4576cb2,936b198629ee8520b1a9a7c52af4c70b956e5910a71eea00584e8a7ff8f5bd4e,a346e3a40de8c933593dfbb10697d27167e2d2c5
0032_c40_control_run06,100000,0,99999,1,3,100000,0,0,True,True,completed,b9f64037c63540de421a8b39449a1f21fbf1043280ac8f12a3496511b4576cb2,936b198629ee8520b1a9a7c52af4c70b956e5910a71eea00584e8a7ff8f5bd4e,a346e3a40de8c933593dfbb10697d27167e2d2c5
0033_c40_io_run06,100000,0,99999,1,3,100000,0,0,True,True,completed,b9f64037c63540de421a8b39449a1f21fbf1043280ac8f12a3496511b4576cb2,936b198629ee8520b1a9a7c52af4c70b956e5910a71eea00584e8a7ff8f5bd4e,a346e3a40de8c933593dfbb10697d27167e2d2c5
0034_c25_control_run06,100000,0,99999,1,3,100000,0,0,True,True,completed,b9f64037c63540de421a8b39449a1f21fbf1043280ac8f12a3496511b4576cb2,936b198629ee8520b1a9a7c52af4c70b956e5910a71eea00584e8a7ff8f5bd4e,a346e3a40de8c933593dfbb10697d27167e2d2c5
0035_c25_io_run06,100000,0,99999,1,3,100000,0,0,True,True,completed,b9f64037c63540de421a8b39449a1f21fbf1043280ac8f12a3496511b4576cb2,936b198629ee8520b1a9a7c52af4c70b956e5910a71eea00584e8a7ff8f5bd4e,a346e3a40de8c933593dfbb10697d27167e2d2c5
0036_c06_control_run06,100000,0,99999,1,3,100000,0,0,True,True,completed,b9f64037c63540de421a8b39449a1f21fbf1043280ac8f12a3496511b4576cb2,936b198629ee8520b1a9a7c52af4c70b956e5910a71eea00584e8a7ff8f5bd4e,a346e3a40de8c933593dfbb10697d27167e2d2c5
0037_c40_control_run07,100000,0,99999,1,3,100000,0,0,True,True,completed,b9f64037c63540de421a8b39449a1f21fbf1043280ac8f12a3496511b4576cb2,936b198629ee8520b1a9a7c52af4c70b956e5910a71eea00584e8a7ff8f5bd4e,a346e3a40de8c933593dfbb10697d27167e2d2c5
0038_c40_io_run07,100000,0,99999,1,3,100000,0,0,True,True,completed,b9f64037c63540de421a8b39449a1f21fbf1043280ac8f12a3496511b4576cb2,936b198629ee8520b1a9a7c52af4c70b956e5910a71eea00584e8a7ff8f5bd4e,a346e3a40de8c933593dfbb10697d27167e2d2c5
0039_c06_io_run07,100000,0,99999,1,3,100000,0,0,True,True,completed,b9f64037c63540de421a8b39449a1f21fbf1043280ac8f12a3496511b4576cb2,936b198629ee8520b1a9a7c52af4c70b956e5910a71eea00584e8a7ff8f5bd4e,a346e3a40de8c933593dfbb10697d27167e2d2c5
0040_c25_control_run07,100000,0,99999,1,3,100000,0,0,True,True,completed,b9f64037c63540de421a8b39449a1f21fbf1043280ac8f12a3496511b4576cb2,936b198629ee8520b1a9a7c52af4c70b956e5910a71eea00584e8a7ff8f5bd4e,a346e3a40de8c933593dfbb10697d27167e2d2c5
0041_c25_io_run07,100000,0,99999,1,3,100000,0,0,True,True,completed,b9f64037c63540de421a8b39449a1f21fbf1043280ac8f12a3496511b4576cb2,936b198629ee8520b1a9a7c52af4c70b956e5910a71eea00584e8a7ff8f5bd4e,a346e3a40de8c933593dfbb10697d27167e2d2c5
0042_c06_control_run07,100000,0,99999,1,3,100000,0,0,True,True,completed,b9f64037c63540de421a8b39449a1f21fbf1043280ac8f12a3496511b4576cb2,936b198629ee8520b1a9a7c52af4c70b956e5910a71eea00584e8a7ff8f5bd4e,a346e3a40de8c933593dfbb10697d27167e2d2c5
0043_c25_io_run08,100000,0,99999,1,3,100000,0,0,True,True,completed,b9f64037c63540de421a8b39449a1f21fbf1043280ac8f12a3496511b4576cb2,936b198629ee8520b1a9a7c52af4c70b956e5910a71eea00584e8a7ff8f5bd4e,a346e3a40de8c933593dfbb10697d27167e2d2c5
0044_c40_control_run08,100000,0,99999,1,3,100000,0,0,True,True,completed,b9f64037c63540de421a8b39449a1f21fbf1043280ac8f12a3496511b4576cb2,936b198629ee8520b1a9a7c52af4c70b956e5910a71eea00584e8a7ff8f5bd4e,a346e3a40de8c933593dfbb10697d27167e2d2c5
0045_c40_io_run08,100000,0,99999,1,3,100000,0,0,True,True,completed,b9f64037c63540de421a8b39449a1f21fbf1043280ac8f12a3496511b4576cb2,936b198629ee8520b1a9a7c52af4c70b956e5910a71eea00584e8a7ff8f5bd4e,a346e3a40de8c933593dfbb10697d27167e2d2c5
0046_c25_control_run08,100000,0,99999,1,3,100000,0,0,True,True,completed,b9f64037c63540de421a8b39449a1f21fbf1043280ac8f12a3496511b4576cb2,936b198629ee8520b1a9a7c52af4c70b956e5910a71eea00584e8a7ff8f5bd4e,a346e3a40de8c933593dfbb10697d27167e2d2c5
0047_c06_control_run08,100000,0,99999,1,3,100000,0,0,True,True,completed,b9f64037c63540de421a8b39449a1f21fbf1043280ac8f12a3496511b4576cb2,936b198629ee8520b1a9a7c52af4c70b956e5910a71eea00584e8a7ff8f5bd4e,a346e3a40de8c933593dfbb10697d27167e2d2c5
0048_c06_io_run08,100000,0,99999,1,3,100000,0,0,True,True,completed,b9f64037c63540de421a8b39449a1f21fbf1043280ac8f12a3496511b4576cb2,936b198629ee8520b1a9a7c52af4c70b956e5910a71eea00584e8a7ff8f5bd4e,a346e3a40de8c933593dfbb10697d27167e2d2c5
0049_c40_control_run09,100000,0,99999,1,3,100000,0,0,True,True,completed,b9f64037c63540de421a8b39449a1f21fbf1043280ac8f12a3496511b4576cb2,936b198629ee8520b1a9a7c52af4c70b956e5910a71eea00584e8a7ff8f5bd4e,a346e3a40de8c933593dfbb10697d27167e2d2c5
0050_c25_control_run09,100000,0,99999,1,3,100000,0,0,True,True,completed,b9f64037c63540de421a8b39449a1f21fbf1043280ac8f12a3496511b4576cb2,936b198629ee8520b1a9a7c52af4c70b956e5910a71eea00584e8a7ff8f5bd4e,a346e3a40de8c933593dfbb10697d27167e2d2c5
0051_c25_io_run09,100000,0,99999,1,3,100000,0,0,True,True,completed,b9f64037c63540de421a8b39449a1f21fbf1043280ac8f12a3496511b4576cb2,936b198629ee8520b1a9a7c52af4c70b956e5910a71eea00584e8a7ff8f5bd4e,a346e3a40de8c933593dfbb10697d27167e2d2c5
0052_c06_control_run09,100000,0,99999,1,3,100000,0,0,True,True,completed,b9f64037c63540de421a8b39449a1f21fbf1043280ac8f12a3496511b4576cb2,936b198629ee8520b1a9a7c52af4c70b956e5910a71eea00584e8a7ff8f5bd4e,a346e3a40de8c933593dfbb10697d27167e2d2c5
0053_c40_io_run09,100000,0,99999,1,3,100000,0,0,True,True,completed,b9f64037c63540de421a8b39449a1f21fbf1043280ac8f12a3496511b4576cb2,936b198629ee8520b1a9a7c52af4c70b956e5910a71eea00584e8a7ff8f5bd4e,a346e3a40de8c933593dfbb10697d27167e2d2c5
0054_c06_io_run09,100000,0,99999,1,3,100000,0,0,True,True,completed,b9f64037c63540de421a8b39449a1f21fbf1043280ac8f12a3496511b4576cb2,936b198629ee8520b1a9a7c52af4c70b956e5910a71eea00584e8a7ff8f5bd4e,a346e3a40de8c933593dfbb10697d27167e2d2c5
0055_c25_io_run10,100000,0,99999,1,3,100000,0,0,True,True,completed,b9f64037c63540de421a8b39449a1f21fbf1043280ac8f12a3496511b4576cb2,936b198629ee8520b1a9a7c52af4c70b956e5910a71eea00584e8a7ff8f5bd4e,a346e3a40de8c933593dfbb10697d27167e2d2c5
0056_c25_control_run10,100000,0,99999,1,3,100000,0,0,True,True,completed,b9f64037c63540de421a8b39449a1f21fbf1043280ac8f12a3496511b4576cb2,936b198629ee8520b1a9a7c52af4c70b956e5910a71eea00584e8a7ff8f5bd4e,a346e3a40de8c933593dfbb10697d27167e2d2c5
0057_c40_io_run10,100000,0,99999,1,3,100000,0,0,True,True,completed,b9f64037c63540de421a8b39449a1f21fbf1043280ac8f12a3496511b4576cb2,936b198629ee8520b1a9a7c52af4c70b956e5910a71eea00584e8a7ff8f5bd4e,a346e3a40de8c933593dfbb10697d27167e2d2c5
0058_c40_control_run10,100000,0,99999,1,3,100000,0,0,True,True,completed,b9f64037c63540de421a8b39449a1f21fbf1043280ac8f12a3496511b4576cb2,936b198629ee8520b1a9a7c52af4c70b956e5910a71eea00584e8a7ff8f5bd4e,a346e3a40de8c933593dfbb10697d27167e2d2c5
0059_c06_io_run10,100000,0,99999,1,3,100000,0,0,True,True,completed,b9f64037c63540de421a8b39449a1f21fbf1043280ac8f12a3496511b4576cb2,936b198629ee8520b1a9a7c52af4c70b956e5910a71eea00584e8a7ff8f5bd4e,a346e3a40de8c933593dfbb10697d27167e2d2c5
0060_c06_control_run10,100000,0,99999,1,3,100000,0,0,True,True,completed,b9f64037c63540de421a8b39449a1f21fbf1043280ac8f12a3496511b4576cb2,936b198629ee8520b1a9a7c52af4c70b956e5910a71eea00584e8a7ff8f5bd4e,a346e3a40de8c933593dfbb10697d27167e2d2c5
