condition,environment,run,file,n,mean_ns,std_ns,min_ns,median_ns,p90_ns,p95_ns,p99_ns,max_ns,miss_rate,inter_release_median_ns
cfs_pinned,container,docker_cpu3-baseline_cfs-run1,/home/ghost/hmm_evt/results/derived/cfs_pinned/container/docker_cpu3-baseline_cfs-run1.csv,100001,1201330.3766662334,147522.98130588207,634458,1322641.0,1323381.0,1323885.0,1325767.0,1540652,0.0,5000000.0
cfs_pinned,container,docker_cpu3-baseline_cfs-run10,/home/ghost/hmm_evt/results/derived/cfs_pinned/container/docker_cpu3-baseline_cfs-run10.csv,100001,1081315.4938250617,133840.79880594567,630297,996744.0,1292923.0,1293140.0,1295232.0,1332932,0.0,5000000.0
cfs_pinned,container,docker_cpu3-baseline_cfs-run2,/home/ghost/hmm_evt/results/derived/cfs_pinned/container/docker_cpu3-baseline_cfs-run2.csv,100001,1069472.6788132119,127382.73997312158,629944,997701.0,1293963.0,1294267.0,1296516.0,1320988,0.0,5000000.0
cfs_pinned,container,docker_cpu3-baseline_cfs-run3,/home/ghost/hmm_evt/results/derived/cfs_pinned/container/docker_cpu3-baseline_cfs-run3.csv,100001,1055340.5442745571,126812.47518717597,620670,981542.0,1273083.0,1273260.0,1275566.0,1294311,0.0,5000000.0
cfs_pinned,container,docker_cpu3-baseline_cfs-run4,/home/ghost/hmm_evt/results/derived/cfs_pinned/container/docker_cpu3-baseline_cfs-run4.csv,100001,1053681.7538724614,112893.03914971637,607288,1003081.0,1302487.0,1302824.0,1304828.0,1371630,0.0,5000000.0
cfs_pinned,container,docker_cpu3-baseline_cfs-run5,/home/ghost/hmm_evt/results/derived/cfs_pinned/container/docker_cpu3-baseline_cfs-run5.csv,100001,1034147.3111568884,109697.8613353203,626431,984746.0,1277074.0,1277345.0,1279130.0,1295383,0.0,5000000.0
cfs_pinned,container,docker_cpu3-baseline_cfs-run6,/home/ghost/hmm_evt/results/derived/cfs_pinned/container/docker_cpu3-baseline_cfs-run6.csv,100001,1086553.4082859172,129373.47503603793,626743,1012796.0,1309989.0,1310286.0,1312191.0,1329790,0.0,5000000.0
cfs_pinned,container,docker_cpu3-baseline_cfs-run7,/home/ghost/hmm_evt/results/derived/cfs_pinned/container/docker_cpu3-baseline_cfs-run7.csv,100001,1034515.0110598895,105995.4996476053,620451,990905.0,1285038.0,1285376.0,1286750.0,1298747,0.0,5000000.0
cfs_pinned,container,docker_cpu3-baseline_cfs-run8,/home/ghost/hmm_evt/results/derived/cfs_pinned/container/docker_cpu3-baseline_cfs-run8.csv,100001,1090977.0063699363,139133.31473008322,624393,993582.0,1284953.0,1285122.0,1287287.0,1394927,0.0,5000000.0
cfs_pinned,container,docker_cpu3-baseline_cfs-run9,/home/ghost/hmm_evt/results/derived/cfs_pinned/container/docker_cpu3-baseline_cfs-run9.csv,100001,1121200.67799322,142460.1360101564,634952,1018032.0,1316871.0,1317187.0,1319171.0,1342364,0.0,5000000.0
cfs_pinned,host,host_cpu3-baseline_cfs-run1,/home/ghost/hmm_evt/results/derived/cfs_pinned/host/host_cpu3-baseline_cfs-run1.csv,100001,1108380.873091269,120263.9626906774,651044,1054185.0,1364096.0,1364486.0,1365542.0,1385213,0.0,5000000.0
cfs_pinned,host,host_cpu3-baseline_cfs-run10,/home/ghost/hmm_evt/results/derived/cfs_pinned/host/host_cpu3-baseline_cfs-run10.csv,100001,1131459.616103839,141273.36834556347,642607,1036725.0,1341400.0,1341744.0,1343727.0,1581381,0.0,5000000.0
cfs_pinned,host,host_cpu3-baseline_cfs-run2,/home/ghost/hmm_evt/results/derived/cfs_pinned/host/host_cpu3-baseline_cfs-run2.csv,100001,1167265.3553664463,148681.76408058428,654341,1061130.0,1372692.0,1373149.0,1374870.0,1570042,0.0,5000000.0
cfs_pinned,host,host_cpu3-baseline_cfs-run3,/home/ghost/hmm_evt/results/derived/cfs_pinned/host/host_cpu3-baseline_cfs-run3.csv,100001,1169174.1620083798,148613.5002792967,654661,1065316.0,1378710.0,1379014.0,1380956.0,1398164,0.0,5000000.0
cfs_pinned,host,host_cpu3-baseline_cfs-run4,/home/ghost/hmm_evt/results/derived/cfs_pinned/host/host_cpu3-baseline_cfs-run4.csv,100001,1172538.6593334067,150054.17130444568,657957,1060642.0,1372756.0,1373000.0,1375031.0,1383728,0.0,5000000.0
cfs_pinned,host,host_cpu3-baseline_cfs-run5,/home/ghost/hmm_evt/results/derived/cfs_pinned/host/host_cpu3-baseline_cfs-run5.csv,100001,1159510.5767342327,146754.87042788792,657040,1060700.0,1372799.0,1373138.0,1375035.0,1402288,0.0,5000000.0
cfs_pinned,host,host_cpu3-baseline_cfs-run6,/home/ghost/hmm_evt/results/derived/cfs_pinned/host/host_cpu3-baseline_cfs-run6.csv,100001,1174134.7669823302,150964.03640715705,654451,1055432.0,1365764.0,1366069.0,1368073.0,1392135,0.0,5000000.0
cfs_pinned,host,host_cpu3-baseline_cfs-run7,/home/ghost/hmm_evt/results/derived/cfs_pinned/host/host_cpu3-baseline_cfs-run7.csv,100001,909290.6268137319,99465.55514267641,538329,860310.0,1110381.0,1110683.0,1112410.0,1152260,0.0,5000000.0
cfs_pinned,host,host_cpu3-baseline_cfs-run8,/home/ghost/hmm_evt/results/derived/cfs_pinned/host/host_cpu3-baseline_cfs-run8.csv,100001,908219.9225807742,101208.08131679725,551527,858685.0,1108358.0,1108678.0,1110671.0,1476515,0.0,5000000.0
cfs_pinned,host,host_cpu3-baseline_cfs-run9,/home/ghost/hmm_evt/results/derived/cfs_pinned/host/host_cpu3-baseline_cfs-run9.csv,100001,1167555.7736422636,151438.5763253767,664715,1055965.0,1370402.0,1370706.0,1372760.0,1540662,0.0,5000000.0
cfs_quota,container,quota_13-run1,/home/ghost/hmm_evt/results/derived/cfs_quota/container/quota_13-run1.csv,100001,657226.9171808282,404.13993789393817,628665,657145.0,657355.0,658350.0,658918.0,660856,0.0,5000000.0
cfs_quota,container,quota_13-run10,/home/ghost/hmm_evt/results/derived/cfs_quota/container/quota_13-run10.csv,100001,653861.3240167599,238510.75720443937,650013,650886.0,651406.0,651958.0,652806.0,33058861,0.00018999810001899982,5000000.0
cfs_quota,container,quota_13-run2,/home/ghost/hmm_evt/results/derived/cfs_quota/container/quota_13-run2.csv,100001,654901.7248127519,176.3721613555302,621131,654900.0,655011.0,655045.0,655121.0,661843,0.0,5000000.0
cfs_quota,container,quota_13-run3,/home/ghost/hmm_evt/results/derived/cfs_quota/container/quota_13-run3.csv,100001,650942.6647233528,383.27408405532157,628588,650866.0,651042.0,652104.0,652571.0,656524,0.0,5000000.0
cfs_quota,container,quota_13-run4,/home/ghost/hmm_evt/results/derived/cfs_quota/container/quota_13-run4.csv,100001,654772.9659203409,100.27245423627176,654385,654771.0,654892.0,654929.0,655009.0,659389,0.0,5000000.0
cfs_quota,container,quota_13-run5,/home/ghost/hmm_evt/results/derived/cfs_quota/container/quota_13-run5.csv,100001,654812.9944500555,86.56929778621176,654458,654811.0,654919.0,654951.0,655014.0,659527,0.0,5000000.0
cfs_quota,container,quota_13-run6,/home/ghost/hmm_evt/results/derived/cfs_quota/container/quota_13-run6.csv,100001,650660.4496855031,610.0889911405761,650039,650582.0,650765.0,651922.0,652312.0,800968,0.0,5000000.0
cfs_quota,container,quota_13-run7,/home/ghost/hmm_evt/results/derived/cfs_quota/container/quota_13-run7.csv,100001,654827.0802691974,317.76892432519503,606155,654829.0,654940.0,654972.0,655038.0,656538,0.0,5000000.0
cfs_quota,container,quota_13-run8,/home/ghost/hmm_evt/results/derived/cfs_quota/container/quota_13-run8.csv,100001,657161.8596114039,1875.1372495902388,614672,657134.0,657352.0,658415.0,658902.0,992990,0.0,5000000.0
cfs_quota,container,quota_13-run9,/home/ghost/hmm_evt/results/derived/cfs_quota/container/quota_13-run9.csv,100001,657205.3777662223,376.4247825545685,656667,657128.0,657311.0,658407.0,658862.0,659616,0.0,5000000.0
cfs_quota,container,quota_15-run1,/home/ghost/hmm_evt/results/derived/cfs_quota/container/quota_15-run1.csv,100001,650021.391896081,397.07748266040704,613817,649945.0,650127.0,651184.0,651666.0,656791,0.0,5000000.0
cfs_quota,container,quota_15-run10,/home/ghost/hmm_evt/results/derived/cfs_quota/container/quota_15-run10.csv,100001,650556.3770762292,403.2349564113898,613528,650476.0,650697.0,651815.0,652208.0,655667,0.0,5000000.0
cfs_quota,container,quota_15-run2,/home/ghost/hmm_evt/results/derived/cfs_quota/container/quota_15-run2.csv,100001,657304.2139278607,383.4256088792358,656694,657228.0,657462.0,658506.0,658942.0,661455,0.0,5000000.0
cfs_quota,container,quota_15-run3,/home/ghost/hmm_evt/results/derived/cfs_quota/container/quota_15-run3.csv,100001,650948.6533534664,536.8526915504654,605271,650877.0,651081.0,652086.0,652598.0,655385,0.0,5000000.0
cfs_quota,container,quota_15-run4,/home/ghost/hmm_evt/results/derived/cfs_quota/container/quota_15-run4.csv,100001,654815.3002769973,175.09232208416012,617895,654813.0,654927.0,654961.0,655036.0,659141,0.0,5000000.0
cfs_quota,container,quota_15-run5,/home/ghost/hmm_evt/results/derived/cfs_quota/container/quota_15-run5.csv,100001,650355.2700472996,377.052373210575,649814,650278.0,650463.0,651519.0,652016.0,653143,0.0,5000000.0
cfs_quota,container,quota_15-run6,/home/ghost/hmm_evt/results/derived/cfs_quota/container/quota_15-run6.csv,100001,656352.9399606003,668.5009088963413,608714,656290.0,656477.0,657513.0,657996.0,659254,0.0,5000000.0
cfs_quota,container,quota_15-run7,/home/ghost/hmm_evt/results/derived/cfs_quota/container/quota_15-run7.csv,100001,654293.8574914251,439.57371229533624,613209,654297.0,654411.0,654444.0,654511.0,656119,0.0,5000000.0
cfs_quota,container,quota_15-run8,/home/ghost/hmm_evt/results/derived/cfs_quota/container/quota_15-run8.csv,100001,657314.1053689463,447.44443658098385,610476,657230.0,657451.0,658582.0,658975.0,661539,0.0,5000000.0
cfs_quota,container,quota_15-run9,/home/ghost/hmm_evt/results/derived/cfs_quota/container/quota_15-run9.csv,100001,650606.615103849,374.8443008416581,650053,650528.0,650721.0,651766.0,652258.0,653251,0.0,5000000.0
cfs_quota,container,quota_17-run1,/home/ghost/hmm_evt/results/derived/cfs_quota/container/quota_17-run1.csv,100001,655219.5345646543,380.52309610294714,654603,655142.0,655362.0,656346.0,656878.0,657491,0.0,5000000.0
cfs_quota,container,quota_17-run10,/home/ghost/hmm_evt/results/derived/cfs_quota/container/quota_17-run10.csv,100001,653553.7541724583,123.17618023877594,627812,653552.0,653672.0,653708.0,653780.0,654364,0.0,5000000.0
cfs_quota,container,quota_17-run2,/home/ghost/hmm_evt/results/derived/cfs_quota/container/quota_17-run2.csv,100001,657230.5267147329,397.9638574654939,632833,657153.0,657377.0,658477.0,658902.0,661682,0.0,5000000.0
cfs_quota,container,quota_17-run3,/home/ghost/hmm_evt/results/derived/cfs_quota/container/quota_17-run3.csv,100001,657282.9083309167,408.4542890296234,609673,657209.0,657456.0,658404.0,658925.0,661440,0.0,5000000.0
cfs_quota,container,quota_17-run4,/home/ghost/hmm_evt/results/derived/cfs_quota/container/quota_17-run4.csv,100001,657409.6904630953,10455.88463176435,608993,657303.0,657539.0,658520.0,659038.0,3959642,9.99990000099999e-06,5000000.0
cfs_quota,container,quota_17-run5,/home/ghost/hmm_evt/results/derived/cfs_quota/container/quota_17-run5.csv,100001,651691.4912750872,393.6380661551613,627559,651616.0,651823.0,652920.0,653339.0,655912,0.0,5000000.0
cfs_quota,container,quota_17-run6,/home/ghost/hmm_evt/results/derived/cfs_quota/container/quota_17-run6.csv,100001,654824.334406656,244.6373770728222,605730,654824.0,654934.0,654966.0,655031.0,656446,0.0,5000000.0
cfs_quota,container,quota_17-run7,/home/ghost/hmm_evt/results/derived/cfs_quota/container/quota_17-run7.csv,100001,656208.2114278857,377.4016308229233,655655,656129.0,656344.0,657312.0,657860.0,659283,0.0,5000000.0
cfs_quota,container,quota_17-run8,/home/ghost/hmm_evt/results/derived/cfs_quota/container/quota_17-run8.csv,100001,657240.9149808502,1262.8997778729995,622788,657208.0,657426.0,658460.0,658947.0,662776,0.0,5000000.0
cfs_quota,container,quota_17-run9,/home/ghost/hmm_evt/results/derived/cfs_quota/container/quota_17-run9.csv,100001,650897.2124878751,19884.332604374187,626174,650739.0,650967.0,652068.0,652488.0,6712341,9.99990000099999e-06,5000000.0
container_churn,container,docker_cpu3-churn_runtime-run1,/home/ghost/hmm_evt/results/derived/container_churn/container/docker_cpu3-churn_runtime-run1.csv,100001,603378.6141838582,2264.8404928834207,602896,603293.0,603556.0,603672.0,603970.0,848009,0.0,5000000.0
container_churn,container,docker_cpu3-churn_runtime-run10,/home/ghost/hmm_evt/results/derived/container_churn/container/docker_cpu3-churn_runtime-run10.csv,100001,603464.7291827082,1904.4519077879759,602879,603368.0,603722.0,603871.0,604170.0,773106,0.0,5000000.0
container_churn,container,docker_cpu3-churn_runtime-run2,/home/ghost/hmm_evt/results/derived/container_churn/container/docker_cpu3-churn_runtime-run2.csv,100001,605304.4841151589,1719.1079848776717,603849,605070.0,605995.0,606566.0,607370.0,797010,0.0,5000000.0
container_churn,container,docker_cpu3-churn_runtime-run3,/home/ghost/hmm_evt/results/derived/container_churn/container/docker_cpu3-churn_runtime-run3.csv,100001,606054.4971350286,2574.3606999824815,604777,605827.0,606690.0,607259.0,607929.0,1005326,0.0,5000000.0
container_churn,container,docker_cpu3-churn_runtime-run4,/home/ghost/hmm_evt/results/derived/container_churn/container/docker_cpu3-churn_runtime-run4.csv,100001,603439.680203198,2701.43541696058,602807,603327.0,603692.0,603844.0,604157.0,961530,0.0,5000000.0
container_churn,container,docker_cpu3-churn_runtime-run5,/home/ghost/hmm_evt/results/derived/container_churn/container/docker_cpu3-churn_runtime-run5.csv,100001,606042.9610403896,1752.7695161720874,604655,605832.0,606705.0,607309.0,608128.0,818458,0.0,5000000.0
container_churn,container,docker_cpu3-churn_runtime-run6,/home/ghost/hmm_evt/results/derived/container_churn/container/docker_cpu3-churn_runtime-run6.csv,100001,603428.7428225718,1654.9879270130973,602865,603338.0,603689.0,603840.0,604148.0,782397,0.0,5000000.0
container_churn,container,docker_cpu3-churn_runtime-run7,/home/ghost/hmm_evt/results/derived/container_churn/container/docker_cpu3-churn_runtime-run7.csv,100001,606070.2158178418,1782.6082554173793,604906,605856.0,606743.0,607280.0,607926.0,786258,0.0,5000000.0
container_churn,container,docker_cpu3-churn_runtime-run8,/home/ghost/hmm_evt/results/derived/container_churn/container/docker_cpu3-churn_runtime-run8.csv,100001,1090487.4339456605,8380961.8399622645,604947,605851.0,606741.0,607350.0,608625.0,331091999,0.006489935100648993,5000000.0
container_churn,container,docker_cpu3-churn_runtime-run9,/home/ghost/hmm_evt/results/derived/container_churn/container/docker_cpu3-churn_runtime-run9.csv,100001,606098.0677193229,2219.355973000737,604716,605883.0,606710.0,607294.0,607919.0,794654,0.0,5000000.0
container_churn,host,host_cpu3-churn_runtime-run1,/home/ghost/hmm_evt/results/derived/container_churn/host/host_cpu3-churn_runtime-run1.csv,100001,604146.912090879,2784.0247409248914,602923,603834.0,605417.0,605974.0,606364.0,1023285,0.0,5000000.0
container_churn,host,host_cpu3-churn_runtime-run10,/home/ghost/hmm_evt/results/derived/container_churn/host/host_cpu3-churn_runtime-run10.csv,100001,604329.1110888891,48164.063760633304,602988,603820.0,605348.0,605861.0,606242.0,13017410,2.999970000299997e-05,5000000.0
container_churn,host,host_cpu3-churn_runtime-run2,/home/ghost/hmm_evt/results/derived/container_churn/host/host_cpu3-churn_runtime-run2.csv,100001,606632.4604653954,2022.701279269754,605093,606442.0,607721.0,608088.0,609055.0,796667,0.0,5000000.0
container_churn,host,host_cpu3-churn_runtime-run3,/home/ghost/hmm_evt/results/derived/container_churn/host/host_cpu3-churn_runtime-run3.csv,100001,622402.1847881521,1244402.7111348717,602869,603813.0,605326.0,605819.0,606239.0,125255226,0.00027999720002799973,5000000.0
container_churn,host,host_cpu3-churn_runtime-run4,/home/ghost/hmm_evt/results/derived/container_churn/host/host_cpu3-churn_runtime-run4.csv,100001,606951.1852381476,1529.8370366762879,605213,606741.0,608164.0,608586.0,609500.0,756398,0.0,5000000.0
container_churn,host,host_cpu3-churn_runtime-run5,/home/ghost/hmm_evt/results/derived/container_churn/host/host_cpu3-churn_runtime-run5.csv,100001,604163.9813301867,1918.6642242772534,603079,603931.0,605390.0,605592.0,606216.0,796638,0.0,5000000.0
container_churn,host,host_cpu3-churn_runtime-run6,/home/ghost/hmm_evt/results/derived/container_churn/host/host_cpu3-churn_runtime-run6.csv,100001,606593.1134088659,1941.498041530895,605331,606407.0,607557.0,607966.0,608878.0,929880,0.0,5000000.0
container_churn,host,host_cpu3-churn_runtime-run7,/home/ghost/hmm_evt/results/derived/container_churn/host/host_cpu3-churn_runtime-run7.csv,100001,606740.4200157998,1896.2865712188554,605205,606530.0,607991.0,608471.0,609388.0,789346,0.0,5000000.0
container_churn,host,host_cpu3-churn_runtime-run8,/home/ghost/hmm_evt/results/derived/container_churn/host/host_cpu3-churn_runtime-run8.csv,100001,604095.019189808,2373.1575577954677,602973,603808.0,605345.0,605855.0,606239.0,865872,0.0,5000000.0
container_churn,host,host_cpu3-churn_runtime-run9,/home/ghost/hmm_evt/results/derived/container_churn/host/host_cpu3-churn_runtime-run9.csv,100001,606126.3157368426,1595.033089245878,604511,605932.0,607091.0,607520.0,608423.0,794772,0.0,5000000.0
cpu_migration,container,migration_unpinned_nomask-run1,/home/ghost/hmm_evt/results/derived/cpu_migration/container/migration_unpinned_nomask-run1.csv,100001,653624.3416165839,188.04261537466084,621786,653620.0,653745.0,653783.0,653884.0,664231,0.0,5000000.0
cpu_migration,container,migration_unpinned_nomask-run10,/home/ghost/hmm_evt/results/derived/cpu_migration/container/migration_unpinned_nomask-run10.csv,100001,644001.7769222307,930.4009861752143,643454,643890.0,644179.0,645325.0,645683.0,897300,0.0,5000000.0
cpu_migration,container,migration_unpinned_nomask-run2,/home/ghost/hmm_evt/results/derived/cpu_migration/container/migration_unpinned_nomask-run2.csv,100001,631583.0726492736,465.9839274610555,630988,631365.0,632295.0,632388.0,632622.0,644781,0.0,5000000.0
cpu_migration,container,migration_unpinned_nomask-run3,/home/ghost/hmm_evt/results/derived/cpu_migration/container/migration_unpinned_nomask-run3.csv,100001,646204.172908271,794.7837986474251,645451,646095.0,646382.0,647596.0,648024.0,836212,0.0,5000000.0
cpu_migration,container,migration_unpinned_nomask-run4,/home/ghost/hmm_evt/results/derived/cpu_migration/container/migration_unpinned_nomask-run4.csv,100001,655109.5897241028,534.0148328389436,642272,655006.0,655253.0,656471.0,656810.0,670059,0.0,5000000.0
cpu_migration,container,migration_unpinned_nomask-run5,/home/ghost/hmm_evt/results/derived/cpu_migration/container/migration_unpinned_nomask-run5.csv,100001,645101.9588104119,435.6482872609518,644605,644997.0,645280.0,646406.0,646758.0,673233,0.0,5000000.0
cpu_migration,container,migration_unpinned_nomask-run6,/home/ghost/hmm_evt/results/derived/cpu_migration/container/migration_unpinned_nomask-run6.csv,100001,656339.4084259158,493.460890969693,655797,656230.0,656518.0,657689.0,658089.0,692967,0.0,5000000.0
cpu_migration,container,migration_unpinned_nomask-run7,/home/ghost/hmm_evt/results/derived/cpu_migration/container/migration_unpinned_nomask-run7.csv,100001,655596.0152198478,477.3535147962712,655054,655497.0,655750.0,656905.0,657250.0,689325,0.0,5000000.0
cpu_migration,container,migration_unpinned_nomask-run8,/home/ghost/hmm_evt/results/derived/cpu_migration/container/migration_unpinned_nomask-run8.csv,100001,654225.7104028959,526.7159659367453,653637,654126.0,654410.0,655531.0,655916.0,689988,0.0,5000000.0
cpu_migration,container,migration_unpinned_nomask-run9,/home/ghost/hmm_evt/results/derived/cpu_migration/container/migration_unpinned_nomask-run9.csv,100001,652750.8887811122,287.00887841708885,610924,652744.0,652860.0,652896.0,652994.0,663726,0.0,5000000.0
cpu_migration,container,migration_unpinned_pinned-run1,/home/ghost/hmm_evt/results/derived/cpu_migration/container/migration_unpinned_pinned-run1.csv,100001,639069.9644403555,106.41489639847913,638661,639069.0,639201.0,639239.0,639320.0,642136,0.0,5000000.0
cpu_migration,container,migration_unpinned_pinned-run10,/home/ghost/hmm_evt/results/derived/cpu_migration/container/migration_unpinned_pinned-run10.csv,100001,654896.4538754612,413.8495395128593,606999,654899.0,655009.0,655041.0,655109.0,659372,0.0,5000000.0
cpu_migration,container,migration_unpinned_pinned-run2,/home/ghost/hmm_evt/results/derived/cpu_migration/container/migration_unpinned_pinned-run2.csv,100001,657253.6160838392,382.2551244743588,656681,657176.0,657406.0,658417.0,658920.0,660301,0.0,5000000.0
cpu_migration,container,migration_unpinned_pinned-run3,/home/ghost/hmm_evt/results/derived/cpu_migration/container/migration_unpinned_pinned-run3.csv,100001,650580.7294127059,845.9961365584267,602027,650512.0,650720.0,651766.0,652252.0,656403,0.0,5000000.0
cpu_migration,container,migration_unpinned_pinned-run4,/home/ghost/hmm_evt/results/derived/cpu_migration/container/migration_unpinned_pinned-run4.csv,100001,650962.7521824782,404.44460573218396,615888,650880.0,651097.0,652241.0,652616.0,655748,0.0,5000000.0
cpu_migration,container,migration_unpinned_pinned-run5,/home/ghost/hmm_evt/results/derived/cpu_migration/container/migration_unpinned_pinned-run5.csv,100001,654918.5902240977,91.15797157698705,654552,654917.0,655029.0,655061.0,655131.0,661763,0.0,5000000.0
cpu_migration,container,migration_unpinned_pinned-run6,/home/ghost/hmm_evt/results/derived/cpu_migration/container/migration_unpinned_pinned-run6.csv,100001,654913.6171238287,86.47155187905186,654586,654912.0,655024.0,655058.0,655124.0,656601,0.0,5000000.0
cpu_migration,container,migration_unpinned_pinned-run7,/home/ghost/hmm_evt/results/derived/cpu_migration/container/migration_unpinned_pinned-run7.csv,100001,657272.7494625053,374.7582576146069,656705,657199.0,657437.0,658339.0,658892.0,661433,0.0,5000000.0
cpu_migration,container,migration_unpinned_pinned-run8,/home/ghost/hmm_evt/results/derived/cpu_migration/container/migration_unpinned_pinned-run8.csv,100001,656547.8170118299,518.9071308866305,610520,656475.0,656697.0,657776.0,658211.0,660983,0.0,5000000.0
cpu_migration,container,migration_unpinned_pinned-run9,/home/ghost/hmm_evt/results/derived/cpu_migration/container/migration_unpinned_pinned-run9.csv,100001,650539.7130728692,375.32844150423557,650023,650459.0,650637.0,651820.0,652171.0,655611,0.0,5000000.0
interference,container,docker_cpu3-interf_docker_cross_core-run1,/home/ghost/hmm_evt/results/derived/interference/container/docker_cpu3-interf_docker_cross_core-run1.csv,100001,604430.8154718453,463.51275583204784,603277,604345.0,604630.0,605015.0,606473.0,610651,0.0,5000000.0
interference,container,docker_cpu3-interf_docker_cross_core-run10,/home/ghost/hmm_evt/results/derived/interference/container/docker_cpu3-interf_docker_cross_core-run10.csv,100001,605565.1126288737,512.6052070595946,604745,605409.0,606016.0,606315.0,607726.0,610880,0.0,5000000.0
interference,container,docker_cpu3-interf_docker_cross_core-run2,/home/ghost/hmm_evt/results/derived/interference/container/docker_cpu3-interf_docker_cross_core-run2.csv,100001,606351.6601633984,486.243518280634,605362,606269.0,606632.0,607048.0,608437.0,612200,0.0,5000000.0
interference,container,docker_cpu3-interf_docker_cross_core-run3,/home/ghost/hmm_evt/results/derived/interference/container/docker_cpu3-interf_docker_cross_core-run3.csv,100001,605783.2201177988,518.1890882367845,604928,605639.0,606252.0,606598.0,607976.0,611151,0.0,5000000.0
interference,container,docker_cpu3-interf_docker_cross_core-run4,/home/ghost/hmm_evt/results/derived/interference/container/docker_cpu3-interf_docker_cross_core-run4.csv,100001,603355.2977670223,129.96186957686382,602917,603355.0,603508.0,603557.0,603667.0,611780,0.0,5000000.0
interference,container,docker_cpu3-interf_docker_cross_core-run5,/home/ghost/hmm_evt/results/derived/interference/container/docker_cpu3-interf_docker_cross_core-run5.csv,100001,603518.4326656733,96.50712641325052,603176,603516.0,603639.0,603675.0,603748.0,611790,0.0,5000000.0
interference,container,docker_cpu3-interf_docker_cross_core-run6,/home/ghost/hmm_evt/results/derived/interference/container/docker_cpu3-interf_docker_cross_core-run6.csv,100001,603423.8312716873,108.72435513936973,603103,603419.0,603541.0,603581.0,603667.0,611172,0.0,5000000.0
interference,container,docker_cpu3-interf_docker_cross_core-run7,/home/ghost/hmm_evt/results/derived/interference/container/docker_cpu3-interf_docker_cross_core-run7.csv,100001,606350.1855281447,500.0870030594309,605337,606259.0,606693.0,607453.0,608372.0,612815,0.0,5000000.0
interference,container,docker_cpu3-interf_docker_cross_core-run8,/home/ghost/hmm_evt/results/derived/interference/container/docker_cpu3-interf_docker_cross_core-run8.csv,100001,606294.4319756803,515.4986828258105,605450,606130.0,606770.0,607044.0,608461.0,612343,0.0,5000000.0
interference,container,docker_cpu3-interf_docker_cross_core-run9,/home/ghost/hmm_evt/results/derived/interference/container/docker_cpu3-interf_docker_cross_core-run9.csv,100001,603411.664603354,133.20678416644148,603006,603407.0,603571.0,603629.0,603755.0,611121,0.0,5000000.0
interference,container,docker_cpu3-interf_io-run1,/home/ghost/hmm_evt/results/derived/interference/container/docker_cpu3-interf_io-run1.csv,100001,607426.4961050389,56802.97312038646,605130,606712.0,607720.0,608189.0,609525.0,11706561,5.999940000599994e-05,5000000.0
interference,container,docker_cpu3-interf_io-run10,/home/ghost/hmm_evt/results/derived/interference/container/docker_cpu3-interf_io-run10.csv,100001,35400787.23834762,193074623.8659683,598031,598500.0,599898.0,17887210.0,1254307405.0,1885932811,0.05181948180518195,5000000.0
interference,container,docker_cpu3-interf_io-run2,/home/ghost/hmm_evt/results/derived/interference/container/docker_cpu3-interf_io-run2.csv,100001,600641.1289087109,73217.86894172005,598137,599638.0,600644.0,601131.0,602378.0,14524366,9.99990000099999e-05,5000000.0
interference,container,docker_cpu3-interf_io-run3,/home/ghost/hmm_evt/results/derived/interference/container/docker_cpu3-interf_io-run3.csv,100001,620222.1239487606,914180.9121623344,602879,603388.0,603733.0,603836.0,604399.0,89658575,0.0004999950000499995,5000000.0
interference,container,docker_cpu3-interf_io-run4,/home/ghost/hmm_evt/results/derived/interference/container/docker_cpu3-interf_io-run4.csv,100001,7995396.3251267485,71432696.81160276,602818,603147.0,603527.0,603737.0,212018022.0,1477240972,0.02306976930230698,5000000.0
interference,container,docker_cpu3-interf_io-run5,/home/ghost/hmm_evt/results/derived/interference/container/docker_cpu3-interf_io-run5.csv,100001,4718785.554234457,41869936.33227842,605063,605533.0,606341.0,607117.0,122633352.0,1037832537,0.02052979470205298,5000000.0
interference,container,docker_cpu3-interf_io-run6,/home/ghost/hmm_evt/results/derived/interference/container/docker_cpu3-interf_io-run6.csv,100001,14542867.102278978,141819706.60474664,602834,603138.0,603316.0,603416.0,289938946.0,2432369741,0.024239757602423976,5000000.0
interference,container,docker_cpu3-interf_io-run7,/home/ghost/hmm_evt/results/derived/interference/container/docker_cpu3-interf_io-run7.csv,100001,40562915.37742623,238345101.21430033,599899,600388.0,601759.0,9561761.0,1467201560.0,2938577668,0.05084949150508495,5000000.0
interference,container,docker_cpu3-interf_io-run8,/home/ghost/hmm_evt/results/derived/interference/container/docker_cpu3-interf_io-run8.csv,100001,45206052.4900051,261109659.94519186,605048,605529.0,607019.0,612358.0,1650676021.0,2805298449,0.04956950430495695,5000000.0
interference,container,docker_cpu3-interf_io-run9,/home/ghost/hmm_evt/results/derived/interference/container/docker_cpu3-interf_io-run9.csv,100001,21713408.784502156,153716272.03679729,602836,603142.0,603319.0,603472.0,931873689.0,2123313537,0.03599964000359997,5000000.0
interference,container,docker_cpu3-interf_memory-run1,/home/ghost/hmm_evt/results/derived/interference/container/docker_cpu3-interf_memory-run1.csv,100001,606576.5441845582,1886.4933798479667,605182,606474.0,607417.0,607864.0,609263.0,800532,0.0,5000000.0
interference,container,docker_cpu3-interf_memory-run10,/home/ghost/hmm_evt/results/derived/interference/container/docker_cpu3-interf_memory-run10.csv,100001,603452.7847221527,2683.03436803463,602893,603353.0,603610.0,603714.0,604032.0,1020053,0.0,5000000.0
interference,container,docker_cpu3-interf_memory-run2,/home/ghost/hmm_evt/results/derived/interference/container/docker_cpu3-interf_memory-run2.csv,100001,597330.865801342,5506.572684511714,595634,597030.0,597981.0,598579.0,600488.0,1126043,0.0,5000000.0
interference,container,docker_cpu3-interf_memory-run3,/home/ghost/hmm_evt/results/derived/interference/container/docker_cpu3-interf_memory-run3.csv,100001,603569.3164868351,3886.592595241374,602838,603433.0,603695.0,603781.0,604084.0,1059193,0.0,5000000.0
interference,container,docker_cpu3-interf_memory-run4,/home/ghost/hmm_evt/results/derived/interference/container/docker_cpu3-interf_memory-run4.csv,100001,607068.3717662824,1100.4880518290279,605360,606940.0,607844.0,608319.0,609703.0,704819,0.0,5000000.0
interference,container,docker_cpu3-interf_memory-run5,/home/ghost/hmm_evt/results/derived/interference/container/docker_cpu3-interf_memory-run5.csv,100001,603471.0182898171,3676.038860952843,602905,603370.0,603663.0,603773.0,604029.0,1070023,0.0,5000000.0
interference,container,docker_cpu3-interf_memory-run6,/home/ghost/hmm_evt/results/derived/interference/container/docker_cpu3-interf_memory-run6.csv,100001,607366.6342536574,4976.428930321247,605393,607062.0,607975.0,608550.0,610222.0,883044,0.0,5000000.0
interference,container,docker_cpu3-interf_memory-run7,/home/ghost/hmm_evt/results/derived/interference/container/docker_cpu3-interf_memory-run7.csv,100001,603606.737302627,3897.153569610697,602848,603483.0,603790.0,603869.0,604052.0,995898,0.0,5000000.0
interference,container,docker_cpu3-interf_memory-run8,/home/ghost/hmm_evt/results/derived/interference/container/docker_cpu3-interf_memory-run8.csv,100001,607188.5681143189,5336.15315239573,605320,606899.0,607772.0,608386.0,610272.0,1047259,0.0,5000000.0
interference,container,docker_cpu3-interf_memory-run9,/home/ghost/hmm_evt/results/derived/interference/container/docker_cpu3-interf_memory-run9.csv,100001,606926.6642533574,3172.788853816633,605306,606721.0,607655.0,608154.0,609929.0,910777,0.0,5000000.0
interference,container,docker_cpu3-interf_same_core-run1,/home/ghost/hmm_evt/results/derived/interference/container/docker_cpu3-interf_same_core-run1.csv,100001,605582.671203288,128.4415972792346,605164,605580.0,605738.0,605788.0,605901.0,614850,0.0,5000000.0
interference,container,docker_cpu3-interf_same_core-run10,/home/ghost/hmm_evt/results/derived/interference/container/docker_cpu3-interf_same_core-run10.csv,100001,597705.6776432235,301.89634649175457,597245,597695.0,597847.0,597892.0,597991.0,609620,0.0,5000000.0
interference,container,docker_cpu3-interf_same_core-run2,/home/ghost/hmm_evt/results/derived/interference/container/docker_cpu3-interf_same_core-run2.csv,100001,605533.1768582314,117.0585234865586,605136,605528.0,605671.0,605717.0,605822.0,613953,0.0,5000000.0
interference,container,docker_cpu3-interf_same_core-run3,/home/ghost/hmm_evt/results/derived/interference/container/docker_cpu3-interf_same_core-run3.csv,100001,605676.9320706793,117.97569315567188,605177,605674.0,605819.0,605864.0,605963.0,613644,0.0,5000000.0
interference,container,docker_cpu3-interf_same_core-run4,/home/ghost/hmm_evt/results/derived/interference/container/docker_cpu3-interf_same_core-run4.csv,100001,605323.5056849432,126.57968853722583,604853,605323.0,605478.0,605523.0,605627.0,613248,0.0,5000000.0
interference,container,docker_cpu3-interf_same_core-run5,/home/ghost/hmm_evt/results/derived/interference/container/docker_cpu3-interf_same_core-run5.csv,100001,605689.6810231898,119.89868411611977,605253,605686.0,605830.0,605873.0,605972.0,614900,0.0,5000000.0
interference,container,docker_cpu3-interf_same_core-run6,/home/ghost/hmm_evt/results/derived/interference/container/docker_cpu3-interf_same_core-run6.csv,100001,605782.9840901591,113.04751990589813,605316,605780.0,605920.0,605964.0,606065.0,613507,0.0,5000000.0
interference,container,docker_cpu3-interf_same_core-run7,/home/ghost/hmm_evt/results/derived/interference/container/docker_cpu3-interf_same_core-run7.csv,100001,605736.0221597784,121.80705804237827,605270,605733.0,605882.0,605930.0,606043.0,613522,0.0,5000000.0
interference,container,docker_cpu3-interf_same_core-run8,/home/ghost/hmm_evt/results/derived/interference/container/docker_cpu3-interf_same_core-run8.csv,100001,605795.5678843212,108.6776052099643,605369,605793.0,605929.0,605970.0,606061.0,612602,0.0,5000000.0
interference,container,docker_cpu3-interf_same_core-run9,/home/ghost/hmm_evt/results/derived/interference/container/docker_cpu3-interf_same_core-run9.csv,100001,605849.2230377697,122.58724335613336,605368,605845.0,605995.0,606041.0,606138.0,613915,0.0,5000000.0
interference,host,host_cpu3-interf_host_cross_core-run1,/home/ghost/hmm_evt/results/derived/interference/host/host_cpu3-interf_host_cross_core-run1.csv,100001,603928.2437275627,695.8204423888976,603215,603583.0,604941.0,605550.0,606199.0,610876,0.0,5000000.0
interference,host,host_cpu3-interf_host_cross_core-run10,/home/ghost/hmm_evt/results/derived/interference/host/host_cpu3-interf_host_cross_core-run10.csv,100001,594823.1271187288,714.3773130640889,593716,594614.0,595799.0,596511.0,597192.0,602510,0.0,5000000.0
interference,host,host_cpu3-interf_host_cross_core-run2,/home/ghost/hmm_evt/results/derived/interference/host/host_cpu3-interf_host_cross_core-run2.csv,100001,595808.128798712,740.5633038375084,594602,595572.0,597272.0,597664.0,598084.0,600564,0.0,5000000.0
interference,host,host_cpu3-interf_host_cross_core-run3,/home/ghost/hmm_evt/results/derived/interference/host/host_cpu3-interf_host_cross_core-run3.csv,100001,603983.3002269977,748.9622471879663,602947,603612.0,605276.0,605619.0,606217.0,612551,0.0,5000000.0
interference,host,host_cpu3-interf_host_cross_core-run4,/home/ghost/hmm_evt/results/derived/interference/host/host_cpu3-interf_host_cross_core-run4.csv,100001,604119.2040679593,786.5668468260352,603159,603718.0,605468.0,606025.0,606268.0,611256,0.0,5000000.0
interference,host,host_cpu3-interf_host_cross_core-run5,/home/ghost/hmm_evt/results/derived/interference/host/host_cpu3-interf_host_cross_core-run5.csv,100001,593601.9400006,737.5469864490235,592438,593455.0,594887.0,595489.0,595934.0,598602,0.0,5000000.0
interference,host,host_cpu3-interf_host_cross_core-run6,/home/ghost/hmm_evt/results/derived/interference/host/host_cpu3-interf_host_cross_core-run6.csv,100001,606869.3025069749,889.9387238448583,605571,606577.0,608229.0,608682.0,609466.0,613484,0.0,5000000.0
interference,host,host_cpu3-interf_host_cross_core-run7,/home/ghost/hmm_evt/results/derived/interference/host/host_cpu3-interf_host_cross_core-run7.csv,100001,604191.114198858,799.9548560378207,603188,603772.0,605545.0,606082.0,606296.0,610022,0.0,5000000.0
interference,host,host_cpu3-interf_host_cross_core-run8,/home/ghost/hmm_evt/results/derived/interference/host/host_cpu3-interf_host_cross_core-run8.csv,100001,604060.8263717362,733.4275632282472,603250,603670.0,605250.0,605662.0,606282.0,609631,0.0,5000000.0
interference,host,host_cpu3-interf_host_cross_core-run9,/home/ghost/hmm_evt/results/derived/interference/host/host_cpu3-interf_host_cross_core-run9.csv,100001,594574.5074149258,688.1671323505057,593496,594357.0,595492.0,596157.0,596996.0,599853,0.0,5000000.0
interference,host,host_cpu3-interf_io-run1,/home/ghost/hmm_evt/results/derived/interference/host/host_cpu3-interf_io-run1.csv,100001,595619.3341066589,24517.756289912046,593248,595156.0,596506.0,597104.0,598374.0,5718841,2.999970000299997e-05,5000000.0
interference,host,host_cpu3-interf_io-run10,/home/ghost/hmm_evt/results/derived/interference/host/host_cpu3-interf_io-run10.csv,100001,19328485.276647232,154643826.24869207,593849,594580.0,596292.0,596748.0,760248523.0,2713275810,0.03032969670303297,5000000.0
interference,host,host_cpu3-interf_io-run2,/home/ghost/hmm_evt/results/derived/interference/host/host_cpu3-interf_io-run2.csv,100001,715814.9866201337,4702008.142626226,605244,607140.0,608667.0,609198.0,610560.0,306121467,0.0007799922000779992,5000000.0
interference,host,host_cpu3-interf_io-run3,/home/ghost/hmm_evt/results/derived/interference/host/host_cpu3-interf_io-run3.csv,100001,715937.3254867451,3180100.192289769,602858,603787.0,605268.0,605718.0,606343.0,201962365,0.0022199778002219978,5000000.0
interference,host,host_cpu3-interf_io-run4,/home/ghost/hmm_evt/results/derived/interference/host/host_cpu3-interf_io-run4.csv,100001,938656.7852221478,5662192.417067802,602885,603488.0,605173.0,605784.0,606417.0,222285050,0.005689943100568994,5000000.0
interference,host,host_cpu3-interf_io-run5,/home/ghost/hmm_evt/results/derived/interference/host/host_cpu3-interf_io-run5.csv,100001,2806347.219857801,30201151.37561424,605134,606272.0,607713.0,608321.0,16094297.0,892142364,0.010889891101088988,5000000.0
interference,host,host_cpu3-interf_io-run6,/home/ghost/hmm_evt/results/derived/interference/host/host_cpu3-interf_io-run6.csv,99655,20619896.0343184,162555662.6609526,592110,592995.0,594351.0,595031.3,916377045.8599998,2373997282,0.02991320054186945,5000000.0
interference,host,host_cpu3-interf_io-run7,/home/ghost/hmm_evt/results/derived/interference/host/host_cpu3-interf_io-run7.csv,100001,26575401.789592106,181253127.03652585,602861,603590.0,605295.0,605925.0,1119871984.0,2637959264,0.03970960290397096,5000000.0
interference,host,host_cpu3-interf_io-run8,/home/ghost/hmm_evt/results/derived/interference/host/host_cpu3-interf_io-run8.csv,100001,27257531.272307277,186727044.25731826,592690,593389.0,594760.0,595593.0,1049630408.0,2675631159,0.03964960350396496,5000000.0
interference,host,host_cpu3-interf_io-run9,/home/ghost/hmm_evt/results/derived/interference/host/host_cpu3-interf_io-run9.csv,100001,10399724.874741253,101007652.15199266,604448,605437.0,606835.0,607342.0,204907620.0,2045849969,0.023309766902330976,5000000.0
interference,host,host_cpu3-interf_memory-run1,/home/ghost/hmm_evt/results/derived/interference/host/host_cpu3-interf_memory-run1.csv,100001,607139.8533714663,3229.076180697795,605034,606958.0,608306.0,608806.0,610181.0,893800,0.0,5000000.0
interference,host,host_cpu3-interf_memory-run10,/home/ghost/hmm_evt/results/derived/interference/host/host_cpu3-interf_memory-run10.csv,100001,592615.9058409416,4171.69778771593,590435,592263.0,593774.0,594480.0,596281.0,846078,0.0,5000000.0
interference,host,host_cpu3-interf_memory-run2,/home/ghost/hmm_evt/results/derived/interference/host/host_cpu3-interf_memory-run2.csv,100001,590437.574504255,4563.119581638373,588340,590203.0,591510.0,592111.0,593862.0,969185,0.0,5000000.0
interference,host,host_cpu3-interf_memory-run3,/home/ghost/hmm_evt/results/derived/interference/host/host_cpu3-interf_memory-run3.csv,100001,604314.7656123439,4104.938441966198,602976,603882.0,605470.0,605909.0,606763.0,909560,0.0,5000000.0
interference,host,host_cpu3-interf_memory-run4,/home/ghost/hmm_evt/results/derived/interference/host/host_cpu3-interf_memory-run4.csv,100001,608016.507404926,7907.556765849212,605355,607215.0,608952.0,609600.0,617989.0,958344,0.0,5000000.0
interference,host,host_cpu3-interf_memory-run5,/home/ghost/hmm_evt/results/derived/interference/host/host_cpu3-interf_memory-run5.csv,100001,607724.5000849991,6424.893415604845,605267,607315.0,608879.0,609493.0,611637.0,1158566,0.0,5000000.0
interference,host,host_cpu3-interf_memory-run6,/home/ghost/hmm_evt/results/derived/interference/host/host_cpu3-interf_memory-run6.csv,100001,604518.4396356037,6006.51810645224,602943,603847.0,605575.0,606087.0,606627.0,909798,0.0,5000000.0
interference,host,host_cpu3-interf_memory-run7,/home/ghost/hmm_evt/results/derived/interference/host/host_cpu3-interf_memory-run7.csv,100001,606816.198898011,4611.127323139015,604656,606498.0,607885.0,608491.0,610424.0,1135696,0.0,5000000.0
interference,host,host_cpu3-interf_memory-run8,/home/ghost/hmm_evt/results/derived/interference/host/host_cpu3-interf_memory-run8.csv,100001,608027.144508555,8321.790189965563,605313,607311.0,609033.0,609647.0,612047.0,962946,0.0,5000000.0
interference,host,host_cpu3-interf_memory-run9,/home/ghost/hmm_evt/results/derived/interference/host/host_cpu3-interf_memory-run9.csv,100001,607407.0407195928,4858.509013703884,605232,607097.0,608578.0,609144.0,610658.0,943775,0.0,5000000.0
interference,host,host_cpu3-interf_same_core-run1,/home/ghost/hmm_evt/results/derived/interference/host/host_cpu3-interf_same_core-run1.csv,100001,605732.0087799123,437.5969242841092,604928,605594.0,606334.0,606438.0,606646.0,611762,0.0,5000000.0
interference,host,host_cpu3-interf_same_core-run10,/home/ghost/hmm_evt/results/derived/interference/host/host_cpu3-interf_same_core-run10.csv,100001,605618.3218567814,713.332521568431,604570,605386.0,606629.0,606752.0,607004.0,617444,0.0,5000000.0
interference,host,host_cpu3-interf_same_core-run2,/home/ghost/hmm_evt/results/derived/interference/host/host_cpu3-interf_same_core-run2.csv,100001,605829.4776652233,679.5546999643611,604828,605618.0,606766.0,606949.0,607170.0,616953,0.0,5000000.0
interference,host,host_cpu3-interf_same_core-run3,/home/ghost/hmm_evt/results/derived/interference/host/host_cpu3-interf_same_core-run3.csv,100001,605913.5468845312,623.593786855128,604880,605712.0,606887.0,607060.0,607229.0,611271,0.0,5000000.0
interference,host,host_cpu3-interf_same_core-run4,/home/ghost/hmm_evt/results/derived/interference/host/host_cpu3-interf_same_core-run4.csv,100001,605983.462905371,555.6935612245968,605068,605717.0,606615.0,606808.0,607589.0,611050,0.0,5000000.0
interference,host,host_cpu3-interf_same_core-run5,/home/ghost/hmm_evt/results/derived/interference/host/host_cpu3-interf_same_core-run5.csv,100001,605991.4559554404,512.8212998916458,605122,605961.0,606628.0,606760.0,606923.0,610998,0.0,5000000.0
interference,host,host_cpu3-interf_same_core-run6,/home/ghost/hmm_evt/results/derived/interference/host/host_cpu3-interf_same_core-run6.csv,100001,605991.6638433615,535.8269671429243,605078,605762.0,606629.0,606747.0,607007.0,611019,0.0,5000000.0
interference,host,host_cpu3-interf_same_core-run7,/home/ghost/hmm_evt/results/derived/interference/host/host_cpu3-interf_same_core-run7.csv,100001,605910.9675303247,534.7669333043224,605021,605622.0,606570.0,606774.0,607518.0,613914,0.0,5000000.0
interference,host,host_cpu3-interf_same_core-run8,/home/ghost/hmm_evt/results/derived/interference/host/host_cpu3-interf_same_core-run8.csv,100001,605108.0319396806,918.1614170612086,603901,604735.0,606566.0,606636.0,606762.0,610552,0.0,5000000.0
interference,host,host_cpu3-interf_same_core-run9,/home/ghost/hmm_evt/results/derived/interference/host/host_cpu3-interf_same_core-run9.csv,100001,605924.5021049789,547.0410419868595,605081,605648.0,606553.0,606658.0,607033.0,612346,0.0,5000000.0
sched_fifo_isolated,container,docker_cpu3-rt_isolated-run1,/home/ghost/hmm_evt/results/derived/sched_fifo_isolated/container/docker_cpu3-rt_isolated-run1.csv,100001,603175.117808822,89.8366533823622,602840,603172.0,603278.0,603311.0,603375.0,611247,0.0,5000000.0
sched_fifo_isolated,container,docker_cpu3-rt_isolated-run10,/home/ghost/hmm_evt/results/derived/sched_fifo_isolated/container/docker_cpu3-rt_isolated-run10.csv,100001,605621.3712562874,368.2073669651257,605078,605541.0,605726.0,606872.0,607207.0,611548,0.0,5000000.0
sched_fifo_isolated,container,docker_cpu3-rt_isolated-run2,/home/ghost/hmm_evt/results/derived/sched_fifo_isolated/container/docker_cpu3-rt_isolated-run2.csv,100001,604467.1100388996,365.935843654758,603961,604392.0,604545.0,605686.0,606083.0,611100,0.0,5000000.0
sched_fifo_isolated,container,docker_cpu3-rt_isolated-run3,/home/ghost/hmm_evt/results/derived/sched_fifo_isolated/container/docker_cpu3-rt_isolated-run3.csv,100001,603177.4596854032,85.09991008935926,602885,603175.0,603280.0,603312.0,603378.0,612037,0.0,5000000.0
sched_fifo_isolated,container,docker_cpu3-rt_isolated-run4,/home/ghost/hmm_evt/results/derived/sched_fifo_isolated/container/docker_cpu3-rt_isolated-run4.csv,100001,605559.5584644154,366.58005843795974,605028,605485.0,605638.0,606836.0,607151.0,612131,0.0,5000000.0
sched_fifo_isolated,container,docker_cpu3-rt_isolated-run5,/home/ghost/hmm_evt/results/derived/sched_fifo_isolated/container/docker_cpu3-rt_isolated-run5.csv,100001,603138.2479875202,99.99242237077209,602847,603135.0,603241.0,603273.0,603338.0,611666,0.0,5000000.0
sched_fifo_isolated,container,docker_cpu3-rt_isolated-run6,/home/ghost/hmm_evt/results/derived/sched_fifo_isolated/container/docker_cpu3-rt_isolated-run6.csv,100001,603157.852301477,92.39367210436086,602848,603154.0,603260.0,603293.0,603364.0,611267,0.0,5000000.0
sched_fifo_isolated,container,docker_cpu3-rt_isolated-run7,/home/ghost/hmm_evt/results/derived/sched_fifo_isolated/container/docker_cpu3-rt_isolated-run7.csv,100001,605676.1272387276,375.2302934067881,605122,605596.0,605775.0,606968.0,607268.0,611861,0.0,5000000.0
sched_fifo_isolated,container,docker_cpu3-rt_isolated-run8,/home/ghost/hmm_evt/results/derived/sched_fifo_isolated/container/docker_cpu3-rt_isolated-run8.csv,100001,605573.2275477245,363.9131743857527,605060,605498.0,605655.0,606684.0,607178.0,611635,0.0,5000000.0
sched_fifo_isolated,container,docker_cpu3-rt_isolated-run9,/home/ghost/hmm_evt/results/derived/sched_fifo_isolated/container/docker_cpu3-rt_isolated-run9.csv,100001,603154.8757812422,86.43423089000042,602877,603152.0,603255.0,603286.0,603348.0,611849,0.0,5000000.0
sched_fifo_isolated,host,host_cpu3-rt_isolated-run1,/home/ghost/hmm_evt/results/derived/sched_fifo_isolated/host/host_cpu3-rt_isolated-run1.csv,100001,596809.4683453166,617.3551316871602,596023,596589.0,597967.0,598347.0,598804.0,600798,0.0,5000000.0
sched_fifo_isolated,host,host_cpu3-rt_isolated-run10,/home/ghost/hmm_evt/results/derived/sched_fifo_isolated/host/host_cpu3-rt_isolated-run10.csv,100001,603843.0641293587,793.3178946282407,602915,603627.0,605174.0,605710.0,605902.0,610059,0.0,5000000.0
sched_fifo_isolated,host,host_cpu3-rt_isolated-run2,/home/ghost/hmm_evt/results/derived/sched_fifo_isolated/host/host_cpu3-rt_isolated-run2.csv,100001,603811.1418385817,800.9774929931649,602891,603466.0,605170.0,605738.0,605903.0,610248,0.0,5000000.0
sched_fifo_isolated,host,host_cpu3-rt_isolated-run3,/home/ghost/hmm_evt/results/derived/sched_fifo_isolated/host/host_cpu3-rt_isolated-run3.csv,100001,599130.6391836081,519.7583777008597,598325,598976.0,600154.0,600505.0,600729.0,603253,0.0,5000000.0
sched_fifo_isolated,host,host_cpu3-rt_isolated-run4,/home/ghost/hmm_evt/results/derived/sched_fifo_isolated/host/host_cpu3-rt_isolated-run4.csv,100001,606106.6153438466,819.1465358763132,602969,605684.0,607472.0,608054.0,608407.0,612271,0.0,5000000.0
sched_fifo_isolated,host,host_cpu3-rt_isolated-run5,/home/ghost/hmm_evt/results/derived/sched_fifo_isolated/host/host_cpu3-rt_isolated-run5.csv,100001,606097.5004349956,661.0880084242269,605023,605903.0,607139.0,607335.0,608142.0,612728,0.0,5000000.0
sched_fifo_isolated,host,host_cpu3-rt_isolated-run6,/home/ghost/hmm_evt/results/derived/sched_fifo_isolated/host/host_cpu3-rt_isolated-run6.csv,100001,603709.4456455435,750.2869739426799,602923,603298.0,605106.0,605347.0,605927.0,610128,0.0,5000000.0
sched_fifo_isolated,host,host_cpu3-rt_isolated-run7,/home/ghost/hmm_evt/results/derived/sched_fifo_isolated/host/host_cpu3-rt_isolated-run7.csv,100001,606264.1278787212,808.1055962972098,605175,606021.0,607504.0,607976.0,608389.0,611334,0.0,5000000.0
sched_fifo_isolated,host,host_cpu3-rt_isolated-run8,/home/ghost/hmm_evt/results/derived/sched_fifo_isolated/host/host_cpu3-rt_isolated-run8.csv,100001,598578.0172098279,615.1285498282606,597806,598369.0,599755.0,600092.0,600556.0,602946,0.0,5000000.0
sched_fifo_isolated,host,host_cpu3-rt_isolated-run9,/home/ghost/hmm_evt/results/derived/sched_fifo_isolated/host/host_cpu3-rt_isolated-run9.csv,100001,598132.4113158869,633.3163597267558,597347,597883.0,599347.0,599665.0,600149.0,603818,0.0,5000000.0
shared_cpuset_contention,container,docker_sharing_shared_pool_k0-run1,/home/ghost/hmm_evt/results/derived/shared_cpuset_contention/container/docker_sharing_shared_pool_k0-run1.csv,100001,636201.7298327016,966.5991265043131,619181,636025.0,636342.0,637542.0,638134.0,677979,0.0,5000000.0
shared_cpuset_contention,container,docker_sharing_shared_pool_k0-run10,/home/ghost/hmm_evt/results/derived/shared_cpuset_contention/container/docker_sharing_shared_pool_k0-run10.csv,100001,656447.638193618,503.97641104007334,655787,656343.0,656652.0,657738.0,658163.0,673508,0.0,5000000.0
shared_cpuset_contention,container,docker_sharing_shared_pool_k0-run2,/home/ghost/hmm_evt/results/derived/shared_cpuset_contention/container/docker_sharing_shared_pool_k0-run2.csv,100001,653687.8062219378,473.6139815394887,653323,653665.0,653782.0,653817.0,653915.0,684482,0.0,5000000.0
shared_cpuset_contention,container,docker_sharing_shared_pool_k0-run3,/home/ghost/hmm_evt/results/derived/shared_cpuset_contention/container/docker_sharing_shared_pool_k0-run3.csv,100001,649668.6759232407,493.29738425538386,621618,649568.0,649949.0,650903.0,651450.0,662262,0.0,5000000.0
shared_cpuset_contention,container,docker_sharing_shared_pool_k0-run4,/home/ghost/hmm_evt/results/derived/shared_cpuset_contention/container/docker_sharing_shared_pool_k0-run4.csv,100001,656320.4760452396,508.8629980738074,655342,656238.0,656547.0,657554.0,658024.0,689599,0.0,5000000.0
shared_cpuset_contention,container,docker_sharing_shared_pool_k0-run5,/home/ghost/hmm_evt/results/derived/shared_cpuset_contention/container/docker_sharing_shared_pool_k0-run5.csv,100001,638704.7792922071,489.1680903713804,608492,638601.0,638963.0,639973.0,640490.0,659227,0.0,5000000.0
shared_cpuset_contention,container,docker_sharing_shared_pool_k0-run6,/home/ghost/hmm_evt/results/derived/shared_cpuset_contention/container/docker_sharing_shared_pool_k0-run6.csv,100001,645663.0082899171,609.1703972791821,645097,645561.0,645854.0,646967.0,647328.0,763180,0.0,5000000.0
shared_cpuset_contention,container,docker_sharing_shared_pool_k0-run7,/home/ghost/hmm_evt/results/derived/shared_cpuset_contention/container/docker_sharing_shared_pool_k0-run7.csv,100001,649907.4226357737,599.7462869390828,649375,649794.0,650037.0,651246.0,651606.0,662639,0.0,5000000.0
shared_cpuset_contention,container,docker_sharing_shared_pool_k0-run8,/home/ghost/hmm_evt/results/derived/shared_cpuset_contention/container/docker_sharing_shared_pool_k0-run8.csv,100001,643984.8950410496,690.271033322063,643499,643879.0,644156.0,645307.0,645663.0,813211,0.0,5000000.0
shared_cpuset_contention,container,docker_sharing_shared_pool_k0-run9,/home/ghost/hmm_evt/results/derived/shared_cpuset_contention/container/docker_sharing_shared_pool_k0-run9.csv,100001,653626.9754502455,561.6804381027556,639440,653620.0,653738.0,653776.0,653910.0,795582,0.0,5000000.0
shared_cpuset_contention,container,docker_sharing_shared_pool_k10-run1,/home/ghost/hmm_evt/results/derived/shared_cpuset_contention/container/docker_sharing_shared_pool_k10-run1.csv,100001,846339.0211197888,548202.6613359335,647697,648807.0,1983221.0,1983517.0,2983446.0,3983580,0.00016999830001699983,5000000.0
shared_cpuset_contention,container,docker_sharing_shared_pool_k10-run10,/home/ghost/hmm_evt/results/derived/shared_cpuset_contention/container/docker_sharing_shared_pool_k10-run10.csv,100001,853782.6792332077,507683.5457508671,648343,649470.0,1900806.0,1900942.0,2900877.0,4472045,0.0003099969000309997,5000000.0
shared_cpuset_contention,container,docker_sharing_shared_pool_k10-run2,/home/ghost/hmm_evt/results/derived/shared_cpuset_contention/container/docker_sharing_shared_pool_k10-run2.csv,100001,849799.8364116359,613379.5832451329,646194,647300.0,866368.0,2866113.0,2866358.0,3874663,0.00023999760002399976,5000000.0
shared_cpuset_contention,container,docker_sharing_shared_pool_k10-run3,/home/ghost/hmm_evt/results/derived/shared_cpuset_contention/container/docker_sharing_shared_pool_k10-run3.csv,100001,852060.9167908321,541961.653993953,649786,650738.0,1997752.0,1997988.0,2997932.0,3998837,0.001049989500104999,5000000.0
shared_cpuset_contention,container,docker_sharing_shared_pool_k10-run4,/home/ghost/hmm_evt/results/derived/shared_cpuset_contention/container/docker_sharing_shared_pool_k10-run4.csv,100001,853714.3456865432,544079.0613434447,648141,649386.0,1992231.0,1992446.0,2992389.0,3992767,0.0005499945000549994,5000000.0
shared_cpuset_contention,container,docker_sharing_shared_pool_k10-run5,/home/ghost/hmm_evt/results/derived/shared_cpuset_contention/container/docker_sharing_shared_pool_k10-run5.csv,100001,853329.03899961,588021.5711075591,648549,649681.0,1930858.0,2930834.0,2931121.0,3938943,0.00021999780002199978,5000000.0
shared_cpuset_contention,container,docker_sharing_shared_pool_k10-run6,/home/ghost/hmm_evt/results/derived/shared_cpuset_contention/container/docker_sharing_shared_pool_k10-run6.csv,100001,853368.3643663563,706764.0452349576,647366,648468.0,656397.0,2730802.0,3730806.0,5731984,0.04010959890401096,5000000.0
shared_cpuset_contention,container,docker_sharing_shared_pool_k10-run7,/home/ghost/hmm_evt/results/derived/shared_cpuset_contention/container/docker_sharing_shared_pool_k10-run7.csv,100001,855185.1591884082,604282.2059236796,648877,649977.0,1889657.0,2889720.0,2889965.0,3897417,0.0002899971000289997,5000000.0
shared_cpuset_contention,container,docker_sharing_shared_pool_k10-run8,/home/ghost/hmm_evt/results/derived/shared_cpuset_contention/container/docker_sharing_shared_pool_k10-run8.csv,100001,851074.8752212478,560183.0327935135,648251,649400.0,1995940.0,1996266.0,2996152.0,3997760,0.000979990200097999,5000000.0
shared_cpuset_contention,container,docker_sharing_shared_pool_k10-run9,/home/ghost/hmm_evt/results/derived/shared_cpuset_contention/container/docker_sharing_shared_pool_k10-run9.csv,100001,864000.6634133658,598435.3245088266,655693,656943.0,1078608.0,3077250.0,3077646.0,4085422,0.05178948210517895,5000000.0
shared_cpuset_contention,container,docker_sharing_shared_pool_k12-run1,/home/ghost/hmm_evt/results/derived/shared_cpuset_contention/container/docker_sharing_shared_pool_k12-run1.csv,100001,962252.4141858581,711655.1897370954,631432,650753.0,1997743.0,2997568.0,2997902.0,5998437,0.003179968200317997,5000000.0
shared_cpuset_contention,container,docker_sharing_shared_pool_k12-run10,/home/ghost/hmm_evt/results/derived/shared_cpuset_contention/container/docker_sharing_shared_pool_k12-run10.csv,100001,975535.6682133179,714797.0411616879,655655,656997.0,2052906.0,3052748.0,3053051.0,5054060,0.07793922060779392,5000000.0
shared_cpuset_contention,container,docker_sharing_shared_pool_k12-run2,/home/ghost/hmm_evt/results/derived/shared_cpuset_contention/container/docker_sharing_shared_pool_k12-run2.csv,100001,970804.9313606864,723365.9456822793,649296,650474.0,1973435.0,2973190.0,2973507.0,5974022,0.0026399736002639972,5000000.0
shared_cpuset_contention,container,docker_sharing_shared_pool_k12-run3,/home/ghost/hmm_evt/results/derived/shared_cpuset_contention/container/docker_sharing_shared_pool_k12-run3.csv,100001,970010.3132168679,722837.028332591,649138,650342.0,1952080.0,2951784.0,2952087.0,4954102,0.0024299757002429977,5000000.0
shared_cpuset_contention,container,docker_sharing_shared_pool_k12-run4,/home/ghost/hmm_evt/results/derived/shared_cpuset_contention/container/docker_sharing_shared_pool_k12-run4.csv,100001,973784.1872681273,777640.5471862853,649669,650795.0,2553290.0,2553588.0,3553433.0,5554286,0.040519594804051956,5000000.0
shared_cpuset_contention,container,docker_sharing_shared_pool_k12-run5,/home/ghost/hmm_evt/results/derived/shared_cpuset_contention/container/docker_sharing_shared_pool_k12-run5.csv,100001,968299.6245437546,729632.2486794969,648132,649452.0,2852065.0,2852255.0,2852578.0,4854452,0.003099969000309997,5000000.0
shared_cpuset_contention,container,docker_sharing_shared_pool_k12-run6,/home/ghost/hmm_evt/results/derived/shared_cpuset_contention/container/docker_sharing_shared_pool_k12-run6.csv,100001,1238481.2577474224,977638.5409326773,647676,648898.0,2987785.0,2987994.0,3987871.0,6988761,0.031219687803121968,5000000.0
shared_cpuset_contention,container,docker_sharing_shared_pool_k12-run7,/home/ghost/hmm_evt/results/derived/shared_cpuset_contention/container/docker_sharing_shared_pool_k12-run7.csv,100001,967752.2197378026,761264.4335174684,634581,636426.0,2634806.0,2634960.0,3634887.0,5640746,0.01951980480195198,5000000.0
shared_cpuset_contention,container,docker_sharing_shared_pool_k12-run8,/home/ghost/hmm_evt/results/derived/shared_cpuset_contention/container/docker_sharing_shared_pool_k12-run8.csv,100001,973947.9399106009,758228.4716511202,655582,657032.0,2076855.0,3076722.0,3661202.0,6077597,0.07819921800781993,5000000.0
shared_cpuset_contention,container,docker_sharing_shared_pool_k12-run9,/home/ghost/hmm_evt/results/derived/shared_cpuset_contention/container/docker_sharing_shared_pool_k12-run9.csv,100001,984137.0059499405,720311.0092648376,655882,657056.0,2001050.0,3000840.0,3001121.0,5003293,0.08502914970850292,5000000.0
shared_cpuset_contention,container,docker_sharing_shared_pool_k2-run1,/home/ghost/hmm_evt/results/derived/shared_cpuset_contention/container/docker_sharing_shared_pool_k2-run1.csv,100001,653699.4061259388,334.0530575972513,653282,653699.0,653833.0,653871.0,653961.0,743366,0.0,5000000.0
shared_cpuset_contention,container,docker_sharing_shared_pool_k2-run10,/home/ghost/hmm_evt/results/derived/shared_cpuset_contention/container/docker_sharing_shared_pool_k2-run10.csv,100001,645172.7495625044,442.1564702234194,607620,645078.0,645342.0,646508.0,646884.0,669475,0.0,5000000.0
shared_cpuset_contention,container,docker_sharing_shared_pool_k2-run2,/home/ghost/hmm_evt/results/derived/shared_cpuset_contention/container/docker_sharing_shared_pool_k2-run2.csv,100001,656476.9222207778,537.2743417755329,630277,656376.0,656669.0,657790.0,658179.0,711856,0.0,5000000.0
shared_cpuset_contention,container,docker_sharing_shared_pool_k2-run3,/home/ghost/hmm_evt/results/derived/shared_cpuset_contention/container/docker_sharing_shared_pool_k2-run3.csv,100001,660586.2829871702,2423.720604638138,655977,661823.0,662146.0,662304.0,663976.0,698793,0.0,5000000.0
shared_cpuset_contention,container,docker_sharing_shared_pool_k2-run4,/home/ghost/hmm_evt/results/derived/shared_cpuset_contention/container/docker_sharing_shared_pool_k2-run4.csv,100001,653755.5824641754,419.1480479521428,653363,653706.0,653834.0,653917.0,654904.0,672397,0.0,5000000.0
shared_cpuset_contention,container,docker_sharing_shared_pool_k2-run5,/home/ghost/hmm_evt/results/derived/shared_cpuset_contention/container/docker_sharing_shared_pool_k2-run5.csv,100001,648749.622793772,759.0433924776889,628712,648613.0,648887.0,650118.0,650489.0,691333,0.0,5000000.0
shared_cpuset_contention,container,docker_sharing_shared_pool_k2-run6,/home/ghost/hmm_evt/results/derived/shared_cpuset_contention/container/docker_sharing_shared_pool_k2-run6.csv,100001,650345.5547344526,407.3539105085525,649853,650249.0,650502.0,651678.0,652058.0,662438,0.0,5000000.0
shared_cpuset_contention,container,docker_sharing_shared_pool_k2-run7,/home/ghost/hmm_evt/results/derived/shared_cpuset_contention/container/docker_sharing_shared_pool_k2-run7.csv,100001,645040.2807171928,512.7799484935713,644502,644932.0,645196.0,646392.0,646755.0,694132,0.0,5000000.0
shared_cpuset_contention,container,docker_sharing_shared_pool_k2-run8,/home/ghost/hmm_evt/results/derived/shared_cpuset_contention/container/docker_sharing_shared_pool_k2-run8.csv,100001,647542.5112748872,722.0776938497517,629076,647406.0,647692.0,648879.0,649254.0,678964,0.0,5000000.0
shared_cpuset_contention,container,docker_sharing_shared_pool_k2-run9,/home/ghost/hmm_evt/results/derived/shared_cpuset_contention/container/docker_sharing_shared_pool_k2-run9.csv,100001,644994.7258227417,473.3393838527271,644229,644901.0,645160.0,646312.0,646710.0,666508,0.0,5000000.0
shared_cpuset_contention,container,docker_sharing_shared_pool_k4-run1,/home/ghost/hmm_evt/results/derived/shared_cpuset_contention/container/docker_sharing_shared_pool_k4-run1.csv,100001,653764.3540264597,333.3097684947329,642734,653742.0,653862.0,653904.0,654250.0,677974,0.0,5000000.0
shared_cpuset_contention,container,docker_sharing_shared_pool_k4-run10,/home/ghost/hmm_evt/results/derived/shared_cpuset_contention/container/docker_sharing_shared_pool_k4-run10.csv,100001,650561.6302736973,2598.5697127826097,646163,652045.0,652355.0,652493.0,654149.0,680040,0.0,5000000.0
shared_cpuset_contention,container,docker_sharing_shared_pool_k4-run2,/home/ghost/hmm_evt/results/derived/shared_cpuset_contention/container/docker_sharing_shared_pool_k4-run2.csv,100001,653818.703202968,2493.29004796286,623793,653724.0,653867.0,653922.0,658860.0,1398746,0.0,5000000.0
shared_cpuset_contention,container,docker_sharing_shared_pool_k4-run3,/home/ghost/hmm_evt/results/derived/shared_cpuset_contention/container/docker_sharing_shared_pool_k4-run3.csv,100001,656556.9624503755,458.59708956775074,655850,656457.0,656720.0,657914.0,658303.0,669879,0.0,5000000.0
shared_cpuset_contention,container,docker_sharing_shared_pool_k4-run4,/home/ghost/hmm_evt/results/derived/shared_cpuset_contention/container/docker_sharing_shared_pool_k4-run4.csv,100001,659423.874701253,2857.4772820129415,646808,661510.0,662281.0,662505.0,664039.0,764040,0.0,5000000.0
shared_cpuset_contention,container,docker_sharing_shared_pool_k4-run5,/home/ghost/hmm_evt/results/derived/shared_cpuset_contention/container/docker_sharing_shared_pool_k4-run5.csv,100001,643021.2897571024,508.67788703656265,604572,642926.0,643218.0,644390.0,644787.0,678754,0.0,5000000.0
shared_cpuset_contention,container,docker_sharing_shared_pool_k4-run6,/home/ghost/hmm_evt/results/derived/shared_cpuset_contention/container/docker_sharing_shared_pool_k4-run6.csv,100001,655445.9640303596,505.1226568430405,625104,655341.0,655625.0,656817.0,657202.0,683086,0.0,5000000.0
shared_cpuset_contention,container,docker_sharing_shared_pool_k4-run7,/home/ghost/hmm_evt/results/derived/shared_cpuset_contention/container/docker_sharing_shared_pool_k4-run7.csv,100001,659014.99600004,2893.626135481915,611249,656719.0,662309.0,662516.0,664073.0,792951,0.0,5000000.0
shared_cpuset_contention,container,docker_sharing_shared_pool_k4-run8,/home/ghost/hmm_evt/results/derived/shared_cpuset_contention/container/docker_sharing_shared_pool_k4-run8.csv,100001,652280.4139558604,1070.5697590156524,651644,652060.0,652223.0,652420.0,657285.0,673940,0.0,5000000.0
shared_cpuset_contention,container,docker_sharing_shared_pool_k4-run9,/home/ghost/hmm_evt/results/derived/shared_cpuset_contention/container/docker_sharing_shared_pool_k4-run9.csv,100001,652321.572804272,178.54658322685702,637449,652314.0,652431.0,652473.0,652730.0,675522,0.0,5000000.0
shared_cpuset_contention,container,docker_sharing_shared_pool_k6-run1,/home/ghost/hmm_evt/results/derived/shared_cpuset_contention/container/docker_sharing_shared_pool_k6-run1.csv,100001,654491.6857431426,3782.8034959883444,612543,656633.0,657075.0,657317.0,658834.0,929583,0.0,5000000.0
shared_cpuset_contention,container,docker_sharing_shared_pool_k6-run10,/home/ghost/hmm_evt/results/derived/shared_cpuset_contention/container/docker_sharing_shared_pool_k6-run10.csv,100001,625121.7481725183,3859.136558137362,620261,627910.0,629185.0,629484.0,630539.0,675519,0.0,5000000.0
shared_cpuset_contention,container,docker_sharing_shared_pool_k6-run2,/home/ghost/hmm_evt/results/derived/shared_cpuset_contention/container/docker_sharing_shared_pool_k6-run2.csv,100001,648703.1633483665,3440.7720170925368,600383,650648.0,651138.0,651379.0,652902.0,665021,0.0,5000000.0
shared_cpuset_contention,container,docker_sharing_shared_pool_k6-run3,/home/ghost/hmm_evt/results/derived/shared_cpuset_contention/container/docker_sharing_shared_pool_k6-run3.csv,100001,657412.1879381206,3262.716612358314,611531,659403.0,659790.0,659906.0,660137.0,697089,0.0,5000000.0
shared_cpuset_contention,container,docker_sharing_shared_pool_k6-run4,/home/ghost/hmm_evt/results/derived/shared_cpuset_contention/container/docker_sharing_shared_pool_k6-run4.csv,100001,657723.5888041119,1290.8085126602825,626630,657835.0,658269.0,659025.0,660025.0,680417,0.0,5000000.0
shared_cpuset_contention,container,docker_sharing_shared_pool_k6-run5,/home/ghost/hmm_evt/results/derived/shared_cpuset_contention/container/docker_sharing_shared_pool_k6-run5.csv,100001,617621.2618373816,2978.053756297979,612907,618534.0,620889.0,621645.0,622290.0,646859,0.0,5000000.0
shared_cpuset_contention,container,docker_sharing_shared_pool_k6-run6,/home/ghost/hmm_evt/results/derived/shared_cpuset_contention/container/docker_sharing_shared_pool_k6-run6.csv,100001,656442.8342916571,2384.9129834420523,646019,657360.0,657890.0,658160.0,659599.0,749543,0.0,5000000.0
shared_cpuset_contention,container,docker_sharing_shared_pool_k6-run7,/home/ghost/hmm_evt/results/derived/shared_cpuset_contention/container/docker_sharing_shared_pool_k6-run7.csv,100001,653934.8230517695,3716.1816938356246,614025,652018.0,658301.0,658484.0,660080.0,690894,0.0,5000000.0
shared_cpuset_contention,container,docker_sharing_shared_pool_k6-run8,/home/ghost/hmm_evt/results/derived/shared_cpuset_contention/container/docker_sharing_shared_pool_k6-run8.csv,100001,653264.6976630234,3524.5550850953427,610677,650178.0,657454.0,657570.0,657803.0,689343,0.0,5000000.0
shared_cpuset_contention,container,docker_sharing_shared_pool_k6-run9,/home/ghost/hmm_evt/results/derived/shared_cpuset_contention/container/docker_sharing_shared_pool_k6-run9.csv,100001,645252.9191208088,2772.9911125603144,641428,647153.0,647732.0,647965.0,649531.0,719657,0.0,5000000.0
shared_cpuset_contention,container,docker_sharing_shared_pool_k8-run1,/home/ghost/hmm_evt/results/derived/shared_cpuset_contention/container/docker_sharing_shared_pool_k8-run1.csv,100001,656247.941600584,4194.044032058971,615687,655475.0,657836.0,658012.0,658322.0,1574051,0.0,5000000.0
shared_cpuset_contention,container,docker_sharing_shared_pool_k8-run10,/home/ghost/hmm_evt/results/derived/shared_cpuset_contention/container/docker_sharing_shared_pool_k8-run10.csv,100001,658605.4213757862,3027.7185147303026,619134,658233.0,660484.0,660820.0,661365.0,1287008,0.0,5000000.0
shared_cpuset_contention,container,docker_sharing_shared_pool_k8-run2,/home/ghost/hmm_evt/results/derived/shared_cpuset_contention/container/docker_sharing_shared_pool_k8-run2.csv,100001,635557.5480945191,1039.9588647871578,608647,635197.0,637219.0,637421.0,637892.0,793191,0.0,5000000.0
shared_cpuset_contention,container,docker_sharing_shared_pool_k8-run3,/home/ghost/hmm_evt/results/derived/shared_cpuset_contention/container/docker_sharing_shared_pool_k8-run3.csv,100001,643677.1013889861,2723.1534182102505,597801,643486.0,643868.0,645462.0,645897.0,1301856,0.0,5000000.0
shared_cpuset_contention,container,docker_sharing_shared_pool_k8-run4,/home/ghost/hmm_evt/results/derived/shared_cpuset_contention/container/docker_sharing_shared_pool_k8-run4.csv,100001,613596.5172248278,2486.7477591114466,607867,613393.0,614541.0,614686.0,615807.0,912926,0.0,5000000.0
shared_cpuset_contention,container,docker_sharing_shared_pool_k8-run5,/home/ghost/hmm_evt/results/derived/shared_cpuset_contention/container/docker_sharing_shared_pool_k8-run5.csv,100001,656561.4104058959,2844.067273008027,620324,655674.0,658135.0,658290.0,658592.0,983197,0.0,5000000.0
shared_cpuset_contention,container,docker_sharing_shared_pool_k8-run6,/home/ghost/hmm_evt/results/derived/shared_cpuset_contention/container/docker_sharing_shared_pool_k8-run6.csv,100001,655476.3537864621,12484.848598404544,649849,655151.0,657047.0,657323.0,657810.0,3895265,9.99990000099999e-06,5000000.0
shared_cpuset_contention,container,docker_sharing_shared_pool_k8-run7,/home/ghost/hmm_evt/results/derived/shared_cpuset_contention/container/docker_sharing_shared_pool_k8-run7.csv,100001,659028.0265297347,2123.325156038558,622989,658446.0,660728.0,660945.0,662474.0,822312,0.0,5000000.0
shared_cpuset_contention,container,docker_sharing_shared_pool_k8-run8,/home/ghost/hmm_evt/results/derived/shared_cpuset_contention/container/docker_sharing_shared_pool_k8-run8.csv,100001,655259.6455435446,4346.038002979192,609278,654991.0,655374.0,657546.0,658013.0,1353733,0.0,5000000.0
shared_cpuset_contention,container,docker_sharing_shared_pool_k8-run9,/home/ghost/hmm_evt/results/derived/shared_cpuset_contention/container/docker_sharing_shared_pool_k8-run9.csv,100001,652891.4754452455,3401.0516722389793,619330,653312.0,653835.0,654208.0,655648.0,1329591,0.0,5000000.0
