source_file,derived_file,rows,condition,environment,run
/home/ghost/hmm_evt/data/cfs_pinned/docker_cpu3-baseline_cfs-run1.csv,/home/ghost/hmm_evt/results/derived/cfs_pinned/container/docker_cpu3-baseline_cfs-run1.csv,100001,cfs_pinned,container,docker_cpu3-baseline_cfs-run1
/home/ghost/hmm_evt/data/cfs_pinned/docker_cpu3-baseline_cfs-run10.csv,/home/ghost/hmm_evt/results/derived/cfs_pinned/container/docker_cpu3-baseline_cfs-run10.csv,100001,cfs_pinned,container,docker_cpu3-baseline_cfs-run10
/home/ghost/hmm_evt/data/cfs_pinned/docker_cpu3-baseline_cfs-run2.csv,/home/ghost/hmm_evt/results/derived/cfs_pinned/container/docker_cpu3-baseline_cfs-run2.csv,100001,cfs_pinned,container,docker_cpu3-baseline_cfs-run2
/home/ghost/hmm_evt/data/cfs_pinned/docker_cpu3-baseline_cfs-run3.csv,/home/ghost/hmm_evt/results/derived/cfs_pinned/container/docker_cpu3-baseline_cfs-run3.csv,100001,cfs_pinned,container,docker_cpu3-baseline_cfs-run3
/home/ghost/hmm_evt/data/cfs_pinned/docker_cpu3-baseline_cfs-run4.csv,/home/ghost/hmm_evt/results/derived/cfs_pinned/container/docker_cpu3-baseline_cfs-run4.csv,100001,cfs_pinned,container,docker_cpu3-baseline_cfs-run4
/home/ghost/hmm_evt/data/cfs_pinned/docker_cpu3-baseline_cfs-run5.csv,/home/ghost/hmm_evt/results/derived/cfs_pinned/container/docker_cpu3-baseline_cfs-run5.csv,100001,cfs_pinned,container,docker_cpu3-baseline_cfs-run5
/home/ghost/hmm_evt/data/cfs_pinned/docker_cpu3-baseline_cfs-run6.csv,/home/ghost/hmm_evt/results/derived/cfs_pinned/container/docker_cpu3-baseline_cfs-run6.csv,100001,cfs_pinned,container,docker_cpu3-baseline_cfs-run6
/home/ghost/hmm_evt/data/cfs_pinned/docker_cpu3-baseline_cfs-run7.csv,/home/ghost/hmm_evt/results/derived/cfs_pinned/container/docker_cpu3-baseline_cfs-run7.csv,100001,cfs_pinned,container,docker_cpu3-baseline_cfs-run7
/home/ghost/hmm_evt/data/cfs_pinned/docker_cpu3-baseline_cfs-run8.csv,/home/ghost/hmm_evt/results/derived/cfs_pinned/container/docker_cpu3-baseline_cfs-run8.csv,100001,cfs_pinned,container,docker_cpu3-baseline_cfs-run8
/home/ghost/hmm_evt/data/cfs_pinned/docker_cpu3-baseline_cfs-run9.csv,/home/ghost/hmm_evt/results/derived/cfs_pinned/container/docker_cpu3-baseline_cfs-run9.csv,100001,cfs_pinned,container,docker_cpu3-baseline_cfs-run9
/home/ghost/hmm_evt/data/cfs_pinned/host_cpu3-baseline_cfs-run1.csv,/home/ghost/hmm_evt/results/derived/cfs_pinned/host/host_cpu3-baseline_cfs-run1.csv,100001,cfs_pinned,host,host_cpu3-baseline_cfs-run1
/home/ghost/hmm_evt/data/cfs_pinned/host_cpu3-baseline_cfs-run10.csv,/home/ghost/hmm_evt/results/derived/cfs_pinned/host/host_cpu3-baseline_cfs-run10.csv,100001,cfs_pinned,host,host_cpu3-baseline_cfs-run10
/home/ghost/hmm_evt/data/cfs_pinned/host_cpu3-baseline_cfs-run2.csv,/home/ghost/hmm_evt/results/derived/cfs_pinned/host/host_cpu3-baseline_cfs-run2.csv,100001,cfs_pinned,host,host_cpu3-baseline_cfs-run2
/home/ghost/hmm_evt/data/cfs_pinned/host_cpu3-baseline_cfs-run3.csv,/home/ghost/hmm_evt/results/derived/cfs_pinned/host/host_cpu3-baseline_cfs-run3.csv,100001,cfs_pinned,host,host_cpu3-baseline_cfs-run3
/home/ghost/hmm_evt/data/cfs_pinned/host_cpu3-baseline_cfs-run4.csv,/home/ghost/hmm_evt/results/derived/cfs_pinned/host/host_cpu3-baseline_cfs-run4.csv,100001,cfs_pinned,host,host_cpu3-baseline_cfs-run4
/home/ghost/hmm_evt/data/cfs_pinned/host_cpu3-baseline_cfs-run5.csv,/home/ghost/hmm_evt/results/derived/cfs_pinned/host/host_cpu3-baseline_cfs-run5.csv,100001,cfs_pinned,host,host_cpu3-baseline_cfs-run5
/home/ghost/hmm_evt/data/cfs_pinned/host_cpu3-baseline_cfs-run6.csv,/home/ghost/hmm_evt/results/derived/cfs_pinned/host/host_cpu3-baseline_cfs-run6.csv,100001,cfs_pinned,host,host_cpu3-baseline_cfs-run6
/home/ghost/hmm_evt/data/cfs_pinned/host_cpu3-baseline_cfs-run7.csv,/home/ghost/hmm_evt/results/derived/cfs_pinned/host/host_cpu3-baseline_cfs-run7.csv,100001,cfs_pinned,host,host_cpu3-baseline_cfs-run7
/home/ghost/hmm_evt/data/cfs_pinned/host_cpu3-baseline_cfs-run8.csv,/home/ghost/hmm_evt/results/derived/cfs_pinned/host/host_cpu3-baseline_cfs-run8.csv,100001,cfs_pinned,host,host_cpu3-baseline_cfs-run8
/home/ghost/hmm_evt/data/cfs_pinned/host_cpu3-baseline_cfs-run9.csv,/home/ghost/hmm_evt/results/derived/cfs_pinned/host/host_cpu3-baseline_cfs-run9.csv,100001,cfs_pinned,host,host_cpu3-baseline_cfs-run9
/home/ghost/hmm_evt/data/cfs_quota/quota_13-run1.csv,/home/ghost/hmm_evt/results/derived/cfs_quota/container/quota_13-run1.csv,100001,cfs_quota,container,quota_13-run1
/home/ghost/hmm_evt/data/cfs_quota/quota_13-run10.csv,/home/ghost/hmm_evt/results/derived/cfs_quota/container/quota_13-run10.csv,100001,cfs_quota,container,quota_13-run10
/home/ghost/hmm_evt/data/cfs_quota/quota_13-run2.csv,/home/ghost/hmm_evt/results/derived/cfs_quota/container/quota_13-run2.csv,100001,cfs_quota,container,quota_13-run2
/home/ghost/hmm_evt/data/cfs_quota/quota_13-run3.csv,/home/ghost/hmm_evt/results/derived/cfs_quota/container/quota_13-run3.csv,100001,cfs_quota,container,quota_13-run3
/home/ghost/hmm_evt/data/cfs_quota/quota_13-run4.csv,/home/ghost/hmm_evt/results/derived/cfs_quota/container/quota_13-run4.csv,100001,cfs_quota,container,quota_13-run4
/home/ghost/hmm_evt/data/cfs_quota/quota_13-run5.csv,/home/ghost/hmm_evt/results/derived/cfs_quota/container/quota_13-run5.csv,100001,cfs_quota,container,quota_13-run5
/home/ghost/hmm_evt/data/cfs_quota/quota_13-run6.csv,/home/ghost/hmm_evt/results/derived/cfs_quota/container/quota_13-run6.csv,100001,cfs_quota,container,quota_13-run6
/home/ghost/hmm_evt/data/cfs_quota/quota_13-run7.csv,/home/ghost/hmm_evt/results/derived/cfs_quota/container/quota_13-run7.csv,100001,cfs_quota,container,quota_13-run7
/home/ghost/hmm_evt/data/cfs_quota/quota_13-run8.csv,/home/ghost/hmm_evt/results/derived/cfs_quota/container/quota_13-run8.csv,100001,cfs_quota,container,quota_13-run8
/home/ghost/hmm_evt/data/cfs_quota/quota_13-run9.csv,/home/ghost/hmm_evt/results/derived/cfs_quota/container/quota_13-run9.csv,100001,cfs_quota,container,quota_13-run9
/home/ghost/hmm_evt/data/cfs_quota/quota_15-run1.csv,/home/ghost/hmm_evt/results/derived/cfs_quota/container/quota_15-run1.csv,100001,cfs_quota,container,quota_15-run1
/home/ghost/hmm_evt/data/cfs_quota/quota_15-run10.csv,/home/ghost/hmm_evt/results/derived/cfs_quota/container/quota_15-run10.csv,100001,cfs_quota,container,quota_15-run10
/home/ghost/hmm_evt/data/cfs_quota/quota_15-run2.csv,/home/ghost/hmm_evt/results/derived/cfs_quota/container/quota_15-run2.csv,100001,cfs_quota,container,quota_15-run2
/home/ghost/hmm_evt/data/cfs_quota/quota_15-run3.csv,/home/ghost/hmm_evt/results/derived/cfs_quota/container/quota_15-run3.csv,100001,cfs_quota,container,quota_15-run3
/home/ghost/hmm_evt/data/cfs_quota/quota_15-run4.csv,/home/ghost/hmm_evt/results/derived/cfs_quota/container/quota_15-run4.csv,100001,cfs_quota,container,quota_15-run4
/home/ghost/hmm_evt/data/cfs_quota/quota_15-run5.csv,/home/ghost/hmm_evt/results/derived/cfs_quota/container/quota_15-run5.csv,100001,cfs_quota,container,quota_15-run5
/home/ghost/hmm_evt/data/cfs_quota/quota_15-run6.csv,/home/ghost/hmm_evt/results/derived/cfs_quota/container/quota_15-run6.csv,100001,cfs_quota,container,quota_15-run6
/home/ghost/hmm_evt/data/cfs_quota/quota_15-run7.csv,/home/ghost/hmm_evt/results/derived/cfs_quota/container/quota_15-run7.csv,100001,cfs_quota,container,quota_15-run7
/home/ghost/hmm_evt/data/cfs_quota/quota_15-run8.csv,/home/ghost/hmm_evt/results/derived/cfs_quota/container/quota_15-run8.csv,100001,cfs_quota,container,quota_15-run8
/home/ghost/hmm_evt/data/cfs_quota/quota_15-run9.csv,/home/ghost/hmm_evt/results/derived/cfs_quota/container/quota_15-run9.csv,100001,cfs_quota,container,quota_15-run9
/home/ghost/hmm_evt/data/cfs_quota/quota_17-run1.csv,/home/ghost/hmm_evt/results/derived/cfs_quota/container/quota_17-run1.csv,100001,cfs_quota,container,quota_17-run1
/home/ghost/hmm_evt/data/cfs_quota/quota_17-run10.csv,/home/ghost/hmm_evt/results/derived/cfs_quota/container/quota_17-run10.csv,100001,cfs_quota,container,quota_17-run10
/home/ghost/hmm_evt/data/cfs_quota/quota_17-run2.csv,/home/ghost/hmm_evt/results/derived/cfs_quota/container/quota_17-run2.csv,100001,cfs_quota,container,quota_17-run2
/home/ghost/hmm_evt/data/cfs_quota/quota_17-run3.csv,/home/ghost/hmm_evt/results/derived/cfs_quota/container/quota_17-run3.csv,100001,cfs_quota,container,quota_17-run3
/home/ghost/hmm_evt/data/cfs_quota/quota_17-run4.csv,/home/ghost/hmm_evt/results/derived/cfs_quota/container/quota_17-run4.csv,100001,cfs_quota,container,quota_17-run4
/home/ghost/hmm_evt/data/cfs_quota/quota_17-run5.csv,/home/ghost/hmm_evt/results/derived/cfs_quota/container/quota_17-run5.csv,100001,cfs_quota,container,quota_17-run5
/home/ghost/hmm_evt/data/cfs_quota/quota_17-run6.csv,/home/ghost/hmm_evt/results/derived/cfs_quota/container/quota_17-run6.csv,100001,cfs_quota,container,quota_17-run6
/home/ghost/hmm_evt/data/cfs_quota/quota_17-run7.csv,/home/ghost/hmm_evt/results/derived/cfs_quota/container/quota_17-run7.csv,100001,cfs_quota,container,quota_17-run7
/home/ghost/hmm_evt/data/cfs_quota/quota_17-run8.csv,/home/ghost/hmm_evt/results/derived/cfs_quota/container/quota_17-run8.csv,100001,cfs_quota,container,quota_17-run8
/home/ghost/hmm_evt/data/cfs_quota/quota_17-run9.csv,/home/ghost/hmm_evt/results/derived/cfs_quota/container/quota_17-run9.csv,100001,cfs_quota,container,quota_17-run9
/home/ghost/hmm_evt/data/container_churn/docker_cpu3-churn_runtime-run1.csv,/home/ghost/hmm_evt/results/derived/container_churn/container/docker_cpu3-churn_runtime-run1.csv,100001,container_churn,container,docker_cpu3-churn_runtime-run1
/home/ghost/hmm_evt/data/container_churn/docker_cpu3-churn_runtime-run10.csv,/home/ghost/hmm_evt/results/derived/container_churn/container/docker_cpu3-churn_runtime-run10.csv,100001,container_churn,container,docker_cpu3-churn_runtime-run10
/home/ghost/hmm_evt/data/container_churn/docker_cpu3-churn_runtime-run2.csv,/home/ghost/hmm_evt/results/derived/container_churn/container/docker_cpu3-churn_runtime-run2.csv,100001,container_churn,container,docker_cpu3-churn_runtime-run2
/home/ghost/hmm_evt/data/container_churn/docker_cpu3-churn_runtime-run3.csv,/home/ghost/hmm_evt/results/derived/container_churn/container/docker_cpu3-churn_runtime-run3.csv,100001,container_churn,container,docker_cpu3-churn_runtime-run3
/home/ghost/hmm_evt/data/container_churn/docker_cpu3-churn_runtime-run4.csv,/home/ghost/hmm_evt/results/derived/container_churn/container/docker_cpu3-churn_runtime-run4.csv,100001,container_churn,container,docker_cpu3-churn_runtime-run4
/home/ghost/hmm_evt/data/container_churn/docker_cpu3-churn_runtime-run5.csv,/home/ghost/hmm_evt/results/derived/container_churn/container/docker_cpu3-churn_runtime-run5.csv,100001,container_churn,container,docker_cpu3-churn_runtime-run5
/home/ghost/hmm_evt/data/container_churn/docker_cpu3-churn_runtime-run6.csv,/home/ghost/hmm_evt/results/derived/container_churn/container/docker_cpu3-churn_runtime-run6.csv,100001,container_churn,container,docker_cpu3-churn_runtime-run6
/home/ghost/hmm_evt/data/container_churn/docker_cpu3-churn_runtime-run7.csv,/home/ghost/hmm_evt/results/derived/container_churn/container/docker_cpu3-churn_runtime-run7.csv,100001,container_churn,container,docker_cpu3-churn_runtime-run7
/home/ghost/hmm_evt/data/container_churn/docker_cpu3-churn_runtime-run8.csv,/home/ghost/hmm_evt/results/derived/container_churn/container/docker_cpu3-churn_runtime-run8.csv,100001,container_churn,container,docker_cpu3-churn_runtime-run8
/home/ghost/hmm_evt/data/container_churn/docker_cpu3-churn_runtime-run9.csv,/home/ghost/hmm_evt/results/derived/container_churn/container/docker_cpu3-churn_runtime-run9.csv,100001,container_churn,container,docker_cpu3-churn_runtime-run9
/home/ghost/hmm_evt/data/container_churn/host_cpu3-churn_runtime-run1.csv,/home/ghost/hmm_evt/results/derived/container_churn/host/host_cpu3-churn_runtime-run1.csv,100001,container_churn,host,host_cpu3-churn_runtime-run1
/home/ghost/hmm_evt/data/container_churn/host_cpu3-churn_runtime-run10.csv,/home/ghost/hmm_evt/results/derived/container_churn/host/host_cpu3-churn_runtime-run10.csv,100001,container_churn,host,host_cpu3-churn_runtime-run10
/home/ghost/hmm_evt/data/container_churn/host_cpu3-churn_runtime-run2.csv,/home/ghost/hmm_evt/results/derived/container_churn/host/host_cpu3-churn_runtime-run2.csv,100001,container_churn,host,host_cpu3-churn_runtime-run2
/home/ghost/hmm_evt/data/container_churn/host_cpu3-churn_runtime-run3.csv,/home/ghost/hmm_evt/results/derived/container_churn/host/host_cpu3-churn_runtime-run3.csv,100001,container_churn,host,host_cpu3-churn_runtime-run3
/home/ghost/hmm_evt/data/container_churn/host_cpu3-churn_runtime-run4.csv,/home/ghost/hmm_evt/results/derived/container_churn/host/host_cpu3-churn_runtime-run4.csv,100001,container_churn,host,host_cpu3-churn_runtime-run4
/home/ghost/hmm_evt/data/container_churn/host_cpu3-churn_runtime-run5.csv,/home/ghost/hmm_evt/results/derived/container_churn/host/host_cpu3-churn_runtime-run5.csv,100001,container_churn,host,host_cpu3-churn_runtime-run5
/home/ghost/hmm_evt/data/container_churn/host_cpu3-churn_runtime-run6.csv,/home/ghost/hmm_evt/results/derived/container_churn/host/host_cpu3-churn_runtime-run6.csv,100001,container_churn,host,host_cpu3-churn_runtime-run6
/home/ghost/hmm_evt/data/container_churn/host_cpu3-churn_runtime-run7.csv,/home/ghost/hmm_evt/results/derived/container_churn/host/host_cpu3-churn_runtime-run7.csv,100001,container_churn,host,host_cpu3-churn_runtime-run7
/home/ghost/hmm_evt/data/container_churn/host_cpu3-churn_runtime-run8.csv,/home/ghost/hmm_evt/results/derived/container_churn/host/host_cpu3-churn_runtime-run8.csv,100001,container_churn,host,host_cpu3-churn_runtime-run8
/home/ghost/hmm_evt/data/container_churn/host_cpu3-churn_runtime-run9.csv,/home/ghost/hmm_evt/results/derived/container_churn/host/host_cpu3-churn_runtime-run9.csv,100001,container_churn,host,host_cpu3-churn_runtime-run9
/home/ghost/hmm_evt/data/cpu_migration/migration_unpinned_nomask-run1.csv,/home/ghost/hmm_evt/results/derived/cpu_migration/container/migration_unpinned_nomask-run1.csv,100001,cpu_migration,container,migration_unpinned_nomask-run1
/home/ghost/hmm_evt/data/cpu_migration/migration_unpinned_nomask-run10.csv,/home/ghost/hmm_evt/results/derived/cpu_migration/container/migration_unpinned_nomask-run10.csv,100001,cpu_migration,container,migration_unpinned_nomask-run10
/home/ghost/hmm_evt/data/cpu_migration/migration_unpinned_nomask-run2.csv,/home/ghost/hmm_evt/results/derived/cpu_migration/container/migration_unpinned_nomask-run2.csv,100001,cpu_migration,container,migration_unpinned_nomask-run2
/home/ghost/hmm_evt/data/cpu_migration/migration_unpinned_nomask-run3.csv,/home/ghost/hmm_evt/results/derived/cpu_migration/container/migration_unpinned_nomask-run3.csv,100001,cpu_migration,container,migration_unpinned_nomask-run3
/home/ghost/hmm_evt/data/cpu_migration/migration_unpinned_nomask-run4.csv,/home/ghost/hmm_evt/results/derived/cpu_migration/container/migration_unpinned_nomask-run4.csv,100001,cpu_migration,container,migration_unpinned_nomask-run4
/home/ghost/hmm_evt/data/cpu_migration/migration_unpinned_nomask-run5.csv,/home/ghost/hmm_evt/results/derived/cpu_migration/container/migration_unpinned_nomask-run5.csv,100001,cpu_migration,container,migration_unpinned_nomask-run5
/home/ghost/hmm_evt/data/cpu_migration/migration_unpinned_nomask-run6.csv,/home/ghost/hmm_evt/results/derived/cpu_migration/container/migration_unpinned_nomask-run6.csv,100001,cpu_migration,container,migration_unpinned_nomask-run6
/home/ghost/hmm_evt/data/cpu_migration/migration_unpinned_nomask-run7.csv,/home/ghost/hmm_evt/results/derived/cpu_migration/container/migration_unpinned_nomask-run7.csv,100001,cpu_migration,container,migration_unpinned_nomask-run7
/home/ghost/hmm_evt/data/cpu_migration/migration_unpinned_nomask-run8.csv,/home/ghost/hmm_evt/results/derived/cpu_migration/container/migration_unpinned_nomask-run8.csv,100001,cpu_migration,container,migration_unpinned_nomask-run8
/home/ghost/hmm_evt/data/cpu_migration/migration_unpinned_nomask-run9.csv,/home/ghost/hmm_evt/results/derived/cpu_migration/container/migration_unpinned_nomask-run9.csv,100001,cpu_migration,container,migration_unpinned_nomask-run9
/home/ghost/hmm_evt/data/cpu_migration/migration_unpinned_pinned-run1.csv,/home/ghost/hmm_evt/results/derived/cpu_migration/container/migration_unpinned_pinned-run1.csv,100001,cpu_migration,container,migration_unpinned_pinned-run1
/home/ghost/hmm_evt/data/cpu_migration/migration_unpinned_pinned-run10.csv,/home/ghost/hmm_evt/results/derived/cpu_migration/container/migration_unpinned_pinned-run10.csv,100001,cpu_migration,container,migration_unpinned_pinned-run10
/home/ghost/hmm_evt/data/cpu_migration/migration_unpinned_pinned-run2.csv,/home/ghost/hmm_evt/results/derived/cpu_migration/container/migration_unpinned_pinned-run2.csv,100001,cpu_migration,container,migration_unpinned_pinned-run2
/home/ghost/hmm_evt/data/cpu_migration/migration_unpinned_pinned-run3.csv,/home/ghost/hmm_evt/results/derived/cpu_migration/container/migration_unpinned_pinned-run3.csv,100001,cpu_migration,container,migration_unpinned_pinned-run3
/home/ghost/hmm_evt/data/cpu_migration/migration_unpinned_pinned-run4.csv,/home/ghost/hmm_evt/results/derived/cpu_migration/container/migration_unpinned_pinned-run4.csv,100001,cpu_migration,container,migration_unpinned_pinned-run4
/home/ghost/hmm_evt/data/cpu_migration/migration_unpinned_pinned-run5.csv,/home/ghost/hmm_evt/results/derived/cpu_migration/container/migration_unpinned_pinned-run5.csv,100001,cpu_migration,container,migration_unpinned_pinned-run5
/home/ghost/hmm_evt/data/cpu_migration/migration_unpinned_pinned-run6.csv,/home/ghost/hmm_evt/results/derived/cpu_migration/container/migration_unpinned_pinned-run6.csv,100001,cpu_migration,container,migration_unpinned_pinned-run6
/home/ghost/hmm_evt/data/cpu_migration/migration_unpinned_pinned-run7.csv,/home/ghost/hmm_evt/results/derived/cpu_migration/container/migration_unpinned_pinned-run7.csv,100001,cpu_migration,container,migration_unpinned_pinned-run7
/home/ghost/hmm_evt/data/cpu_migration/migration_unpinned_pinned-run8.csv,/home/ghost/hmm_evt/results/derived/cpu_migration/container/migration_unpinned_pinned-run8.csv,100001,cpu_migration,container,migration_unpinned_pinned-run8
/home/ghost/hmm_evt/data/cpu_migration/migration_unpinned_pinned-run9.csv,/home/ghost/hmm_evt/results/derived/cpu_migration/container/migration_unpinned_pinned-run9.csv,100001,cpu_migration,container,migration_unpinned_pinned-run9
/home/ghost/hmm_evt/data/interference/docker_cpu3-interf_docker_cross_core-run1.csv,/home/ghost/hmm_evt/results/derived/interference/container/docker_cpu3-interf_docker_cross_core-run1.csv,100001,interference,container,docker_cpu3-interf_docker_cross_core-run1
/home/ghost/hmm_evt/data/interference/docker_cpu3-interf_docker_cross_core-run10.csv,/home/ghost/hmm_evt/results/derived/interference/container/docker_cpu3-interf_docker_cross_core-run10.csv,100001,interference,container,docker_cpu3-interf_docker_cross_core-run10
/home/ghost/hmm_evt/data/interference/docker_cpu3-interf_docker_cross_core-run2.csv,/home/ghost/hmm_evt/results/derived/interference/container/docker_cpu3-interf_docker_cross_core-run2.csv,100001,interference,container,docker_cpu3-interf_docker_cross_core-run2
/home/ghost/hmm_evt/data/interference/docker_cpu3-interf_docker_cross_core-run3.csv,/home/ghost/hmm_evt/results/derived/interference/container/docker_cpu3-interf_docker_cross_core-run3.csv,100001,interference,container,docker_cpu3-interf_docker_cross_core-run3
/home/ghost/hmm_evt/data/interference/docker_cpu3-interf_docker_cross_core-run4.csv,/home/ghost/hmm_evt/results/derived/interference/container/docker_cpu3-interf_docker_cross_core-run4.csv,100001,interference,container,docker_cpu3-interf_docker_cross_core-run4
/home/ghost/hmm_evt/data/interference/docker_cpu3-interf_docker_cross_core-run5.csv,/home/ghost/hmm_evt/results/derived/interference/container/docker_cpu3-interf_docker_cross_core-run5.csv,100001,interference,container,docker_cpu3-interf_docker_cross_core-run5
/home/ghost/hmm_evt/data/interference/docker_cpu3-interf_docker_cross_core-run6.csv,/home/ghost/hmm_evt/results/derived/interference/container/docker_cpu3-interf_docker_cross_core-run6.csv,100001,interference,container,docker_cpu3-interf_docker_cross_core-run6
/home/ghost/hmm_evt/data/interference/docker_cpu3-interf_docker_cross_core-run7.csv,/home/ghost/hmm_evt/results/derived/interference/container/docker_cpu3-interf_docker_cross_core-run7.csv,100001,interference,container,docker_cpu3-interf_docker_cross_core-run7
/home/ghost/hmm_evt/data/interference/docker_cpu3-interf_docker_cross_core-run8.csv,/home/ghost/hmm_evt/results/derived/interference/container/docker_cpu3-interf_docker_cross_core-run8.csv,100001,interference,container,docker_cpu3-interf_docker_cross_core-run8
/home/ghost/hmm_evt/data/interference/docker_cpu3-interf_docker_cross_core-run9.csv,/home/ghost/hmm_evt/results/derived/interference/container/docker_cpu3-interf_docker_cross_core-run9.csv,100001,interference,container,docker_cpu3-interf_docker_cross_core-run9
/home/ghost/hmm_evt/data/interference/docker_cpu3-interf_io-run1.csv,/home/ghost/hmm_evt/results/derived/interference/container/docker_cpu3-interf_io-run1.csv,100001,interference,container,docker_cpu3-interf_io-run1
/home/ghost/hmm_evt/data/interference/docker_cpu3-interf_io-run10.csv,/home/ghost/hmm_evt/results/derived/interference/container/docker_cpu3-interf_io-run10.csv,100001,interference,container,docker_cpu3-interf_io-run10
/home/ghost/hmm_evt/data/interference/docker_cpu3-interf_io-run2.csv,/home/ghost/hmm_evt/results/derived/interference/container/docker_cpu3-interf_io-run2.csv,100001,interference,container,docker_cpu3-interf_io-run2
/home/ghost/hmm_evt/data/interference/docker_cpu3-interf_io-run3.csv,/home/ghost/hmm_evt/results/derived/interference/container/docker_cpu3-interf_io-run3.csv,100001,interference,container,docker_cpu3-interf_io-run3
/home/ghost/hmm_evt/data/interference/docker_cpu3-interf_io-run4.csv,/home/ghost/hmm_evt/results/derived/interference/container/docker_cpu3-interf_io-run4.csv,100001,interference,container,docker_cpu3-interf_io-run4
/home/ghost/hmm_evt/data/interference/docker_cpu3-interf_io-run5.csv,/home/ghost/hmm_evt/results/derived/interference/container/docker_cpu3-interf_io-run5.csv,100001,interference,container,docker_cpu3-interf_io-run5
/home/ghost/hmm_evt/data/interference/docker_cpu3-interf_io-run6.csv,/home/ghost/hmm_evt/results/derived/interference/container/docker_cpu3-interf_io-run6.csv,100001,interference,container,docker_cpu3-interf_io-run6
/home/ghost/hmm_evt/data/interference/docker_cpu3-interf_io-run7.csv,/home/ghost/hmm_evt/results/derived/interference/container/docker_cpu3-interf_io-run7.csv,100001,interference,container,docker_cpu3-interf_io-run7
/home/ghost/hmm_evt/data/interference/docker_cpu3-interf_io-run8.csv,/home/ghost/hmm_evt/results/derived/interference/container/docker_cpu3-interf_io-run8.csv,100001,interference,container,docker_cpu3-interf_io-run8
/home/ghost/hmm_evt/data/interference/docker_cpu3-interf_io-run9.csv,/home/ghost/hmm_evt/results/derived/interference/container/docker_cpu3-interf_io-run9.csv,100001,interference,container,docker_cpu3-interf_io-run9
/home/ghost/hmm_evt/data/interference/docker_cpu3-interf_memory-run1.csv,/home/ghost/hmm_evt/results/derived/interference/container/docker_cpu3-interf_memory-run1.csv,100001,interference,container,docker_cpu3-interf_memory-run1
/home/ghost/hmm_evt/data/interference/docker_cpu3-interf_memory-run10.csv,/home/ghost/hmm_evt/results/derived/interference/container/docker_cpu3-interf_memory-run10.csv,100001,interference,container,docker_cpu3-interf_memory-run10
/home/ghost/hmm_evt/data/interference/docker_cpu3-interf_memory-run2.csv,/home/ghost/hmm_evt/results/derived/interference/container/docker_cpu3-interf_memory-run2.csv,100001,interference,container,docker_cpu3-interf_memory-run2
/home/ghost/hmm_evt/data/interference/docker_cpu3-interf_memory-run3.csv,/home/ghost/hmm_evt/results/derived/interference/container/docker_cpu3-interf_memory-run3.csv,100001,interference,container,docker_cpu3-interf_memory-run3
/home/ghost/hmm_evt/data/interference/docker_cpu3-interf_memory-run4.csv,/home/ghost/hmm_evt/results/derived/interference/container/docker_cpu3-interf_memory-run4.csv,100001,interference,container,docker_cpu3-interf_memory-run4
/home/ghost/hmm_evt/data/interference/docker_cpu3-interf_memory-run5.csv,/home/ghost/hmm_evt/results/derived/interference/container/docker_cpu3-interf_memory-run5.csv,100001,interference,container,docker_cpu3-interf_memory-run5
/home/ghost/hmm_evt/data/interference/docker_cpu3-interf_memory-run6.csv,/home/ghost/hmm_evt/results/derived/interference/container/docker_cpu3-interf_memory-run6.csv,100001,interference,container,docker_cpu3-interf_memory-run6
/home/ghost/hmm_evt/data/interference/docker_cpu3-interf_memory-run7.csv,/home/ghost/hmm_evt/results/derived/interference/container/docker_cpu3-interf_memory-run7.csv,100001,interference,container,docker_cpu3-interf_memory-run7
/home/ghost/hmm_evt/data/interference/docker_cpu3-interf_memory-run8.csv,/home/ghost/hmm_evt/results/derived/interference/container/docker_cpu3-interf_memory-run8.csv,100001,interference,container,docker_cpu3-interf_memory-run8
/home/ghost/hmm_evt/data/interference/docker_cpu3-interf_memory-run9.csv,/home/ghost/hmm_evt/results/derived/interference/container/docker_cpu3-interf_memory-run9.csv,100001,interference,container,docker_cpu3-interf_memory-run9
/home/ghost/hmm_evt/data/interference/docker_cpu3-interf_same_core-run1.csv,/home/ghost/hmm_evt/results/derived/interference/container/docker_cpu3-interf_same_core-run1.csv,100001,interference,container,docker_cpu3-interf_same_core-run1
/home/ghost/hmm_evt/data/interference/docker_cpu3-interf_same_core-run10.csv,/home/ghost/hmm_evt/results/derived/interference/container/docker_cpu3-interf_same_core-run10.csv,100001,interference,container,docker_cpu3-interf_same_core-run10
/home/ghost/hmm_evt/data/interference/docker_cpu3-interf_same_core-run2.csv,/home/ghost/hmm_evt/results/derived/interference/container/docker_cpu3-interf_same_core-run2.csv,100001,interference,container,docker_cpu3-interf_same_core-run2
/home/ghost/hmm_evt/data/interference/docker_cpu3-interf_same_core-run3.csv,/home/ghost/hmm_evt/results/derived/interference/container/docker_cpu3-interf_same_core-run3.csv,100001,interference,container,docker_cpu3-interf_same_core-run3
/home/ghost/hmm_evt/data/interference/docker_cpu3-interf_same_core-run4.csv,/home/ghost/hmm_evt/results/derived/interference/container/docker_cpu3-interf_same_core-run4.csv,100001,interference,container,docker_cpu3-interf_same_core-run4
/home/ghost/hmm_evt/data/interference/docker_cpu3-interf_same_core-run5.csv,/home/ghost/hmm_evt/results/derived/interference/container/docker_cpu3-interf_same_core-run5.csv,100001,interference,container,docker_cpu3-interf_same_core-run5
/home/ghost/hmm_evt/data/interference/docker_cpu3-interf_same_core-run6.csv,/home/ghost/hmm_evt/results/derived/interference/container/docker_cpu3-interf_same_core-run6.csv,100001,interference,container,docker_cpu3-interf_same_core-run6
/home/ghost/hmm_evt/data/interference/docker_cpu3-interf_same_core-run7.csv,/home/ghost/hmm_evt/results/derived/interference/container/docker_cpu3-interf_same_core-run7.csv,100001,interference,container,docker_cpu3-interf_same_core-run7
/home/ghost/hmm_evt/data/interference/docker_cpu3-interf_same_core-run8.csv,/home/ghost/hmm_evt/results/derived/interference/container/docker_cpu3-interf_same_core-run8.csv,100001,interference,container,docker_cpu3-interf_same_core-run8
/home/ghost/hmm_evt/data/interference/docker_cpu3-interf_same_core-run9.csv,/home/ghost/hmm_evt/results/derived/interference/container/docker_cpu3-interf_same_core-run9.csv,100001,interference,container,docker_cpu3-interf_same_core-run9
/home/ghost/hmm_evt/data/interference/host_cpu3-interf_host_cross_core-run1.csv,/home/ghost/hmm_evt/results/derived/interference/host/host_cpu3-interf_host_cross_core-run1.csv,100001,interference,host,host_cpu3-interf_host_cross_core-run1
/home/ghost/hmm_evt/data/interference/host_cpu3-interf_host_cross_core-run10.csv,/home/ghost/hmm_evt/results/derived/interference/host/host_cpu3-interf_host_cross_core-run10.csv,100001,interference,host,host_cpu3-interf_host_cross_core-run10
/home/ghost/hmm_evt/data/interference/host_cpu3-interf_host_cross_core-run2.csv,/home/ghost/hmm_evt/results/derived/interference/host/host_cpu3-interf_host_cross_core-run2.csv,100001,interference,host,host_cpu3-interf_host_cross_core-run2
/home/ghost/hmm_evt/data/interference/host_cpu3-interf_host_cross_core-run3.csv,/home/ghost/hmm_evt/results/derived/interference/host/host_cpu3-interf_host_cross_core-run3.csv,100001,interference,host,host_cpu3-interf_host_cross_core-run3
/home/ghost/hmm_evt/data/interference/host_cpu3-interf_host_cross_core-run4.csv,/home/ghost/hmm_evt/results/derived/interference/host/host_cpu3-interf_host_cross_core-run4.csv,100001,interference,host,host_cpu3-interf_host_cross_core-run4
/home/ghost/hmm_evt/data/interference/host_cpu3-interf_host_cross_core-run5.csv,/home/ghost/hmm_evt/results/derived/interference/host/host_cpu3-interf_host_cross_core-run5.csv,100001,interference,host,host_cpu3-interf_host_cross_core-run5
/home/ghost/hmm_evt/data/interference/host_cpu3-interf_host_cross_core-run6.csv,/home/ghost/hmm_evt/results/derived/interference/host/host_cpu3-interf_host_cross_core-run6.csv,100001,interference,host,host_cpu3-interf_host_cross_core-run6
/home/ghost/hmm_evt/data/interference/host_cpu3-interf_host_cross_core-run7.csv,/home/ghost/hmm_evt/results/derived/interference/host/host_cpu3-interf_host_cross_core-run7.csv,100001,interference,host,host_cpu3-interf_host_cross_core-run7
/home/ghost/hmm_evt/data/interference/host_cpu3-interf_host_cross_core-run8.csv,/home/ghost/hmm_evt/results/derived/interference/host/host_cpu3-interf_host_cross_core-run8.csv,100001,interference,host,host_cpu3-interf_host_cross_core-run8
/home/ghost/hmm_evt/data/interference/host_cpu3-interf_host_cross_core-run9.csv,/home/ghost/hmm_evt/results/derived/interference/host/host_cpu3-interf_host_cross_core-run9.csv,100001,interference,host,host_cpu3-interf_host_cross_core-run9
/home/ghost/hmm_evt/data/interference/host_cpu3-interf_io-run1.csv,/home/ghost/hmm_evt/results/derived/interference/host/host_cpu3-interf_io-run1.csv,100001,interference,host,host_cpu3-interf_io-run1
/home/ghost/hmm_evt/data/interference/host_cpu3-interf_io-run10.csv,/home/ghost/hmm_evt/results/derived/interference/host/host_cpu3-interf_io-run10.csv,100001,interference,host,host_cpu3-interf_io-run10
/home/ghost/hmm_evt/data/interference/host_cpu3-interf_io-run2.csv,/home/ghost/hmm_evt/results/derived/interference/host/host_cpu3-interf_io-run2.csv,100001,interference,host,host_cpu3-interf_io-run2
/home/ghost/hmm_evt/data/interference/host_cpu3-interf_io-run3.csv,/home/ghost/hmm_evt/results/derived/interference/host/host_cpu3-interf_io-run3.csv,100001,interference,host,host_cpu3-interf_io-run3
/home/ghost/hmm_evt/data/interference/host_cpu3-interf_io-run4.csv,/home/ghost/hmm_evt/results/derived/interference/host/host_cpu3-interf_io-run4.csv,100001,interference,host,host_cpu3-interf_io-run4
/home/ghost/hmm_evt/data/interference/host_cpu3-interf_io-run5.csv,/home/ghost/hmm_evt/results/derived/interference/host/host_cpu3-interf_io-run5.csv,100001,interference,host,host_cpu3-interf_io-run5
/home/ghost/hmm_evt/data/interference/host_cpu3-interf_io-run6.csv,/home/ghost/hmm_evt/results/derived/interference/host/host_cpu3-interf_io-run6.csv,99655,interference,host,host_cpu3-interf_io-run6
/home/ghost/hmm_evt/data/interference/host_cpu3-interf_io-run7.csv,/home/ghost/hmm_evt/results/derived/interference/host/host_cpu3-interf_io-run7.csv,100001,interference,host,host_cpu3-interf_io-run7
/home/ghost/hmm_evt/data/interference/host_cpu3-interf_io-run8.csv,/home/ghost/hmm_evt/results/derived/interference/host/host_cpu3-interf_io-run8.csv,100001,interference,host,host_cpu3-interf_io-run8
/home/ghost/hmm_evt/data/interference/host_cpu3-interf_io-run9.csv,/home/ghost/hmm_evt/results/derived/interference/host/host_cpu3-interf_io-run9.csv,100001,interference,host,host_cpu3-interf_io-run9
/home/ghost/hmm_evt/data/interference/host_cpu3-interf_memory-run1.csv,/home/ghost/hmm_evt/results/derived/interference/host/host_cpu3-interf_memory-run1.csv,100001,interference,host,host_cpu3-interf_memory-run1
/home/ghost/hmm_evt/data/interference/host_cpu3-interf_memory-run10.csv,/home/ghost/hmm_evt/results/derived/interference/host/host_cpu3-interf_memory-run10.csv,100001,interference,host,host_cpu3-interf_memory-run10
/home/ghost/hmm_evt/data/interference/host_cpu3-interf_memory-run2.csv,/home/ghost/hmm_evt/results/derived/interference/host/host_cpu3-interf_memory-run2.csv,100001,interference,host,host_cpu3-interf_memory-run2
/home/ghost/hmm_evt/data/interference/host_cpu3-interf_memory-run3.csv,/home/ghost/hmm_evt/results/derived/interference/host/host_cpu3-interf_memory-run3.csv,100001,interference,host,host_cpu3-interf_memory-run3
/home/ghost/hmm_evt/data/interference/host_cpu3-interf_memory-run4.csv,/home/ghost/hmm_evt/results/derived/interference/host/host_cpu3-interf_memory-run4.csv,100001,interference,host,host_cpu3-interf_memory-run4
/home/ghost/hmm_evt/data/interference/host_cpu3-interf_memory-run5.csv,/home/ghost/hmm_evt/results/derived/interference/host/host_cpu3-interf_memory-run5.csv,100001,interference,host,host_cpu3-interf_memory-run5
/home/ghost/hmm_evt/data/interference/host_cpu3-interf_memory-run6.csv,/home/ghost/hmm_evt/results/derived/interference/host/host_cpu3-interf_memory-run6.csv,100001,interference,host,host_cpu3-interf_memory-run6
/home/ghost/hmm_evt/data/interference/host_cpu3-interf_memory-run7.csv,/home/ghost/hmm_evt/results/derived/interference/host/host_cpu3-interf_memory-run7.csv,100001,interference,host,host_cpu3-interf_memory-run7
/home/ghost/hmm_evt/data/interference/host_cpu3-interf_memory-run8.csv,/home/ghost/hmm_evt/results/derived/interference/host/host_cpu3-interf_memory-run8.csv,100001,interference,host,host_cpu3-interf_memory-run8
/home/ghost/hmm_evt/data/interference/host_cpu3-interf_memory-run9.csv,/home/ghost/hmm_evt/results/derived/interference/host/host_cpu3-interf_memory-run9.csv,100001,interference,host,host_cpu3-interf_memory-run9
/home/ghost/hmm_evt/data/interference/host_cpu3-interf_same_core-run1.csv,/home/ghost/hmm_evt/results/derived/interference/host/host_cpu3-interf_same_core-run1.csv,100001,interference,host,host_cpu3-interf_same_core-run1
/home/ghost/hmm_evt/data/interference/host_cpu3-interf_same_core-run10.csv,/home/ghost/hmm_evt/results/derived/interference/host/host_cpu3-interf_same_core-run10.csv,100001,interference,host,host_cpu3-interf_same_core-run10
/home/ghost/hmm_evt/data/interference/host_cpu3-interf_same_core-run2.csv,/home/ghost/hmm_evt/results/derived/interference/host/host_cpu3-interf_same_core-run2.csv,100001,interference,host,host_cpu3-interf_same_core-run2
/home/ghost/hmm_evt/data/interference/host_cpu3-interf_same_core-run3.csv,/home/ghost/hmm_evt/results/derived/interference/host/host_cpu3-interf_same_core-run3.csv,100001,interference,host,host_cpu3-interf_same_core-run3
/home/ghost/hmm_evt/data/interference/host_cpu3-interf_same_core-run4.csv,/home/ghost/hmm_evt/results/derived/interference/host/host_cpu3-interf_same_core-run4.csv,100001,interference,host,host_cpu3-interf_same_core-run4
/home/ghost/hmm_evt/data/interference/host_cpu3-interf_same_core-run5.csv,/home/ghost/hmm_evt/results/derived/interference/host/host_cpu3-interf_same_core-run5.csv,100001,interference,host,host_cpu3-interf_same_core-run5
/home/ghost/hmm_evt/data/interference/host_cpu3-interf_same_core-run6.csv,/home/ghost/hmm_evt/results/derived/interference/host/host_cpu3-interf_same_core-run6.csv,100001,interference,host,host_cpu3-interf_same_core-run6
/home/ghost/hmm_evt/data/interference/host_cpu3-interf_same_core-run7.csv,/home/ghost/hmm_evt/results/derived/interference/host/host_cpu3-interf_same_core-run7.csv,100001,interference,host,host_cpu3-interf_same_core-run7
/home/ghost/hmm_evt/data/interference/host_cpu3-interf_same_core-run8.csv,/home/ghost/hmm_evt/results/derived/interference/host/host_cpu3-interf_same_core-run8.csv,100001,interference,host,host_cpu3-interf_same_core-run8
/home/ghost/hmm_evt/data/interference/host_cpu3-interf_same_core-run9.csv,/home/ghost/hmm_evt/results/derived/interference/host/host_cpu3-interf_same_core-run9.csv,100001,interference,host,host_cpu3-interf_same_core-run9
/home/ghost/hmm_evt/data/sched_fifo_isolated/docker_cpu3-rt_isolated-run1.csv,/home/ghost/hmm_evt/results/derived/sched_fifo_isolated/container/docker_cpu3-rt_isolated-run1.csv,100001,sched_fifo_isolated,container,docker_cpu3-rt_isolated-run1
/home/ghost/hmm_evt/data/sched_fifo_isolated/docker_cpu3-rt_isolated-run10.csv,/home/ghost/hmm_evt/results/derived/sched_fifo_isolated/container/docker_cpu3-rt_isolated-run10.csv,100001,sched_fifo_isolated,container,docker_cpu3-rt_isolated-run10
/home/ghost/hmm_evt/data/sched_fifo_isolated/docker_cpu3-rt_isolated-run2.csv,/home/ghost/hmm_evt/results/derived/sched_fifo_isolated/container/docker_cpu3-rt_isolated-run2.csv,100001,sched_fifo_isolated,container,docker_cpu3-rt_isolated-run2
/home/ghost/hmm_evt/data/sched_fifo_isolated/docker_cpu3-rt_isolated-run3.csv,/home/ghost/hmm_evt/results/derived/sched_fifo_isolated/container/docker_cpu3-rt_isolated-run3.csv,100001,sched_fifo_isolated,container,docker_cpu3-rt_isolated-run3
/home/ghost/hmm_evt/data/sched_fifo_isolated/docker_cpu3-rt_isolated-run4.csv,/home/ghost/hmm_evt/results/derived/sched_fifo_isolated/container/docker_cpu3-rt_isolated-run4.csv,100001,sched_fifo_isolated,container,docker_cpu3-rt_isolated-run4
/home/ghost/hmm_evt/data/sched_fifo_isolated/docker_cpu3-rt_isolated-run5.csv,/home/ghost/hmm_evt/results/derived/sched_fifo_isolated/container/docker_cpu3-rt_isolated-run5.csv,100001,sched_fifo_isolated,container,docker_cpu3-rt_isolated-run5
/home/ghost/hmm_evt/data/sched_fifo_isolated/docker_cpu3-rt_isolated-run6.csv,/home/ghost/hmm_evt/results/derived/sched_fifo_isolated/container/docker_cpu3-rt_isolated-run6.csv,100001,sched_fifo_isolated,container,docker_cpu3-rt_isolated-run6
/home/ghost/hmm_evt/data/sched_fifo_isolated/docker_cpu3-rt_isolated-run7.csv,/home/ghost/hmm_evt/results/derived/sched_fifo_isolated/container/docker_cpu3-rt_isolated-run7.csv,100001,sched_fifo_isolated,container,docker_cpu3-rt_isolated-run7
/home/ghost/hmm_evt/data/sched_fifo_isolated/docker_cpu3-rt_isolated-run8.csv,/home/ghost/hmm_evt/results/derived/sched_fifo_isolated/container/docker_cpu3-rt_isolated-run8.csv,100001,sched_fifo_isolated,container,docker_cpu3-rt_isolated-run8
/home/ghost/hmm_evt/data/sched_fifo_isolated/docker_cpu3-rt_isolated-run9.csv,/home/ghost/hmm_evt/results/derived/sched_fifo_isolated/container/docker_cpu3-rt_isolated-run9.csv,100001,sched_fifo_isolated,container,docker_cpu3-rt_isolated-run9
/home/ghost/hmm_evt/data/sched_fifo_isolated/host_cpu3-rt_isolated-run1.csv,/home/ghost/hmm_evt/results/derived/sched_fifo_isolated/host/host_cpu3-rt_isolated-run1.csv,100001,sched_fifo_isolated,host,host_cpu3-rt_isolated-run1
/home/ghost/hmm_evt/data/sched_fifo_isolated/host_cpu3-rt_isolated-run10.csv,/home/ghost/hmm_evt/results/derived/sched_fifo_isolated/host/host_cpu3-rt_isolated-run10.csv,100001,sched_fifo_isolated,host,host_cpu3-rt_isolated-run10
/home/ghost/hmm_evt/data/sched_fifo_isolated/host_cpu3-rt_isolated-run2.csv,/home/ghost/hmm_evt/results/derived/sched_fifo_isolated/host/host_cpu3-rt_isolated-run2.csv,100001,sched_fifo_isolated,host,host_cpu3-rt_isolated-run2
/home/ghost/hmm_evt/data/sched_fifo_isolated/host_cpu3-rt_isolated-run3.csv,/home/ghost/hmm_evt/results/derived/sched_fifo_isolated/host/host_cpu3-rt_isolated-run3.csv,100001,sched_fifo_isolated,host,host_cpu3-rt_isolated-run3
/home/ghost/hmm_evt/data/sched_fifo_isolated/host_cpu3-rt_isolated-run4.csv,/home/ghost/hmm_evt/results/derived/sched_fifo_isolated/host/host_cpu3-rt_isolated-run4.csv,100001,sched_fifo_isolated,host,host_cpu3-rt_isolated-run4
/home/ghost/hmm_evt/data/sched_fifo_isolated/host_cpu3-rt_isolated-run5.csv,/home/ghost/hmm_evt/results/derived/sched_fifo_isolated/host/host_cpu3-rt_isolated-run5.csv,100001,sched_fifo_isolated,host,host_cpu3-rt_isolated-run5
/home/ghost/hmm_evt/data/sched_fifo_isolated/host_cpu3-rt_isolated-run6.csv,/home/ghost/hmm_evt/results/derived/sched_fifo_isolated/host/host_cpu3-rt_isolated-run6.csv,100001,sched_fifo_isolated,host,host_cpu3-rt_isolated-run6
/home/ghost/hmm_evt/data/sched_fifo_isolated/host_cpu3-rt_isolated-run7.csv,/home/ghost/hmm_evt/results/derived/sched_fifo_isolated/host/host_cpu3-rt_isolated-run7.csv,100001,sched_fifo_isolated,host,host_cpu3-rt_isolated-run7
/home/ghost/hmm_evt/data/sched_fifo_isolated/host_cpu3-rt_isolated-run8.csv,/home/ghost/hmm_evt/results/derived/sched_fifo_isolated/host/host_cpu3-rt_isolated-run8.csv,100001,sched_fifo_isolated,host,host_cpu3-rt_isolated-run8
/home/ghost/hmm_evt/data/sched_fifo_isolated/host_cpu3-rt_isolated-run9.csv,/home/ghost/hmm_evt/results/derived/sched_fifo_isolated/host/host_cpu3-rt_isolated-run9.csv,100001,sched_fifo_isolated,host,host_cpu3-rt_isolated-run9
/home/ghost/hmm_evt/data/shared_cpuset_contention/docker_sharing_shared_pool_k0-run1.csv,/home/ghost/hmm_evt/results/derived/shared_cpuset_contention/container/docker_sharing_shared_pool_k0-run1.csv,100001,shared_cpuset_contention,container,docker_sharing_shared_pool_k0-run1
/home/ghost/hmm_evt/data/shared_cpuset_contention/docker_sharing_shared_pool_k0-run10.csv,/home/ghost/hmm_evt/results/derived/shared_cpuset_contention/container/docker_sharing_shared_pool_k0-run10.csv,100001,shared_cpuset_contention,container,docker_sharing_shared_pool_k0-run10
/home/ghost/hmm_evt/data/shared_cpuset_contention/docker_sharing_shared_pool_k0-run2.csv,/home/ghost/hmm_evt/results/derived/shared_cpuset_contention/container/docker_sharing_shared_pool_k0-run2.csv,100001,shared_cpuset_contention,container,docker_sharing_shared_pool_k0-run2
/home/ghost/hmm_evt/data/shared_cpuset_contention/docker_sharing_shared_pool_k0-run3.csv,/home/ghost/hmm_evt/results/derived/shared_cpuset_contention/container/docker_sharing_shared_pool_k0-run3.csv,100001,shared_cpuset_contention,container,docker_sharing_shared_pool_k0-run3
/home/ghost/hmm_evt/data/shared_cpuset_contention/docker_sharing_shared_pool_k0-run4.csv,/home/ghost/hmm_evt/results/derived/shared_cpuset_contention/container/docker_sharing_shared_pool_k0-run4.csv,100001,shared_cpuset_contention,container,docker_sharing_shared_pool_k0-run4
/home/ghost/hmm_evt/data/shared_cpuset_contention/docker_sharing_shared_pool_k0-run5.csv,/home/ghost/hmm_evt/results/derived/shared_cpuset_contention/container/docker_sharing_shared_pool_k0-run5.csv,100001,shared_cpuset_contention,container,docker_sharing_shared_pool_k0-run5
/home/ghost/hmm_evt/data/shared_cpuset_contention/docker_sharing_shared_pool_k0-run6.csv,/home/ghost/hmm_evt/results/derived/shared_cpuset_contention/container/docker_sharing_shared_pool_k0-run6.csv,100001,shared_cpuset_contention,container,docker_sharing_shared_pool_k0-run6
/home/ghost/hmm_evt/data/shared_cpuset_contention/docker_sharing_shared_pool_k0-run7.csv,/home/ghost/hmm_evt/results/derived/shared_cpuset_contention/container/docker_sharing_shared_pool_k0-run7.csv,100001,shared_cpuset_contention,container,docker_sharing_shared_pool_k0-run7
/home/ghost/hmm_evt/data/shared_cpuset_contention/docker_sharing_shared_pool_k0-run8.csv,/home/ghost/hmm_evt/results/derived/shared_cpuset_contention/container/docker_sharing_shared_pool_k0-run8.csv,100001,shared_cpuset_contention,container,docker_sharing_shared_pool_k0-run8
/home/ghost/hmm_evt/data/shared_cpuset_contention/docker_sharing_shared_pool_k0-run9.csv,/home/ghost/hmm_evt/results/derived/shared_cpuset_contention/container/docker_sharing_shared_pool_k0-run9.csv,100001,shared_cpuset_contention,container,docker_sharing_shared_pool_k0-run9
/home/ghost/hmm_evt/data/shared_cpuset_contention/docker_sharing_shared_pool_k10-run1.csv,/home/ghost/hmm_evt/results/derived/shared_cpuset_contention/container/docker_sharing_shared_pool_k10-run1.csv,100001,shared_cpuset_contention,container,docker_sharing_shared_pool_k10-run1
/home/ghost/hmm_evt/data/shared_cpuset_contention/docker_sharing_shared_pool_k10-run10.csv,/home/ghost/hmm_evt/results/derived/shared_cpuset_contention/container/docker_sharing_shared_pool_k10-run10.csv,100001,shared_cpuset_contention,container,docker_sharing_shared_pool_k10-run10
/home/ghost/hmm_evt/data/shared_cpuset_contention/docker_sharing_shared_pool_k10-run2.csv,/home/ghost/hmm_evt/results/derived/shared_cpuset_contention/container/docker_sharing_shared_pool_k10-run2.csv,100001,shared_cpuset_contention,container,docker_sharing_shared_pool_k10-run2
/home/ghost/hmm_evt/data/shared_cpuset_contention/docker_sharing_shared_pool_k10-run3.csv,/home/ghost/hmm_evt/results/derived/shared_cpuset_contention/container/docker_sharing_shared_pool_k10-run3.csv,100001,shared_cpuset_contention,container,docker_sharing_shared_pool_k10-run3
/home/ghost/hmm_evt/data/shared_cpuset_contention/docker_sharing_shared_pool_k10-run4.csv,/home/ghost/hmm_evt/results/derived/shared_cpuset_contention/container/docker_sharing_shared_pool_k10-run4.csv,100001,shared_cpuset_contention,container,docker_sharing_shared_pool_k10-run4
/home/ghost/hmm_evt/data/shared_cpuset_contention/docker_sharing_shared_pool_k10-run5.csv,/home/ghost/hmm_evt/results/derived/shared_cpuset_contention/container/docker_sharing_shared_pool_k10-run5.csv,100001,shared_cpuset_contention,container,docker_sharing_shared_pool_k10-run5
/home/ghost/hmm_evt/data/shared_cpuset_contention/docker_sharing_shared_pool_k10-run6.csv,/home/ghost/hmm_evt/results/derived/shared_cpuset_contention/container/docker_sharing_shared_pool_k10-run6.csv,100001,shared_cpuset_contention,container,docker_sharing_shared_pool_k10-run6
/home/ghost/hmm_evt/data/shared_cpuset_contention/docker_sharing_shared_pool_k10-run7.csv,/home/ghost/hmm_evt/results/derived/shared_cpuset_contention/container/docker_sharing_shared_pool_k10-run7.csv,100001,shared_cpuset_contention,container,docker_sharing_shared_pool_k10-run7
/home/ghost/hmm_evt/data/shared_cpuset_contention/docker_sharing_shared_pool_k10-run8.csv,/home/ghost/hmm_evt/results/derived/shared_cpuset_contention/container/docker_sharing_shared_pool_k10-run8.csv,100001,shared_cpuset_contention,container,docker_sharing_shared_pool_k10-run8
/home/ghost/hmm_evt/data/shared_cpuset_contention/docker_sharing_shared_pool_k10-run9.csv,/home/ghost/hmm_evt/results/derived/shared_cpuset_contention/container/docker_sharing_shared_pool_k10-run9.csv,100001,shared_cpuset_contention,container,docker_sharing_shared_pool_k10-run9
/home/ghost/hmm_evt/data/shared_cpuset_contention/docker_sharing_shared_pool_k12-run1.csv,/home/ghost/hmm_evt/results/derived/shared_cpuset_contention/container/docker_sharing_shared_pool_k12-run1.csv,100001,shared_cpuset_contention,container,docker_sharing_shared_pool_k12-run1
/home/ghost/hmm_evt/data/shared_cpuset_contention/docker_sharing_shared_pool_k12-run10.csv,/home/ghost/hmm_evt/results/derived/shared_cpuset_contention/container/docker_sharing_shared_pool_k12-run10.csv,100001,shared_cpuset_contention,container,docker_sharing_shared_pool_k12-run10
/home/ghost/hmm_evt/data/shared_cpuset_contention/docker_sharing_shared_pool_k12-run2.csv,/home/ghost/hmm_evt/results/derived/shared_cpuset_contention/container/docker_sharing_shared_pool_k12-run2.csv,100001,shared_cpuset_contention,container,docker_sharing_shared_pool_k12-run2
/home/ghost/hmm_evt/data/shared_cpuset_contention/docker_sharing_shared_pool_k12-run3.csv,/home/ghost/hmm_evt/results/derived/shared_cpuset_contention/container/docker_sharing_shared_pool_k12-run3.csv,100001,shared_cpuset_contention,container,docker_sharing_shared_pool_k12-run3
/home/ghost/hmm_evt/data/shared_cpuset_contention/docker_sharing_shared_pool_k12-run4.csv,/home/ghost/hmm_evt/results/derived/shared_cpuset_contention/container/docker_sharing_shared_pool_k12-run4.csv,100001,shared_cpuset_contention,container,docker_sharing_shared_pool_k12-run4
/home/ghost/hmm_evt/data/shared_cpuset_contention/docker_sharing_shared_pool_k12-run5.csv,/home/ghost/hmm_evt/results/derived/shared_cpuset_contention/container/docker_sharing_shared_pool_k12-run5.csv,100001,shared_cpuset_contention,container,docker_sharing_shared_pool_k12-run5
/home/ghost/hmm_evt/data/shared_cpuset_contention/docker_sharing_shared_pool_k12-run6.csv,/home/ghost/hmm_evt/results/derived/shared_cpuset_contention/container/docker_sharing_shared_pool_k12-run6.csv,100001,shared_cpuset_contention,container,docker_sharing_shared_pool_k12-run6
/home/ghost/hmm_evt/data/shared_cpuset_contention/docker_sharing_shared_pool_k12-run7.csv,/home/ghost/hmm_evt/results/derived/shared_cpuset_contention/container/docker_sharing_shared_pool_k12-run7.csv,100001,shared_cpuset_contention,container,docker_sharing_shared_pool_k12-run7
/home/ghost/hmm_evt/data/shared_cpuset_contention/docker_sharing_shared_pool_k12-run8.csv,/home/ghost/hmm_evt/results/derived/shared_cpuset_contention/container/docker_sharing_shared_pool_k12-run8.csv,100001,shared_cpuset_contention,container,docker_sharing_shared_pool_k12-run8
/home/ghost/hmm_evt/data/shared_cpuset_contention/docker_sharing_shared_pool_k12-run9.csv,/home/ghost/hmm_evt/results/derived/shared_cpuset_contention/container/docker_sharing_shared_pool_k12-run9.csv,100001,shared_cpuset_contention,container,docker_sharing_shared_pool_k12-run9
/home/ghost/hmm_evt/data/shared_cpuset_contention/docker_sharing_shared_pool_k2-run1.csv,/home/ghost/hmm_evt/results/derived/shared_cpuset_contention/container/docker_sharing_shared_pool_k2-run1.csv,100001,shared_cpuset_contention,container,docker_sharing_shared_pool_k2-run1
/home/ghost/hmm_evt/data/shared_cpuset_contention/docker_sharing_shared_pool_k2-run10.csv,/home/ghost/hmm_evt/results/derived/shared_cpuset_contention/container/docker_sharing_shared_pool_k2-run10.csv,100001,shared_cpuset_contention,container,docker_sharing_shared_pool_k2-run10
/home/ghost/hmm_evt/data/shared_cpuset_contention/docker_sharing_shared_pool_k2-run2.csv,/home/ghost/hmm_evt/results/derived/shared_cpuset_contention/container/docker_sharing_shared_pool_k2-run2.csv,100001,shared_cpuset_contention,container,docker_sharing_shared_pool_k2-run2
/home/ghost/hmm_evt/data/shared_cpuset_contention/docker_sharing_shared_pool_k2-run3.csv,/home/ghost/hmm_evt/results/derived/shared_cpuset_contention/container/docker_sharing_shared_pool_k2-run3.csv,100001,shared_cpuset_contention,container,docker_sharing_shared_pool_k2-run3
/home/ghost/hmm_evt/data/shared_cpuset_contention/docker_sharing_shared_pool_k2-run4.csv,/home/ghost/hmm_evt/results/derived/shared_cpuset_contention/container/docker_sharing_shared_pool_k2-run4.csv,100001,shared_cpuset_contention,container,docker_sharing_shared_pool_k2-run4
/home/ghost/hmm_evt/data/shared_cpuset_contention/docker_sharing_shared_pool_k2-run5.csv,/home/ghost/hmm_evt/results/derived/shared_cpuset_contention/container/docker_sharing_shared_pool_k2-run5.csv,100001,shared_cpuset_contention,container,docker_sharing_shared_pool_k2-run5
/home/ghost/hmm_evt/data/shared_cpuset_contention/docker_sharing_shared_pool_k2-run6.csv,/home/ghost/hmm_evt/results/derived/shared_cpuset_contention/container/docker_sharing_shared_pool_k2-run6.csv,100001,shared_cpuset_contention,container,docker_sharing_shared_pool_k2-run6
/home/ghost/hmm_evt/data/shared_cpuset_contention/docker_sharing_shared_pool_k2-run7.csv,/home/ghost/hmm_evt/results/derived/shared_cpuset_contention/container/docker_sharing_shared_pool_k2-run7.csv,100001,shared_cpuset_contention,container,docker_sharing_shared_pool_k2-run7
/home/ghost/hmm_evt/data/shared_cpuset_contention/docker_sharing_shared_pool_k2-run8.csv,/home/ghost/hmm_evt/results/derived/shared_cpuset_contention/container/docker_sharing_shared_pool_k2-run8.csv,100001,shared_cpuset_contention,container,docker_sharing_shared_pool_k2-run8
/home/ghost/hmm_evt/data/shared_cpuset_contention/docker_sharing_shared_pool_k2-run9.csv,/home/ghost/hmm_evt/results/derived/shared_cpuset_contention/container/docker_sharing_shared_pool_k2-run9.csv,100001,shared_cpuset_contention,container,docker_sharing_shared_pool_k2-run9
/home/ghost/hmm_evt/data/shared_cpuset_contention/docker_sharing_shared_pool_k4-run1.csv,/home/ghost/hmm_evt/results/derived/shared_cpuset_contention/container/docker_sharing_shared_pool_k4-run1.csv,100001,shared_cpuset_contention,container,docker_sharing_shared_pool_k4-run1
/home/ghost/hmm_evt/data/shared_cpuset_contention/docker_sharing_shared_pool_k4-run10.csv,/home/ghost/hmm_evt/results/derived/shared_cpuset_contention/container/docker_sharing_shared_pool_k4-run10.csv,100001,shared_cpuset_contention,container,docker_sharing_shared_pool_k4-run10
/home/ghost/hmm_evt/data/shared_cpuset_contention/docker_sharing_shared_pool_k4-run2.csv,/home/ghost/hmm_evt/results/derived/shared_cpuset_contention/container/docker_sharing_shared_pool_k4-run2.csv,100001,shared_cpuset_contention,container,docker_sharing_shared_pool_k4-run2
/home/ghost/hmm_evt/data/shared_cpuset_contention/docker_sharing_shared_pool_k4-run3.csv,/home/ghost/hmm_evt/results/derived/shared_cpuset_contention/container/docker_sharing_shared_pool_k4-run3.csv,100001,shared_cpuset_contention,container,docker_sharing_shared_pool_k4-run3
/home/ghost/hmm_evt/data/shared_cpuset_contention/docker_sharing_shared_pool_k4-run4.csv,/home/ghost/hmm_evt/results/derived/shared_cpuset_contention/container/docker_sharing_shared_pool_k4-run4.csv,100001,shared_cpuset_contention,container,docker_sharing_shared_pool_k4-run4
/home/ghost/hmm_evt/data/shared_cpuset_contention/docker_sharing_shared_pool_k4-run5.csv,/home/ghost/hmm_evt/results/derived/shared_cpuset_contention/container/docker_sharing_shared_pool_k4-run5.csv,100001,shared_cpuset_contention,container,docker_sharing_shared_pool_k4-run5
/home/ghost/hmm_evt/data/shared_cpuset_contention/docker_sharing_shared_pool_k4-run6.csv,/home/ghost/hmm_evt/results/derived/shared_cpuset_contention/container/docker_sharing_shared_pool_k4-run6.csv,100001,shared_cpuset_contention,container,docker_sharing_shared_pool_k4-run6
/home/ghost/hmm_evt/data/shared_cpuset_contention/docker_sharing_shared_pool_k4-run7.csv,/home/ghost/hmm_evt/results/derived/shared_cpuset_contention/container/docker_sharing_shared_pool_k4-run7.csv,100001,shared_cpuset_contention,container,docker_sharing_shared_pool_k4-run7
/home/ghost/hmm_evt/data/shared_cpuset_contention/docker_sharing_shared_pool_k4-run8.csv,/home/ghost/hmm_evt/results/derived/shared_cpuset_contention/container/docker_sharing_shared_pool_k4-run8.csv,100001,shared_cpuset_contention,container,docker_sharing_shared_pool_k4-run8
/home/ghost/hmm_evt/data/shared_cpuset_contention/docker_sharing_shared_pool_k4-run9.csv,/home/ghost/hmm_evt/results/derived/shared_cpuset_contention/container/docker_sharing_shared_pool_k4-run9.csv,100001,shared_cpuset_contention,container,docker_sharing_shared_pool_k4-run9
/home/ghost/hmm_evt/data/shared_cpuset_contention/docker_sharing_shared_pool_k6-run1.csv,/home/ghost/hmm_evt/results/derived/shared_cpuset_contention/container/docker_sharing_shared_pool_k6-run1.csv,100001,shared_cpuset_contention,container,docker_sharing_shared_pool_k6-run1
/home/ghost/hmm_evt/data/shared_cpuset_contention/docker_sharing_shared_pool_k6-run10.csv,/home/ghost/hmm_evt/results/derived/shared_cpuset_contention/container/docker_sharing_shared_pool_k6-run10.csv,100001,shared_cpuset_contention,container,docker_sharing_shared_pool_k6-run10
/home/ghost/hmm_evt/data/shared_cpuset_contention/docker_sharing_shared_pool_k6-run2.csv,/home/ghost/hmm_evt/results/derived/shared_cpuset_contention/container/docker_sharing_shared_pool_k6-run2.csv,100001,shared_cpuset_contention,container,docker_sharing_shared_pool_k6-run2
/home/ghost/hmm_evt/data/shared_cpuset_contention/docker_sharing_shared_pool_k6-run3.csv,/home/ghost/hmm_evt/results/derived/shared_cpuset_contention/container/docker_sharing_shared_pool_k6-run3.csv,100001,shared_cpuset_contention,container,docker_sharing_shared_pool_k6-run3
/home/ghost/hmm_evt/data/shared_cpuset_contention/docker_sharing_shared_pool_k6-run4.csv,/home/ghost/hmm_evt/results/derived/shared_cpuset_contention/container/docker_sharing_shared_pool_k6-run4.csv,100001,shared_cpuset_contention,container,docker_sharing_shared_pool_k6-run4
/home/ghost/hmm_evt/data/shared_cpuset_contention/docker_sharing_shared_pool_k6-run5.csv,/home/ghost/hmm_evt/results/derived/shared_cpuset_contention/container/docker_sharing_shared_pool_k6-run5.csv,100001,shared_cpuset_contention,container,docker_sharing_shared_pool_k6-run5
/home/ghost/hmm_evt/data/shared_cpuset_contention/docker_sharing_shared_pool_k6-run6.csv,/home/ghost/hmm_evt/results/derived/shared_cpuset_contention/container/docker_sharing_shared_pool_k6-run6.csv,100001,shared_cpuset_contention,container,docker_sharing_shared_pool_k6-run6
/home/ghost/hmm_evt/data/shared_cpuset_contention/docker_sharing_shared_pool_k6-run7.csv,/home/ghost/hmm_evt/results/derived/shared_cpuset_contention/container/docker_sharing_shared_pool_k6-run7.csv,100001,shared_cpuset_contention,container,docker_sharing_shared_pool_k6-run7
/home/ghost/hmm_evt/data/shared_cpuset_contention/docker_sharing_shared_pool_k6-run8.csv,/home/ghost/hmm_evt/results/derived/shared_cpuset_contention/container/docker_sharing_shared_pool_k6-run8.csv,100001,shared_cpuset_contention,container,docker_sharing_shared_pool_k6-run8
/home/ghost/hmm_evt/data/shared_cpuset_contention/docker_sharing_shared_pool_k6-run9.csv,/home/ghost/hmm_evt/results/derived/shared_cpuset_contention/container/docker_sharing_shared_pool_k6-run9.csv,100001,shared_cpuset_contention,container,docker_sharing_shared_pool_k6-run9
/home/ghost/hmm_evt/data/shared_cpuset_contention/docker_sharing_shared_pool_k8-run1.csv,/home/ghost/hmm_evt/results/derived/shared_cpuset_contention/container/docker_sharing_shared_pool_k8-run1.csv,100001,shared_cpuset_contention,container,docker_sharing_shared_pool_k8-run1
/home/ghost/hmm_evt/data/shared_cpuset_contention/docker_sharing_shared_pool_k8-run10.csv,/home/ghost/hmm_evt/results/derived/shared_cpuset_contention/container/docker_sharing_shared_pool_k8-run10.csv,100001,shared_cpuset_contention,container,docker_sharing_shared_pool_k8-run10
/home/ghost/hmm_evt/data/shared_cpuset_contention/docker_sharing_shared_pool_k8-run2.csv,/home/ghost/hmm_evt/results/derived/shared_cpuset_contention/container/docker_sharing_shared_pool_k8-run2.csv,100001,shared_cpuset_contention,container,docker_sharing_shared_pool_k8-run2
/home/ghost/hmm_evt/data/shared_cpuset_contention/docker_sharing_shared_pool_k8-run3.csv,/home/ghost/hmm_evt/results/derived/shared_cpuset_contention/container/docker_sharing_shared_pool_k8-run3.csv,100001,shared_cpuset_contention,container,docker_sharing_shared_pool_k8-run3
/home/ghost/hmm_evt/data/shared_cpuset_contention/docker_sharing_shared_pool_k8-run4.csv,/home/ghost/hmm_evt/results/derived/shared_cpuset_contention/container/docker_sharing_shared_pool_k8-run4.csv,100001,shared_cpuset_contention,container,docker_sharing_shared_pool_k8-run4
/home/ghost/hmm_evt/data/shared_cpuset_contention/docker_sharing_shared_pool_k8-run5.csv,/home/ghost/hmm_evt/results/derived/shared_cpuset_contention/container/docker_sharing_shared_pool_k8-run5.csv,100001,shared_cpuset_contention,container,docker_sharing_shared_pool_k8-run5
/home/ghost/hmm_evt/data/shared_cpuset_contention/docker_sharing_shared_pool_k8-run6.csv,/home/ghost/hmm_evt/results/derived/shared_cpuset_contention/container/docker_sharing_shared_pool_k8-run6.csv,100001,shared_cpuset_contention,container,docker_sharing_shared_pool_k8-run6
/home/ghost/hmm_evt/data/shared_cpuset_contention/docker_sharing_shared_pool_k8-run7.csv,/home/ghost/hmm_evt/results/derived/shared_cpuset_contention/container/docker_sharing_shared_pool_k8-run7.csv,100001,shared_cpuset_contention,container,docker_sharing_shared_pool_k8-run7
/home/ghost/hmm_evt/data/shared_cpuset_contention/docker_sharing_shared_pool_k8-run8.csv,/home/ghost/hmm_evt/results/derived/shared_cpuset_contention/container/docker_sharing_shared_pool_k8-run8.csv,100001,shared_cpuset_contention,container,docker_sharing_shared_pool_k8-run8
/home/ghost/hmm_evt/data/shared_cpuset_contention/docker_sharing_shared_pool_k8-run9.csv,/home/ghost/hmm_evt/results/derived/shared_cpuset_contention/container/docker_sharing_shared_pool_k8-run9.csv,100001,shared_cpuset_contention,container,docker_sharing_shared_pool_k8-run9
