file,condition,environment,run,status,rows,missing_columns,null_required,release_nonmonotonic,response_mismatch,miss_mismatch,error
/home/ghost/hmm_evt/data/cfs_pinned/docker_cpu3-baseline_cfs-run1.csv,cfs_pinned,container,docker_cpu3-baseline_cfs-run1,ok,100001,,0,0,0,0,
/home/ghost/hmm_evt/data/cfs_pinned/docker_cpu3-baseline_cfs-run10.csv,cfs_pinned,container,docker_cpu3-baseline_cfs-run10,ok,100001,,0,0,0,0,
/home/ghost/hmm_evt/data/cfs_pinned/docker_cpu3-baseline_cfs-run2.csv,cfs_pinned,container,docker_cpu3-baseline_cfs-run2,ok,100001,,0,0,0,0,
/home/ghost/hmm_evt/data/cfs_pinned/docker_cpu3-baseline_cfs-run3.csv,cfs_pinned,container,docker_cpu3-baseline_cfs-run3,ok,100001,,0,0,0,0,
/home/ghost/hmm_evt/data/cfs_pinned/docker_cpu3-baseline_cfs-run4.csv,cfs_pinned,container,docker_cpu3-baseline_cfs-run4,ok,100001,,0,0,0,0,
/home/ghost/hmm_evt/data/cfs_pinned/docker_cpu3-baseline_cfs-run5.csv,cfs_pinned,container,docker_cpu3-baseline_cfs-run5,ok,100001,,0,0,0,0,
/home/ghost/hmm_evt/data/cfs_pinned/docker_cpu3-baseline_cfs-run6.csv,cfs_pinned,container,docker_cpu3-baseline_cfs-run6,ok,100001,,0,0,0,0,
/home/ghost/hmm_evt/data/cfs_pinned/docker_cpu3-baseline_cfs-run7.csv,cfs_pinned,container,docker_cpu3-baseline_cfs-run7,ok,100001,,0,0,0,0,
/home/ghost/hmm_evt/data/cfs_pinned/docker_cpu3-baseline_cfs-run8.csv,cfs_pinned,container,docker_cpu3-baseline_cfs-run8,ok,100001,,0,0,0,0,
/home/ghost/hmm_evt/data/cfs_pinned/docker_cpu3-baseline_cfs-run9.csv,cfs_pinned,container,docker_cpu3-baseline_cfs-run9,ok,100001,,0,0,0,0,
/home/ghost/hmm_evt/data/cfs_pinned/host_cpu3-baseline_cfs-run1.csv,cfs_pinned,host,host_cpu3-baseline_cfs-run1,ok,100001,,0,0,0,0,
/home/ghost/hmm_evt/data/cfs_pinned/host_cpu3-baseline_cfs-run10.csv,cfs_pinned,host,host_cpu3-baseline_cfs-run10,ok,100001,,0,0,0,0,
/home/ghost/hmm_evt/data/cfs_pinned/host_cpu3-baseline_cfs-run2.csv,cfs_pinned,host,host_cpu3-baseline_cfs-run2,ok,100001,,0,0,0,0,
/home/ghost/hmm_evt/data/cfs_pinned/host_cpu3-baseline_cfs-run3.csv,cfs_pinned,host,host_cpu3-baseline_cfs-run3,ok,100001,,0,0,0,0,
/home/ghost/hmm_evt/data/cfs_pinned/host_cpu3-baseline_cfs-run4.csv,cfs_pinned,host,host_cpu3-baseline_cfs-run4,ok,100001,,0,0,0,0,
/home/ghost/hmm_evt/data/cfs_pinned/host_cpu3-baseline_cfs-run5.csv,cfs_pinned,host,host_cpu3-baseline_cfs-run5,ok,100001,,0,0,0,0,
/home/ghost/hmm_evt/data/cfs_pinned/host_cpu3-baseline_cfs-run6.csv,cfs_pinned,host,host_cpu3-baseline_cfs-run6,ok,100001,,0,0,0,0,
/home/ghost/hmm_evt/data/cfs_pinned/host_cpu3-baseline_cfs-run7.csv,cfs_pinned,host,host_cpu3-baseline_cfs-run7,ok,100001,,0,0,0,0,
/home/ghost/hmm_evt/data/cfs_pinned/host_cpu3-baseline_cfs-run8.csv,cfs_pinned,host,host_cpu3-baseline_cfs-run8,ok,100001,,0,0,0,0,
/home/ghost/hmm_evt/data/cfs_pinned/host_cpu3-baseline_cfs-run9.csv,cfs_pinned,host,host_cpu3-baseline_cfs-run9,ok,100001,,0,0,0,0,
/home/ghost/hmm_evt/data/cfs_quota/quota_13-run1.csv,cfs_quota,container,quota_13-run1,ok,100001,,0,0,0,0,
/home/ghost/hmm_evt/data/cfs_quota/quota_13-run10.csv,cfs_quota,container,quota_13-run10,ok,100001,,0,0,0,0,
/home/ghost/hmm_evt/data/cfs_quota/quota_13-run2.csv,cfs_quota,container,quota_13-run2,ok,100001,,0,0,0,0,
/home/ghost/hmm_evt/data/cfs_quota/quota_13-run3.csv,cfs_quota,container,quota_13-run3,ok,100001,,0,0,0,0,
/home/ghost/hmm_evt/data/cfs_quota/quota_13-run4.csv,cfs_quota,container,quota_13-run4,ok,100001,,0,0,0,0,
/home/ghost/hmm_evt/data/cfs_quota/quota_13-run5.csv,cfs_quota,container,quota_13-run5,ok,100001,,0,0,0,0,
/home/ghost/hmm_evt/data/cfs_quota/quota_13-run6.csv,cfs_quota,container,quota_13-run6,ok,100001,,0,0,0,0,
/home/ghost/hmm_evt/data/cfs_quota/quota_13-run7.csv,cfs_quota,container,quota_13-run7,ok,100001,,0,0,0,0,
/home/ghost/hmm_evt/data/cfs_quota/quota_13-run8.csv,cfs_quota,container,quota_13-run8,ok,100001,,0,0,0,0,
/home/ghost/hmm_evt/data/cfs_quota/quota_13-run9.csv,cfs_quota,container,quota_13-run9,ok,100001,,0,0,0,0,
/home/ghost/hmm_evt/data/cfs_quota/quota_15-run1.csv,cfs_quota,container,quota_15-run1,ok,100001,,0,0,0,0,
/home/ghost/hmm_evt/data/cfs_quota/quota_15-run10.csv,cfs_quota,container,quota_15-run10,ok,100001,,0,0,0,0,
/home/ghost/hmm_evt/data/cfs_quota/quota_15-run2.csv,cfs_quota,container,quota_15-run2,ok,100001,,0,0,0,0,
/home/ghost/hmm_evt/data/cfs_quota/quota_15-run3.csv,cfs_quota,container,quota_15-run3,ok,100001,,0,0,0,0,
/home/ghost/hmm_evt/data/cfs_quota/quota_15-run4.csv,cfs_quota,container,quota_15-run4,ok,100001,,0,0,0,0,
/home/ghost/hmm_evt/data/cfs_quota/quota_15-run5.csv,cfs_quota,container,quota_15-run5,ok,100001,,0,0,0,0,
/home/ghost/hmm_evt/data/cfs_quota/quota_15-run6.csv,cfs_quota,container,quota_15-run6,ok,100001,,0,0,0,0,
/home/ghost/hmm_evt/data/cfs_quota/quota_15-run7.csv,cfs_quota,container,quota_15-run7,ok,100001,,0,0,0,0,
/home/ghost/hmm_evt/data/cfs_quota/quota_15-run8.csv,cfs_quota,container,quota_15-run8,ok,100001,,0,0,0,0,
/home/ghost/hmm_evt/data/cfs_quota/quota_15-run9.csv,cfs_quota,container,quota_15-run9,ok,100001,,0,0,0,0,
/home/ghost/hmm_evt/data/cfs_quota/quota_17-run1.csv,cfs_quota,container,quota_17-run1,ok,100001,,0,0,0,0,
/home/ghost/hmm_evt/data/cfs_quota/quota_17-run10.csv,cfs_quota,container,quota_17-run10,ok,100001,,0,0,0,0,
/home/ghost/hmm_evt/data/cfs_quota/quota_17-run2.csv,cfs_quota,container,quota_17-run2,ok,100001,,0,0,0,0,
/home/ghost/hmm_evt/data/cfs_quota/quota_17-run3.csv,cfs_quota,container,quota_17-run3,ok,100001,,0,0,0,0,
/home/ghost/hmm_evt/data/cfs_quota/quota_17-run4.csv,cfs_quota,container,quota_17-run4,ok,100001,,0,0,0,0,
/home/ghost/hmm_evt/data/cfs_quota/quota_17-run5.csv,cfs_quota,container,quota_17-run5,ok,100001,,0,0,0,0,
/home/ghost/hmm_evt/data/cfs_quota/quota_17-run6.csv,cfs_quota,container,quota_17-run6,ok,100001,,0,0,0,0,
/home/ghost/hmm_evt/data/cfs_quota/quota_17-run7.csv,cfs_quota,container,quota_17-run7,ok,100001,,0,0,0,0,
/home/ghost/hmm_evt/data/cfs_quota/quota_17-run8.csv,cfs_quota,container,quota_17-run8,ok,100001,,0,0,0,0,
/home/ghost/hmm_evt/data/cfs_quota/quota_17-run9.csv,cfs_quota,container,quota_17-run9,ok,100001,,0,0,0,0,
/home/ghost/hmm_evt/data/container_churn/docker_cpu3-churn_runtime-run1.csv,container_churn,container,docker_cpu3-churn_runtime-run1,ok,100001,,0,0,0,0,
/home/ghost/hmm_evt/data/container_churn/docker_cpu3-churn_runtime-run10.csv,container_churn,container,docker_cpu3-churn_runtime-run10,ok,100001,,0,0,0,0,
/home/ghost/hmm_evt/data/container_churn/docker_cpu3-churn_runtime-run2.csv,container_churn,container,docker_cpu3-churn_runtime-run2,ok,100001,,0,0,0,0,
/home/ghost/hmm_evt/data/container_churn/docker_cpu3-churn_runtime-run3.csv,container_churn,container,docker_cpu3-churn_runtime-run3,ok,100001,,0,0,0,0,
/home/ghost/hmm_evt/data/container_churn/docker_cpu3-churn_runtime-run4.csv,container_churn,container,docker_cpu3-churn_runtime-run4,ok,100001,,0,0,0,0,
/home/ghost/hmm_evt/data/container_churn/docker_cpu3-churn_runtime-run5.csv,container_churn,container,docker_cpu3-churn_runtime-run5,ok,100001,,0,0,0,0,
/home/ghost/hmm_evt/data/container_churn/docker_cpu3-churn_runtime-run6.csv,container_churn,container,docker_cpu3-churn_runtime-run6,ok,100001,,0,0,0,0,
/home/ghost/hmm_evt/data/container_churn/docker_cpu3-churn_runtime-run7.csv,container_churn,container,docker_cpu3-churn_runtime-run7,ok,100001,,0,0,0,0,
/home/ghost/hmm_evt/data/container_churn/docker_cpu3-churn_runtime-run8.csv,container_churn,container,docker_cpu3-churn_runtime-run8,ok,100001,,0,0,0,0,
/home/ghost/hmm_evt/data/container_churn/docker_cpu3-churn_runtime-run9.csv,container_churn,container,docker_cpu3-churn_runtime-run9,ok,100001,,0,0,0,0,
/home/ghost/hmm_evt/data/container_churn/host_cpu3-churn_runtime-run1.csv,container_churn,host,host_cpu3-churn_runtime-run1,ok,100001,,0,0,0,0,
/home/ghost/hmm_evt/data/container_churn/host_cpu3-churn_runtime-run10.csv,container_churn,host,host_cpu3-churn_runtime-run10,ok,100001,,0,0,0,0,
/home/ghost/hmm_evt/data/container_churn/host_cpu3-churn_runtime-run2.csv,container_churn,host,host_cpu3-churn_runtime-run2,ok,100001,,0,0,0,0,
/home/ghost/hmm_evt/data/container_churn/host_cpu3-churn_runtime-run3.csv,container_churn,host,host_cpu3-churn_runtime-run3,ok,100001,,0,0,0,0,
/home/ghost/hmm_evt/data/container_churn/host_cpu3-churn_runtime-run4.csv,container_churn,host,host_cpu3-churn_runtime-run4,ok,100001,,0,0,0,0,
/home/ghost/hmm_evt/data/container_churn/host_cpu3-churn_runtime-run5.csv,container_churn,host,host_cpu3-churn_runtime-run5,ok,100001,,0,0,0,0,
/home/ghost/hmm_evt/data/container_churn/host_cpu3-churn_runtime-run6.csv,container_churn,host,host_cpu3-churn_runtime-run6,ok,100001,,0,0,0,0,
/home/ghost/hmm_evt/data/container_churn/host_cpu3-churn_runtime-run7.csv,container_churn,host,host_cpu3-churn_runtime-run7,ok,100001,,0,0,0,0,
/home/ghost/hmm_evt/data/container_churn/host_cpu3-churn_runtime-run8.csv,container_churn,host,host_cpu3-churn_runtime-run8,ok,100001,,0,0,0,0,
/home/ghost/hmm_evt/data/container_churn/host_cpu3-churn_runtime-run9.csv,container_churn,host,host_cpu3-churn_runtime-run9,ok,100001,,0,0,0,0,
/home/ghost/hmm_evt/data/cpu_migration/migration_unpinned_nomask-run1.csv,cpu_migration,container,migration_unpinned_nomask-run1,ok,100001,,0,0,0,0,
/home/ghost/hmm_evt/data/cpu_migration/migration_unpinned_nomask-run10.csv,cpu_migration,container,migration_unpinned_nomask-run10,ok,100001,,0,0,0,0,
/home/ghost/hmm_evt/data/cpu_migration/migration_unpinned_nomask-run2.csv,cpu_migration,container,migration_unpinned_nomask-run2,ok,100001,,0,0,0,0,
/home/ghost/hmm_evt/data/cpu_migration/migration_unpinned_nomask-run3.csv,cpu_migration,container,migration_unpinned_nomask-run3,ok,100001,,0,0,0,0,
/home/ghost/hmm_evt/data/cpu_migration/migration_unpinned_nomask-run4.csv,cpu_migration,container,migration_unpinned_nomask-run4,ok,100001,,0,0,0,0,
/home/ghost/hmm_evt/data/cpu_migration/migration_unpinned_nomask-run5.csv,cpu_migration,container,migration_unpinned_nomask-run5,ok,100001,,0,0,0,0,
/home/ghost/hmm_evt/data/cpu_migration/migration_unpinned_nomask-run6.csv,cpu_migration,container,migration_unpinned_nomask-run6,ok,100001,,0,0,0,0,
/home/ghost/hmm_evt/data/cpu_migration/migration_unpinned_nomask-run7.csv,cpu_migration,container,migration_unpinned_nomask-run7,ok,100001,,0,0,0,0,
/home/ghost/hmm_evt/data/cpu_migration/migration_unpinned_nomask-run8.csv,cpu_migration,container,migration_unpinned_nomask-run8,ok,100001,,0,0,0,0,
/home/ghost/hmm_evt/data/cpu_migration/migration_unpinned_nomask-run9.csv,cpu_migration,container,migration_unpinned_nomask-run9,ok,100001,,0,0,0,0,
/home/ghost/hmm_evt/data/cpu_migration/migration_unpinned_pinned-run1.csv,cpu_migration,container,migration_unpinned_pinned-run1,ok,100001,,0,0,0,0,
/home/ghost/hmm_evt/data/cpu_migration/migration_unpinned_pinned-run10.csv,cpu_migration,container,migration_unpinned_pinned-run10,ok,100001,,0,0,0,0,
/home/ghost/hmm_evt/data/cpu_migration/migration_unpinned_pinned-run2.csv,cpu_migration,container,migration_unpinned_pinned-run2,ok,100001,,0,0,0,0,
/home/ghost/hmm_evt/data/cpu_migration/migration_unpinned_pinned-run3.csv,cpu_migration,container,migration_unpinned_pinned-run3,ok,100001,,0,0,0,0,
/home/ghost/hmm_evt/data/cpu_migration/migration_unpinned_pinned-run4.csv,cpu_migration,container,migration_unpinned_pinned-run4,ok,100001,,0,0,0,0,
/home/ghost/hmm_evt/data/cpu_migration/migration_unpinned_pinned-run5.csv,cpu_migration,container,migration_unpinned_pinned-run5,ok,100001,,0,0,0,0,
/home/ghost/hmm_evt/data/cpu_migration/migration_unpinned_pinned-run6.csv,cpu_migration,container,migration_unpinned_pinned-run6,ok,100001,,0,0,0,0,
/home/ghost/hmm_evt/data/cpu_migration/migration_unpinned_pinned-run7.csv,cpu_migration,container,migration_unpinned_pinned-run7,ok,100001,,0,0,0,0,
/home/ghost/hmm_evt/data/cpu_migration/migration_unpinned_pinned-run8.csv,cpu_migration,container,migration_unpinned_pinned-run8,ok,100001,,0,0,0,0,
/home/ghost/hmm_evt/data/cpu_migration/migration_unpinned_pinned-run9.csv,cpu_migration,container,migration_unpinned_pinned-run9,ok,100001,,0,0,0,0,
/home/ghost/hmm_evt/data/interference/docker_cpu3-interf_docker_cross_core-run1.csv,interference,container,docker_cpu3-interf_docker_cross_core-run1,ok,100001,,0,0,0,0,
/home/ghost/hmm_evt/data/interference/docker_cpu3-interf_docker_cross_core-run10.csv,interference,container,docker_cpu3-interf_docker_cross_core-run10,ok,100001,,0,0,0,0,
/home/ghost/hmm_evt/data/interference/docker_cpu3-interf_docker_cross_core-run2.csv,interference,container,docker_cpu3-interf_docker_cross_core-run2,ok,100001,,0,0,0,0,
/home/ghost/hmm_evt/data/interference/docker_cpu3-interf_docker_cross_core-run3.csv,interference,container,docker_cpu3-interf_docker_cross_core-run3,ok,100001,,0,0,0,0,
/home/ghost/hmm_evt/data/interference/docker_cpu3-interf_docker_cross_core-run4.csv,interference,container,docker_cpu3-interf_docker_cross_core-run4,ok,100001,,0,0,0,0,
/home/ghost/hmm_evt/data/interference/docker_cpu3-interf_docker_cross_core-run5.csv,interference,container,docker_cpu3-interf_docker_cross_core-run5,ok,100001,,0,0,0,0,
/home/ghost/hmm_evt/data/interference/docker_cpu3-interf_docker_cross_core-run6.csv,interference,container,docker_cpu3-interf_docker_cross_core-run6,ok,100001,,0,0,0,0,
/home/ghost/hmm_evt/data/interference/docker_cpu3-interf_docker_cross_core-run7.csv,interference,container,docker_cpu3-interf_docker_cross_core-run7,ok,100001,,0,0,0,0,
/home/ghost/hmm_evt/data/interference/docker_cpu3-interf_docker_cross_core-run8.csv,interference,container,docker_cpu3-interf_docker_cross_core-run8,ok,100001,,0,0,0,0,
/home/ghost/hmm_evt/data/interference/docker_cpu3-interf_docker_cross_core-run9.csv,interference,container,docker_cpu3-interf_docker_cross_core-run9,ok,100001,,0,0,0,0,
/home/ghost/hmm_evt/data/interference/docker_cpu3-interf_io-run1.csv,interference,container,docker_cpu3-interf_io-run1,ok,100001,,0,0,0,0,
/home/ghost/hmm_evt/data/interference/docker_cpu3-interf_io-run10.csv,interference,container,docker_cpu3-interf_io-run10,ok,100001,,0,0,0,0,
/home/ghost/hmm_evt/data/interference/docker_cpu3-interf_io-run2.csv,interference,container,docker_cpu3-interf_io-run2,ok,100001,,0,0,0,0,
/home/ghost/hmm_evt/data/interference/docker_cpu3-interf_io-run3.csv,interference,container,docker_cpu3-interf_io-run3,ok,100001,,0,0,0,0,
/home/ghost/hmm_evt/data/interference/docker_cpu3-interf_io-run4.csv,interference,container,docker_cpu3-interf_io-run4,ok,100001,,0,0,0,0,
/home/ghost/hmm_evt/data/interference/docker_cpu3-interf_io-run5.csv,interference,container,docker_cpu3-interf_io-run5,ok,100001,,0,0,0,0,
/home/ghost/hmm_evt/data/interference/docker_cpu3-interf_io-run6.csv,interference,container,docker_cpu3-interf_io-run6,ok,100001,,0,0,0,0,
/home/ghost/hmm_evt/data/interference/docker_cpu3-interf_io-run7.csv,interference,container,docker_cpu3-interf_io-run7,ok,100001,,0,0,0,0,
/home/ghost/hmm_evt/data/interference/docker_cpu3-interf_io-run8.csv,interference,container,docker_cpu3-interf_io-run8,ok,100001,,0,0,0,0,
/home/ghost/hmm_evt/data/interference/docker_cpu3-interf_io-run9.csv,interference,container,docker_cpu3-interf_io-run9,ok,100001,,0,0,0,0,
/home/ghost/hmm_evt/data/interference/docker_cpu3-interf_memory-run1.csv,interference,container,docker_cpu3-interf_memory-run1,ok,100001,,0,0,0,0,
/home/ghost/hmm_evt/data/interference/docker_cpu3-interf_memory-run10.csv,interference,container,docker_cpu3-interf_memory-run10,ok,100001,,0,0,0,0,
/home/ghost/hmm_evt/data/interference/docker_cpu3-interf_memory-run2.csv,interference,container,docker_cpu3-interf_memory-run2,ok,100001,,0,0,0,0,
/home/ghost/hmm_evt/data/interference/docker_cpu3-interf_memory-run3.csv,interference,container,docker_cpu3-interf_memory-run3,ok,100001,,0,0,0,0,
/home/ghost/hmm_evt/data/interference/docker_cpu3-interf_memory-run4.csv,interference,container,docker_cpu3-interf_memory-run4,ok,100001,,0,0,0,0,
/home/ghost/hmm_evt/data/interference/docker_cpu3-interf_memory-run5.csv,interference,container,docker_cpu3-interf_memory-run5,ok,100001,,0,0,0,0,
/home/ghost/hmm_evt/data/interference/docker_cpu3-interf_memory-run6.csv,interference,container,docker_cpu3-interf_memory-run6,ok,100001,,0,0,0,0,
/home/ghost/hmm_evt/data/interference/docker_cpu3-interf_memory-run7.csv,interference,container,docker_cpu3-interf_memory-run7,ok,100001,,0,0,0,0,
/home/ghost/hmm_evt/data/interference/docker_cpu3-interf_memory-run8.csv,interference,container,docker_cpu3-interf_memory-run8,ok,100001,,0,0,0,0,
/home/ghost/hmm_evt/data/interference/docker_cpu3-interf_memory-run9.csv,interference,container,docker_cpu3-interf_memory-run9,ok,100001,,0,0,0,0,
/home/ghost/hmm_evt/data/interference/docker_cpu3-interf_same_core-run1.csv,interference,container,docker_cpu3-interf_same_core-run1,ok,100001,,0,0,0,0,
/home/ghost/hmm_evt/data/interference/docker_cpu3-interf_same_core-run10.csv,interference,container,docker_cpu3-interf_same_core-run10,ok,100001,,0,0,0,0,
/home/ghost/hmm_evt/data/interference/docker_cpu3-interf_same_core-run2.csv,interference,container,docker_cpu3-interf_same_core-run2,ok,100001,,0,0,0,0,
/home/ghost/hmm_evt/data/interference/docker_cpu3-interf_same_core-run3.csv,interference,container,docker_cpu3-interf_same_core-run3,ok,100001,,0,0,0,0,
/home/ghost/hmm_evt/data/interference/docker_cpu3-interf_same_core-run4.csv,interference,container,docker_cpu3-interf_same_core-run4,ok,100001,,0,0,0,0,
/home/ghost/hmm_evt/data/interference/docker_cpu3-interf_same_core-run5.csv,interference,container,docker_cpu3-interf_same_core-run5,ok,100001,,0,0,0,0,
/home/ghost/hmm_evt/data/interference/docker_cpu3-interf_same_core-run6.csv,interference,container,docker_cpu3-interf_same_core-run6,ok,100001,,0,0,0,0,
/home/ghost/hmm_evt/data/interference/docker_cpu3-interf_same_core-run7.csv,interference,container,docker_cpu3-interf_same_core-run7,ok,100001,,0,0,0,0,
/home/ghost/hmm_evt/data/interference/docker_cpu3-interf_same_core-run8.csv,interference,container,docker_cpu3-interf_same_core-run8,ok,100001,,0,0,0,0,
/home/ghost/hmm_evt/data/interference/docker_cpu3-interf_same_core-run9.csv,interference,container,docker_cpu3-interf_same_core-run9,ok,100001,,0,0,0,0,
/home/ghost/hmm_evt/data/interference/host_cpu3-interf_host_cross_core-run1.csv,interference,host,host_cpu3-interf_host_cross_core-run1,ok,100001,,0,0,0,0,
/home/ghost/hmm_evt/data/interference/host_cpu3-interf_host_cross_core-run10.csv,interference,host,host_cpu3-interf_host_cross_core-run10,ok,100001,,0,0,0,0,
/home/ghost/hmm_evt/data/interference/host_cpu3-interf_host_cross_core-run2.csv,interference,host,host_cpu3-interf_host_cross_core-run2,ok,100001,,0,0,0,0,
/home/ghost/hmm_evt/data/interference/host_cpu3-interf_host_cross_core-run3.csv,interference,host,host_cpu3-interf_host_cross_core-run3,ok,100001,,0,0,0,0,
/home/ghost/hmm_evt/data/interference/host_cpu3-interf_host_cross_core-run4.csv,interference,host,host_cpu3-interf_host_cross_core-run4,ok,100001,,0,0,0,0,
/home/ghost/hmm_evt/data/interference/host_cpu3-interf_host_cross_core-run5.csv,interference,host,host_cpu3-interf_host_cross_core-run5,ok,100001,,0,0,0,0,
/home/ghost/hmm_evt/data/interference/host_cpu3-interf_host_cross_core-run6.csv,interference,host,host_cpu3-interf_host_cross_core-run6,ok,100001,,0,0,0,0,
/home/ghost/hmm_evt/data/interference/host_cpu3-interf_host_cross_core-run7.csv,interference,host,host_cpu3-interf_host_cross_core-run7,ok,100001,,0,0,0,0,
/home/ghost/hmm_evt/data/interference/host_cpu3-interf_host_cross_core-run8.csv,interference,host,host_cpu3-interf_host_cross_core-run8,ok,100001,,0,0,0,0,
/home/ghost/hmm_evt/data/interference/host_cpu3-interf_host_cross_core-run9.csv,interference,host,host_cpu3-interf_host_cross_core-run9,ok,100001,,0,0,0,0,
/home/ghost/hmm_evt/data/interference/host_cpu3-interf_io-run1.csv,interference,host,host_cpu3-interf_io-run1,ok,100001,,0,0,0,0,
/home/ghost/hmm_evt/data/interference/host_cpu3-interf_io-run10.csv,interference,host,host_cpu3-interf_io-run10,ok,100001,,0,0,0,0,
/home/ghost/hmm_evt/data/interference/host_cpu3-interf_io-run2.csv,interference,host,host_cpu3-interf_io-run2,ok,100001,,0,0,0,0,
/home/ghost/hmm_evt/data/interference/host_cpu3-interf_io-run3.csv,interference,host,host_cpu3-interf_io-run3,ok,100001,,0,0,0,0,
/home/ghost/hmm_evt/data/interference/host_cpu3-interf_io-run4.csv,interference,host,host_cpu3-interf_io-run4,ok,100001,,0,0,0,0,
/home/ghost/hmm_evt/data/interference/host_cpu3-interf_io-run5.csv,interference,host,host_cpu3-interf_io-run5,ok,100001,,0,0,0,0,
/home/ghost/hmm_evt/data/interference/host_cpu3-interf_io-run6.csv,interference,host,host_cpu3-interf_io-run6,ok,99655,,0,0,0,0,
/home/ghost/hmm_evt/data/interference/host_cpu3-interf_io-run7.csv,interference,host,host_cpu3-interf_io-run7,ok,100001,,0,0,0,0,
/home/ghost/hmm_evt/data/interference/host_cpu3-interf_io-run8.csv,interference,host,host_cpu3-interf_io-run8,ok,100001,,0,0,0,0,
/home/ghost/hmm_evt/data/interference/host_cpu3-interf_io-run9.csv,interference,host,host_cpu3-interf_io-run9,ok,100001,,0,0,0,0,
/home/ghost/hmm_evt/data/interference/host_cpu3-interf_memory-run1.csv,interference,host,host_cpu3-interf_memory-run1,ok,100001,,0,0,0,0,
/home/ghost/hmm_evt/data/interference/host_cpu3-interf_memory-run10.csv,interference,host,host_cpu3-interf_memory-run10,ok,100001,,0,0,0,0,
/home/ghost/hmm_evt/data/interference/host_cpu3-interf_memory-run2.csv,interference,host,host_cpu3-interf_memory-run2,ok,100001,,0,0,0,0,
/home/ghost/hmm_evt/data/interference/host_cpu3-interf_memory-run3.csv,interference,host,host_cpu3-interf_memory-run3,ok,100001,,0,0,0,0,
/home/ghost/hmm_evt/data/interference/host_cpu3-interf_memory-run4.csv,interference,host,host_cpu3-interf_memory-run4,ok,100001,,0,0,0,0,
/home/ghost/hmm_evt/data/interference/host_cpu3-interf_memory-run5.csv,interference,host,host_cpu3-interf_memory-run5,ok,100001,,0,0,0,0,
/home/ghost/hmm_evt/data/interference/host_cpu3-interf_memory-run6.csv,interference,host,host_cpu3-interf_memory-run6,ok,100001,,0,0,0,0,
/home/ghost/hmm_evt/data/interference/host_cpu3-interf_memory-run7.csv,interference,host,host_cpu3-interf_memory-run7,ok,100001,,0,0,0,0,
/home/ghost/hmm_evt/data/interference/host_cpu3-interf_memory-run8.csv,interference,host,host_cpu3-interf_memory-run8,ok,100001,,0,0,0,0,
/home/ghost/hmm_evt/data/interference/host_cpu3-interf_memory-run9.csv,interference,host,host_cpu3-interf_memory-run9,ok,100001,,0,0,0,0,
/home/ghost/hmm_evt/data/interference/host_cpu3-interf_same_core-run1.csv,interference,host,host_cpu3-interf_same_core-run1,ok,100001,,0,0,0,0,
/home/ghost/hmm_evt/data/interference/host_cpu3-interf_same_core-run10.csv,interference,host,host_cpu3-interf_same_core-run10,ok,100001,,0,0,0,0,
/home/ghost/hmm_evt/data/interference/host_cpu3-interf_same_core-run2.csv,interference,host,host_cpu3-interf_same_core-run2,ok,100001,,0,0,0,0,
/home/ghost/hmm_evt/data/interference/host_cpu3-interf_same_core-run3.csv,interference,host,host_cpu3-interf_same_core-run3,ok,100001,,0,0,0,0,
/home/ghost/hmm_evt/data/interference/host_cpu3-interf_same_core-run4.csv,interference,host,host_cpu3-interf_same_core-run4,ok,100001,,0,0,0,0,
/home/ghost/hmm_evt/data/interference/host_cpu3-interf_same_core-run5.csv,interference,host,host_cpu3-interf_same_core-run5,ok,100001,,0,0,0,0,
/home/ghost/hmm_evt/data/interference/host_cpu3-interf_same_core-run6.csv,interference,host,host_cpu3-interf_same_core-run6,ok,100001,,0,0,0,0,
/home/ghost/hmm_evt/data/interference/host_cpu3-interf_same_core-run7.csv,interference,host,host_cpu3-interf_same_core-run7,ok,100001,,0,0,0,0,
/home/ghost/hmm_evt/data/interference/host_cpu3-interf_same_core-run8.csv,interference,host,host_cpu3-interf_same_core-run8,ok,100001,,0,0,0,0,
/home/ghost/hmm_evt/data/interference/host_cpu3-interf_same_core-run9.csv,interference,host,host_cpu3-interf_same_core-run9,ok,100001,,0,0,0,0,
/home/ghost/hmm_evt/data/sched_fifo_isolated/docker_cpu3-rt_isolated-run1.csv,sched_fifo_isolated,container,docker_cpu3-rt_isolated-run1,ok,100001,,0,0,0,0,
/home/ghost/hmm_evt/data/sched_fifo_isolated/docker_cpu3-rt_isolated-run10.csv,sched_fifo_isolated,container,docker_cpu3-rt_isolated-run10,ok,100001,,0,0,0,0,
/home/ghost/hmm_evt/data/sched_fifo_isolated/docker_cpu3-rt_isolated-run2.csv,sched_fifo_isolated,container,docker_cpu3-rt_isolated-run2,ok,100001,,0,0,0,0,
/home/ghost/hmm_evt/data/sched_fifo_isolated/docker_cpu3-rt_isolated-run3.csv,sched_fifo_isolated,container,docker_cpu3-rt_isolated-run3,ok,100001,,0,0,0,0,
/home/ghost/hmm_evt/data/sched_fifo_isolated/docker_cpu3-rt_isolated-run4.csv,sched_fifo_isolated,container,docker_cpu3-rt_isolated-run4,ok,100001,,0,0,0,0,
/home/ghost/hmm_evt/data/sched_fifo_isolated/docker_cpu3-rt_isolated-run5.csv,sched_fifo_isolated,container,docker_cpu3-rt_isolated-run5,ok,100001,,0,0,0,0,
/home/ghost/hmm_evt/data/sched_fifo_isolated/docker_cpu3-rt_isolated-run6.csv,sched_fifo_isolated,container,docker_cpu3-rt_isolated-run6,ok,100001,,0,0,0,0,
/home/ghost/hmm_evt/data/sched_fifo_isolated/docker_cpu3-rt_isolated-run7.csv,sched_fifo_isolated,container,docker_cpu3-rt_isolated-run7,ok,100001,,0,0,0,0,
/home/ghost/hmm_evt/data/sched_fifo_isolated/docker_cpu3-rt_isolated-run8.csv,sched_fifo_isolated,container,docker_cpu3-rt_isolated-run8,ok,100001,,0,0,0,0,
/home/ghost/hmm_evt/data/sched_fifo_isolated/docker_cpu3-rt_isolated-run9.csv,sched_fifo_isolated,container,docker_cpu3-rt_isolated-run9,ok,100001,,0,0,0,0,
/home/ghost/hmm_evt/data/sched_fifo_isolated/host_cpu3-rt_isolated-run1.csv,sched_fifo_isolated,host,host_cpu3-rt_isolated-run1,ok,100001,,0,0,0,0,
/home/ghost/hmm_evt/data/sched_fifo_isolated/host_cpu3-rt_isolated-run10.csv,sched_fifo_isolated,host,host_cpu3-rt_isolated-run10,ok,100001,,0,0,0,0,
/home/ghost/hmm_evt/data/sched_fifo_isolated/host_cpu3-rt_isolated-run2.csv,sched_fifo_isolated,host,host_cpu3-rt_isolated-run2,ok,100001,,0,0,0,0,
/home/ghost/hmm_evt/data/sched_fifo_isolated/host_cpu3-rt_isolated-run3.csv,sched_fifo_isolated,host,host_cpu3-rt_isolated-run3,ok,100001,,0,0,0,0,
/home/ghost/hmm_evt/data/sched_fifo_isolated/host_cpu3-rt_isolated-run4.csv,sched_fifo_isolated,host,host_cpu3-rt_isolated-run4,ok,100001,,0,0,0,0,
/home/ghost/hmm_evt/data/sched_fifo_isolated/host_cpu3-rt_isolated-run5.csv,sched_fifo_isolated,host,host_cpu3-rt_isolated-run5,ok,100001,,0,0,0,0,
/home/ghost/hmm_evt/data/sched_fifo_isolated/host_cpu3-rt_isolated-run6.csv,sched_fifo_isolated,host,host_cpu3-rt_isolated-run6,ok,100001,,0,0,0,0,
/home/ghost/hmm_evt/data/sched_fifo_isolated/host_cpu3-rt_isolated-run7.csv,sched_fifo_isolated,host,host_cpu3-rt_isolated-run7,ok,100001,,0,0,0,0,
/home/ghost/hmm_evt/data/sched_fifo_isolated/host_cpu3-rt_isolated-run8.csv,sched_fifo_isolated,host,host_cpu3-rt_isolated-run8,ok,100001,,0,0,0,0,
/home/ghost/hmm_evt/data/sched_fifo_isolated/host_cpu3-rt_isolated-run9.csv,sched_fifo_isolated,host,host_cpu3-rt_isolated-run9,ok,100001,,0,0,0,0,
/home/ghost/hmm_evt/data/shared_cpuset_contention/docker_sharing_shared_pool_k0-run1.csv,shared_cpuset_contention,container,docker_sharing_shared_pool_k0-run1,ok,100001,,0,0,0,0,
/home/ghost/hmm_evt/data/shared_cpuset_contention/docker_sharing_shared_pool_k0-run10.csv,shared_cpuset_contention,container,docker_sharing_shared_pool_k0-run10,ok,100001,,0,0,0,0,
/home/ghost/hmm_evt/data/shared_cpuset_contention/docker_sharing_shared_pool_k0-run2.csv,shared_cpuset_contention,container,docker_sharing_shared_pool_k0-run2,ok,100001,,0,0,0,0,
/home/ghost/hmm_evt/data/shared_cpuset_contention/docker_sharing_shared_pool_k0-run3.csv,shared_cpuset_contention,container,docker_sharing_shared_pool_k0-run3,ok,100001,,0,0,0,0,
/home/ghost/hmm_evt/data/shared_cpuset_contention/docker_sharing_shared_pool_k0-run4.csv,shared_cpuset_contention,container,docker_sharing_shared_pool_k0-run4,ok,100001,,0,0,0,0,
/home/ghost/hmm_evt/data/shared_cpuset_contention/docker_sharing_shared_pool_k0-run5.csv,shared_cpuset_contention,container,docker_sharing_shared_pool_k0-run5,ok,100001,,0,0,0,0,
/home/ghost/hmm_evt/data/shared_cpuset_contention/docker_sharing_shared_pool_k0-run6.csv,shared_cpuset_contention,container,docker_sharing_shared_pool_k0-run6,ok,100001,,0,0,0,0,
/home/ghost/hmm_evt/data/shared_cpuset_contention/docker_sharing_shared_pool_k0-run7.csv,shared_cpuset_contention,container,docker_sharing_shared_pool_k0-run7,ok,100001,,0,0,0,0,
/home/ghost/hmm_evt/data/shared_cpuset_contention/docker_sharing_shared_pool_k0-run8.csv,shared_cpuset_contention,container,docker_sharing_shared_pool_k0-run8,ok,100001,,0,0,0,0,
/home/ghost/hmm_evt/data/shared_cpuset_contention/docker_sharing_shared_pool_k0-run9.csv,shared_cpuset_contention,container,docker_sharing_shared_pool_k0-run9,ok,100001,,0,0,0,0,
/home/ghost/hmm_evt/data/shared_cpuset_contention/docker_sharing_shared_pool_k10-run1.csv,shared_cpuset_contention,container,docker_sharing_shared_pool_k10-run1,ok,100001,,0,0,0,0,
/home/ghost/hmm_evt/data/shared_cpuset_contention/docker_sharing_shared_pool_k10-run10.csv,shared_cpuset_contention,container,docker_sharing_shared_pool_k10-run10,ok,100001,,0,0,0,0,
/home/ghost/hmm_evt/data/shared_cpuset_contention/docker_sharing_shared_pool_k10-run2.csv,shared_cpuset_contention,container,docker_sharing_shared_pool_k10-run2,ok,100001,,0,0,0,0,
/home/ghost/hmm_evt/data/shared_cpuset_contention/docker_sharing_shared_pool_k10-run3.csv,shared_cpuset_contention,container,docker_sharing_shared_pool_k10-run3,ok,100001,,0,0,0,0,
/home/ghost/hmm_evt/data/shared_cpuset_contention/docker_sharing_shared_pool_k10-run4.csv,shared_cpuset_contention,container,docker_sharing_shared_pool_k10-run4,ok,100001,,0,0,0,0,
/home/ghost/hmm_evt/data/shared_cpuset_contention/docker_sharing_shared_pool_k10-run5.csv,shared_cpuset_contention,container,docker_sharing_shared_pool_k10-run5,ok,100001,,0,0,0,0,
/home/ghost/hmm_evt/data/shared_cpuset_contention/docker_sharing_shared_pool_k10-run6.csv,shared_cpuset_contention,container,docker_sharing_shared_pool_k10-run6,ok,100001,,0,0,0,0,
/home/ghost/hmm_evt/data/shared_cpuset_contention/docker_sharing_shared_pool_k10-run7.csv,shared_cpuset_contention,container,docker_sharing_shared_pool_k10-run7,ok,100001,,0,0,0,0,
/home/ghost/hmm_evt/data/shared_cpuset_contention/docker_sharing_shared_pool_k10-run8.csv,shared_cpuset_contention,container,docker_sharing_shared_pool_k10-run8,ok,100001,,0,0,0,0,
/home/ghost/hmm_evt/data/shared_cpuset_contention/docker_sharing_shared_pool_k10-run9.csv,shared_cpuset_contention,container,docker_sharing_shared_pool_k10-run9,ok,100001,,0,0,0,0,
/home/ghost/hmm_evt/data/shared_cpuset_contention/docker_sharing_shared_pool_k12-run1.csv,shared_cpuset_contention,container,docker_sharing_shared_pool_k12-run1,ok,100001,,0,0,0,0,
/home/ghost/hmm_evt/data/shared_cpuset_contention/docker_sharing_shared_pool_k12-run10.csv,shared_cpuset_contention,container,docker_sharing_shared_pool_k12-run10,ok,100001,,0,0,0,0,
/home/ghost/hmm_evt/data/shared_cpuset_contention/docker_sharing_shared_pool_k12-run2.csv,shared_cpuset_contention,container,docker_sharing_shared_pool_k12-run2,ok,100001,,0,0,0,0,
/home/ghost/hmm_evt/data/shared_cpuset_contention/docker_sharing_shared_pool_k12-run3.csv,shared_cpuset_contention,container,docker_sharing_shared_pool_k12-run3,ok,100001,,0,0,0,0,
/home/ghost/hmm_evt/data/shared_cpuset_contention/docker_sharing_shared_pool_k12-run4.csv,shared_cpuset_contention,container,docker_sharing_shared_pool_k12-run4,ok,100001,,0,0,0,0,
/home/ghost/hmm_evt/data/shared_cpuset_contention/docker_sharing_shared_pool_k12-run5.csv,shared_cpuset_contention,container,docker_sharing_shared_pool_k12-run5,ok,100001,,0,0,0,0,
/home/ghost/hmm_evt/data/shared_cpuset_contention/docker_sharing_shared_pool_k12-run6.csv,shared_cpuset_contention,container,docker_sharing_shared_pool_k12-run6,ok,100001,,0,0,0,0,
/home/ghost/hmm_evt/data/shared_cpuset_contention/docker_sharing_shared_pool_k12-run7.csv,shared_cpuset_contention,container,docker_sharing_shared_pool_k12-run7,ok,100001,,0,0,0,0,
/home/ghost/hmm_evt/data/shared_cpuset_contention/docker_sharing_shared_pool_k12-run8.csv,shared_cpuset_contention,container,docker_sharing_shared_pool_k12-run8,ok,100001,,0,0,0,0,
/home/ghost/hmm_evt/data/shared_cpuset_contention/docker_sharing_shared_pool_k12-run9.csv,shared_cpuset_contention,container,docker_sharing_shared_pool_k12-run9,ok,100001,,0,0,0,0,
/home/ghost/hmm_evt/data/shared_cpuset_contention/docker_sharing_shared_pool_k2-run1.csv,shared_cpuset_contention,container,docker_sharing_shared_pool_k2-run1,ok,100001,,0,0,0,0,
/home/ghost/hmm_evt/data/shared_cpuset_contention/docker_sharing_shared_pool_k2-run10.csv,shared_cpuset_contention,container,docker_sharing_shared_pool_k2-run10,ok,100001,,0,0,0,0,
/home/ghost/hmm_evt/data/shared_cpuset_contention/docker_sharing_shared_pool_k2-run2.csv,shared_cpuset_contention,container,docker_sharing_shared_pool_k2-run2,ok,100001,,0,0,0,0,
/home/ghost/hmm_evt/data/shared_cpuset_contention/docker_sharing_shared_pool_k2-run3.csv,shared_cpuset_contention,container,docker_sharing_shared_pool_k2-run3,ok,100001,,0,0,0,0,
/home/ghost/hmm_evt/data/shared_cpuset_contention/docker_sharing_shared_pool_k2-run4.csv,shared_cpuset_contention,container,docker_sharing_shared_pool_k2-run4,ok,100001,,0,0,0,0,
/home/ghost/hmm_evt/data/shared_cpuset_contention/docker_sharing_shared_pool_k2-run5.csv,shared_cpuset_contention,container,docker_sharing_shared_pool_k2-run5,ok,100001,,0,0,0,0,
/home/ghost/hmm_evt/data/shared_cpuset_contention/docker_sharing_shared_pool_k2-run6.csv,shared_cpuset_contention,container,docker_sharing_shared_pool_k2-run6,ok,100001,,0,0,0,0,
/home/ghost/hmm_evt/data/shared_cpuset_contention/docker_sharing_shared_pool_k2-run7.csv,shared_cpuset_contention,container,docker_sharing_shared_pool_k2-run7,ok,100001,,0,0,0,0,
/home/ghost/hmm_evt/data/shared_cpuset_contention/docker_sharing_shared_pool_k2-run8.csv,shared_cpuset_contention,container,docker_sharing_shared_pool_k2-run8,ok,100001,,0,0,0,0,
/home/ghost/hmm_evt/data/shared_cpuset_contention/docker_sharing_shared_pool_k2-run9.csv,shared_cpuset_contention,container,docker_sharing_shared_pool_k2-run9,ok,100001,,0,0,0,0,
/home/ghost/hmm_evt/data/shared_cpuset_contention/docker_sharing_shared_pool_k4-run1.csv,shared_cpuset_contention,container,docker_sharing_shared_pool_k4-run1,ok,100001,,0,0,0,0,
/home/ghost/hmm_evt/data/shared_cpuset_contention/docker_sharing_shared_pool_k4-run10.csv,shared_cpuset_contention,container,docker_sharing_shared_pool_k4-run10,ok,100001,,0,0,0,0,
/home/ghost/hmm_evt/data/shared_cpuset_contention/docker_sharing_shared_pool_k4-run2.csv,shared_cpuset_contention,container,docker_sharing_shared_pool_k4-run2,ok,100001,,0,0,0,0,
/home/ghost/hmm_evt/data/shared_cpuset_contention/docker_sharing_shared_pool_k4-run3.csv,shared_cpuset_contention,container,docker_sharing_shared_pool_k4-run3,ok,100001,,0,0,0,0,
/home/ghost/hmm_evt/data/shared_cpuset_contention/docker_sharing_shared_pool_k4-run4.csv,shared_cpuset_contention,container,docker_sharing_shared_pool_k4-run4,ok,100001,,0,0,0,0,
/home/ghost/hmm_evt/data/shared_cpuset_contention/docker_sharing_shared_pool_k4-run5.csv,shared_cpuset_contention,container,docker_sharing_shared_pool_k4-run5,ok,100001,,0,0,0,0,
/home/ghost/hmm_evt/data/shared_cpuset_contention/docker_sharing_shared_pool_k4-run6.csv,shared_cpuset_contention,container,docker_sharing_shared_pool_k4-run6,ok,100001,,0,0,0,0,
/home/ghost/hmm_evt/data/shared_cpuset_contention/docker_sharing_shared_pool_k4-run7.csv,shared_cpuset_contention,container,docker_sharing_shared_pool_k4-run7,ok,100001,,0,0,0,0,
/home/ghost/hmm_evt/data/shared_cpuset_contention/docker_sharing_shared_pool_k4-run8.csv,shared_cpuset_contention,container,docker_sharing_shared_pool_k4-run8,ok,100001,,0,0,0,0,
/home/ghost/hmm_evt/data/shared_cpuset_contention/docker_sharing_shared_pool_k4-run9.csv,shared_cpuset_contention,container,docker_sharing_shared_pool_k4-run9,ok,100001,,0,0,0,0,
/home/ghost/hmm_evt/data/shared_cpuset_contention/docker_sharing_shared_pool_k6-run1.csv,shared_cpuset_contention,container,docker_sharing_shared_pool_k6-run1,ok,100001,,0,0,0,0,
/home/ghost/hmm_evt/data/shared_cpuset_contention/docker_sharing_shared_pool_k6-run10.csv,shared_cpuset_contention,container,docker_sharing_shared_pool_k6-run10,ok,100001,,0,0,0,0,
/home/ghost/hmm_evt/data/shared_cpuset_contention/docker_sharing_shared_pool_k6-run2.csv,shared_cpuset_contention,container,docker_sharing_shared_pool_k6-run2,ok,100001,,0,0,0,0,
/home/ghost/hmm_evt/data/shared_cpuset_contention/docker_sharing_shared_pool_k6-run3.csv,shared_cpuset_contention,container,docker_sharing_shared_pool_k6-run3,ok,100001,,0,0,0,0,
/home/ghost/hmm_evt/data/shared_cpuset_contention/docker_sharing_shared_pool_k6-run4.csv,shared_cpuset_contention,container,docker_sharing_shared_pool_k6-run4,ok,100001,,0,0,0,0,
/home/ghost/hmm_evt/data/shared_cpuset_contention/docker_sharing_shared_pool_k6-run5.csv,shared_cpuset_contention,container,docker_sharing_shared_pool_k6-run5,ok,100001,,0,0,0,0,
/home/ghost/hmm_evt/data/shared_cpuset_contention/docker_sharing_shared_pool_k6-run6.csv,shared_cpuset_contention,container,docker_sharing_shared_pool_k6-run6,ok,100001,,0,0,0,0,
/home/ghost/hmm_evt/data/shared_cpuset_contention/docker_sharing_shared_pool_k6-run7.csv,shared_cpuset_contention,container,docker_sharing_shared_pool_k6-run7,ok,100001,,0,0,0,0,
/home/ghost/hmm_evt/data/shared_cpuset_contention/docker_sharing_shared_pool_k6-run8.csv,shared_cpuset_contention,container,docker_sharing_shared_pool_k6-run8,ok,100001,,0,0,0,0,
/home/ghost/hmm_evt/data/shared_cpuset_contention/docker_sharing_shared_pool_k6-run9.csv,shared_cpuset_contention,container,docker_sharing_shared_pool_k6-run9,ok,100001,,0,0,0,0,
/home/ghost/hmm_evt/data/shared_cpuset_contention/docker_sharing_shared_pool_k8-run1.csv,shared_cpuset_contention,container,docker_sharing_shared_pool_k8-run1,ok,100001,,0,0,0,0,
/home/ghost/hmm_evt/data/shared_cpuset_contention/docker_sharing_shared_pool_k8-run10.csv,shared_cpuset_contention,container,docker_sharing_shared_pool_k8-run10,ok,100001,,0,0,0,0,
/home/ghost/hmm_evt/data/shared_cpuset_contention/docker_sharing_shared_pool_k8-run2.csv,shared_cpuset_contention,container,docker_sharing_shared_pool_k8-run2,ok,100001,,0,0,0,0,
/home/ghost/hmm_evt/data/shared_cpuset_contention/docker_sharing_shared_pool_k8-run3.csv,shared_cpuset_contention,container,docker_sharing_shared_pool_k8-run3,ok,100001,,0,0,0,0,
/home/ghost/hmm_evt/data/shared_cpuset_contention/docker_sharing_shared_pool_k8-run4.csv,shared_cpuset_contention,container,docker_sharing_shared_pool_k8-run4,ok,100001,,0,0,0,0,
/home/ghost/hmm_evt/data/shared_cpuset_contention/docker_sharing_shared_pool_k8-run5.csv,shared_cpuset_contention,container,docker_sharing_shared_pool_k8-run5,ok,100001,,0,0,0,0,
/home/ghost/hmm_evt/data/shared_cpuset_contention/docker_sharing_shared_pool_k8-run6.csv,shared_cpuset_contention,container,docker_sharing_shared_pool_k8-run6,ok,100001,,0,0,0,0,
/home/ghost/hmm_evt/data/shared_cpuset_contention/docker_sharing_shared_pool_k8-run7.csv,shared_cpuset_contention,container,docker_sharing_shared_pool_k8-run7,ok,100001,,0,0,0,0,
/home/ghost/hmm_evt/data/shared_cpuset_contention/docker_sharing_shared_pool_k8-run8.csv,shared_cpuset_contention,container,docker_sharing_shared_pool_k8-run8,ok,100001,,0,0,0,0,
/home/ghost/hmm_evt/data/shared_cpuset_contention/docker_sharing_shared_pool_k8-run9.csv,shared_cpuset_contention,container,docker_sharing_shared_pool_k8-run9,ok,100001,,0,0,0,0,
