condition,environment,run,n_train,n_test,model,states,test_loglik,test_loglik_per_obs,train_bic,parameters
interference,container,docker_cpu3-interf_io-run9,70000,30001,iid_gaussian,1,-45521.57880081905,-1.517335382181229,,mean=13.542537;sd=1.207337
interference,container,docker_cpu3-interf_io-run9,70000,30001,ar1_gaussian,1,17290.711265995174,0.5763378309388079,,intercept=0.083716;phi=0.993818;sd=0.134040
interference,container,docker_cpu3-interf_io-run9,70000,30001,gaussian_hmm,2,192161.90730501577,6.405183404053724,-895254.3056685654,state_0_mean_log_ns=13.309919;state_1_mean_log_ns=19.338487
interference,container,docker_cpu3-interf_io-run9,70000,30001,gaussian_hmm,3,192869.25989048905,6.42876103764838,-899349.0014998438,state_0_mean_log_ns=13.309919;state_1_mean_log_ns=18.086565;state_2_mean_log_ns=20.741679
interference,container,docker_cpu3-interf_io-run9,70000,30001,gaussian_hmm,4,193280.1995127174,6.442458568471631,-901122.9473967494,state_0_mean_log_ns=13.309918;state_1_mean_log_ns=16.339879;state_2_mean_log_ns=18.675903;state_3_mean_log_ns=20.692321
interference,container,docker_cpu3-interf_io-run9,70000,30001,gaussian_hmm,5,193800.31170436053,6.45979506364323,-902321.2607052677,state_0_mean_log_ns=13.309917;state_1_mean_log_ns=13.316974;state_2_mean_log_ns=17.281466;state_3_mean_log_ns=19.177224;state_4_mean_log_ns=20.828716
interference,container,docker_cpu3-interf_io-run6,70000,30001,iid_gaussian,1,-48470.59461021916,-1.6156326325862191,,mean=13.428108;sd=0.837167
interference,container,docker_cpu3-interf_io-run6,70000,30001,ar1_gaussian,1,18036.72431475549,0.6012041036883934,,intercept=0.163728;phi=0.987807;sd=0.130335
interference,container,docker_cpu3-interf_io-run6,70000,30001,gaussian_hmm,2,193863.10271180258,6.461888027459171,-913086.5953386471,state_0_mean_log_ns=13.309925;state_1_mean_log_ns=18.733271
interference,container,docker_cpu3-interf_io-run6,70000,30001,gaussian_hmm,3,194648.70009084273,6.488073733903628,-915052.7336501045,state_0_mean_log_ns=13.309925;state_1_mean_log_ns=17.807456;state_2_mean_log_ns=21.024338
interference,container,docker_cpu3-interf_io-run6,70000,30001,gaussian_hmm,4,194870.352188809,6.495461890897269,-916163.7753837182,state_0_mean_log_ns=13.309925;state_1_mean_log_ns=16.412627;state_2_mean_log_ns=18.485840;state_3_mean_log_ns=20.957169
interference,container,docker_cpu3-interf_io-run6,70000,30001,gaussian_hmm,5,195237.72748394203,6.507707325887205,-916819.3789363169,state_0_mean_log_ns=13.309925;state_1_mean_log_ns=16.430057;state_2_mean_log_ns=18.337489;state_3_mean_log_ns=20.038401;state_4_mean_log_ns=21.278275
interference,host,host_cpu3-interf_io-run3,70000,30001,iid_gaussian,1,13261.264278065895,0.44202740835525134,,mean=13.322512;sd=0.218826
interference,host,host_cpu3-interf_io-run3,70000,30001,ar1_gaussian,1,41848.1787087865,1.394892793866421,,intercept=0.648254;phi=0.951341;sd=0.067430
interference,host,host_cpu3-interf_io-run3,70000,30001,gaussian_hmm,2,154557.74755753402,5.151753193478018,-721922.2853115357,state_0_mean_log_ns=13.311328;state_1_mean_log_ns=16.135921
interference,host,host_cpu3-interf_io-run3,70000,30001,gaussian_hmm,3,154694.13409937886,5.156299260003962,-722567.8662168612,state_0_mean_log_ns=13.311327;state_1_mean_log_ns=13.635338;state_2_mean_log_ns=17.561254
interference,host,host_cpu3-interf_io-run3,70000,30001,gaussian_hmm,4,154706.33239151284,5.156705856188555,-722645.6861803775,state_0_mean_log_ns=13.311327;state_1_mean_log_ns=13.634984;state_2_mean_log_ns=16.820375;state_3_mean_log_ns=18.238431
interference,host,host_cpu3-interf_io-run3,70000,30001,gaussian_hmm,5,154762.37262919123,5.1585738018463125,-722870.4024295121,state_0_mean_log_ns=13.311308;state_1_mean_log_ns=13.314063;state_2_mean_log_ns=14.004999;state_3_mean_log_ns=17.117974;state_4_mean_log_ns=18.396759
interference,host,host_cpu3-interf_io-run4,70000,30001,iid_gaussian,1,-31712.670874248586,-1.0570537940151523,,mean=13.326758;sd=0.257624
interference,host,host_cpu3-interf_io-run4,70000,30001,ar1_gaussian,1,16426.148790436408,0.5475200423464687,,intercept=0.654109;phi=0.950918;sd=0.079721
interference,host,host_cpu3-interf_io-run4,70000,30001,gaussian_hmm,2,153735.6821078899,5.124351925198823,-724771.3540042132,state_0_mean_log_ns=13.311048;state_1_mean_log_ns=16.380831
interference,host,host_cpu3-interf_io-run4,70000,30001,gaussian_hmm,3,153976.48144101418,5.1323783020904035,-725398.6766491473,state_0_mean_log_ns=13.311048;state_1_mean_log_ns=13.662867;state_2_mean_log_ns=17.469776
interference,host,host_cpu3-interf_io-run4,70000,30001,gaussian_hmm,4,154144.1158942311,5.137965930943339,-725561.9257545561,state_0_mean_log_ns=13.311048;state_1_mean_log_ns=13.661150;state_2_mean_log_ns=16.813675;state_3_mean_log_ns=18.210238
interference,host,host_cpu3-interf_io-run4,70000,30001,gaussian_hmm,5,154235.2348487811,5.141003128188431,-725600.2293780604,state_0_mean_log_ns=13.311048;state_1_mean_log_ns=13.659285;state_2_mean_log_ns=16.408220;state_3_mean_log_ns=17.426341;state_4_mean_log_ns=18.350613
interference,container,docker_cpu3-interf_io-run3,70000,30001,iid_gaussian,1,40231.9168195217,1.3410191933442785,,mean=13.313204;sd=0.101916
interference,container,docker_cpu3-interf_io-run3,70000,30001,ar1_gaussian,1,59571.13437313758,1.9856382911615473,,intercept=1.258133;phi=0.905497;sd=0.043249
interference,container,docker_cpu3-interf_io-run3,70000,30001,gaussian_hmm,2,186442.97681150475,6.214558741758767,-877284.0274763166,state_0_mean_log_ns=13.310318;state_1_mean_log_ns=13.803443
interference,container,docker_cpu3-interf_io-run3,70000,30001,gaussian_hmm,3,187168.65050955385,6.238747058749836,-881098.1021676372,state_0_mean_log_ns=13.310313;state_1_mean_log_ns=13.322107;state_2_mean_log_ns=16.091952
interference,container,docker_cpu3-interf_io-run3,70000,30001,gaussian_hmm,4,187427.3275493934,6.247369339335136,-882672.6392611439,state_0_mean_log_ns=13.310312;state_1_mean_log_ns=13.313751;state_2_mean_log_ns=13.587555;state_3_mean_log_ns=17.132437
interference,container,docker_cpu3-interf_io-run3,70000,30001,gaussian_hmm,5,187427.31134753002,6.247368799291024,-882602.9363346058,state_0_mean_log_ns=13.310312;state_1_mean_log_ns=13.313751;state_2_mean_log_ns=13.587338;state_3_mean_log_ns=16.199588;state_4_mean_log_ns=17.633324
interference,container,docker_cpu3-interf_io-run4,70000,30001,iid_gaussian,1,-30119.762601762945,-1.0039586214380503,,mean=13.482187;sd=0.996285
interference,container,docker_cpu3-interf_io-run4,70000,30001,ar1_gaussian,1,28097.54889585139,0.9365537447368883,,intercept=0.126638;phi=0.990607;sd=0.136234
interference,container,docker_cpu3-interf_io-run4,70000,30001,gaussian_hmm,2,180796.4793923604,6.02634843479752,-893542.0592889321,state_0_mean_log_ns=13.309920;state_1_mean_log_ns=18.881920
interference,container,docker_cpu3-interf_io-run4,70000,30001,gaussian_hmm,3,180737.7413200935,6.02439056431764,-895867.6049231713,state_0_mean_log_ns=13.309920;state_1_mean_log_ns=18.077478;state_2_mean_log_ns=20.298544
interference,container,docker_cpu3-interf_io-run4,70000,30001,gaussian_hmm,4,181135.9294196289,6.0376630585523445,-897552.4068988434,state_0_mean_log_ns=13.309920;state_1_mean_log_ns=17.105758;state_2_mean_log_ns=18.887097;state_3_mean_log_ns=20.379652
interference,container,docker_cpu3-interf_io-run4,70000,30001,gaussian_hmm,5,183019.23332336984,6.100437762853566,-897839.6298770199,state_0_mean_log_ns=13.309920;state_1_mean_log_ns=13.318874;state_2_mean_log_ns=17.167367;state_3_mean_log_ns=18.903067;state_4_mean_log_ns=20.383548
interference,container,docker_cpu3-interf_io-run5,70000,30001,iid_gaussian,1,-36265.6881845631,-1.2088159789528048,,mean=13.417615;sd=0.735525
interference,container,docker_cpu3-interf_io-run5,70000,30001,ar1_gaussian,1,20097.139146645648,0.6698823088112279,,intercept=0.217978;phi=0.983754;sd=0.132043
interference,container,docker_cpu3-interf_io-run5,70000,30001,gaussian_hmm,2,169447.74892678868,5.648070028558671,-781553.0990604421,state_0_mean_log_ns=13.314111;state_1_mean_log_ns=18.147380
interference,container,docker_cpu3-interf_io-run5,70000,30001,gaussian_hmm,3,169696.95295427466,5.656376552590736,-783295.5321429658,state_0_mean_log_ns=13.314109;state_1_mean_log_ns=16.043516;state_2_mean_log_ns=18.896998
interference,container,docker_cpu3-interf_io-run5,70000,30001,gaussian_hmm,4,182095.67415590782,6.069653483414147,-843927.5069255444,state_0_mean_log_ns=13.313836;state_1_mean_log_ns=13.315407;state_2_mean_log_ns=16.940861;state_3_mean_log_ns=19.146010
interference,container,docker_cpu3-interf_io-run5,70000,30001,gaussian_hmm,5,182363.86645450754,6.078592928719294,-845018.2738632058,state_0_mean_log_ns=13.313836;state_1_mean_log_ns=13.315406;state_2_mean_log_ns=16.473420;state_3_mean_log_ns=18.369875;state_4_mean_log_ns=19.605888
interference,container,docker_cpu3-interf_io-run8,70000,30001,iid_gaussian,1,-56932.28326134628,-1.8976795193942295,,mean=13.621464;sd=1.419357
interference,container,docker_cpu3-interf_io-run8,70000,30001,ar1_gaussian,1,16069.084841876866,0.5356183074523138,,intercept=0.059012;phi=0.995670;sd=0.132179
interference,container,docker_cpu3-interf_io-run8,70000,30001,gaussian_hmm,2,159442.57825393416,5.3145754559492735,-735201.6255837936,state_0_mean_log_ns=13.314146;state_1_mean_log_ns=19.680822
interference,container,docker_cpu3-interf_io-run8,70000,30001,gaussian_hmm,3,160837.89196838753,5.361084362800824,-741109.6757405082,state_0_mean_log_ns=13.314143;state_1_mean_log_ns=17.883166;state_2_mean_log_ns=20.857286
interference,container,docker_cpu3-interf_io-run8,70000,30001,gaussian_hmm,4,161733.1599589177,5.390925634442776,-745914.8736231066,state_0_mean_log_ns=13.314007;state_1_mean_log_ns=13.314290;state_2_mean_log_ns=18.092193;state_3_mean_log_ns=20.857204
interference,container,docker_cpu3-interf_io-run8,70000,30001,gaussian_hmm,5,172669.96955702457,5.75547380277406,-812688.3046856021,state_0_mean_log_ns=13.313818;state_1_mean_log_ns=13.315631;state_2_mean_log_ns=18.317851;state_3_mean_log_ns=20.856228;state_4_mean_log_ns=20.905043
interference,container,docker_cpu3-interf_io-run7,70000,30001,iid_gaussian,1,-52784.175391175755,-1.7594138659103282,,mean=13.646190;sd=1.485045
interference,container,docker_cpu3-interf_io-run7,70000,30001,ar1_gaussian,1,16868.442530647666,0.562262675599069,,intercept=0.062174;phi=0.995444;sd=0.141601
interference,container,docker_cpu3-interf_io-run7,70000,30001,gaussian_hmm,2,161859.0576501198,5.395122084267851,-742256.7600241267,state_0_mean_log_ns=13.305600;state_1_mean_log_ns=19.742168
interference,container,docker_cpu3-interf_io-run7,70000,30001,gaussian_hmm,3,163322.48453493268,5.443901354452607,-749098.2485291925,state_0_mean_log_ns=13.305470;state_1_mean_log_ns=13.305731;state_2_mean_log_ns=19.754020
interference,container,docker_cpu3-interf_io-run7,70000,30001,gaussian_hmm,4,164298.29899416133,5.476427418891415,-754468.956767582,state_0_mean_log_ns=13.305470;state_1_mean_log_ns=13.305731;state_2_mean_log_ns=18.364989;state_3_mean_log_ns=20.877208
interference,container,docker_cpu3-interf_io-run7,70000,30001,gaussian_hmm,5,164876.76853861564,5.495709094317378,-757289.3305602263,state_0_mean_log_ns=13.305470;state_1_mean_log_ns=13.305731;state_2_mean_log_ns=18.012894;state_3_mean_log_ns=20.144811;state_4_mean_log_ns=21.178224
interference,host,host_cpu3-interf_io-run2,70000,30001,iid_gaussian,1,25326.009860304053,0.844172189603815,,mean=13.322449;sd=0.170745
interference,host,host_cpu3-interf_io-run2,70000,30001,ar1_gaussian,1,66330.38134637053,2.210939013578565,,intercept=0.319449;phi=0.976022;sd=0.037167
interference,host,host_cpu3-interf_io-run2,70000,30001,gaussian_hmm,2,149074.04166035666,4.9689690897088985,-689129.0308448432,state_0_mean_log_ns=13.316725;state_1_mean_log_ns=15.009874
interference,host,host_cpu3-interf_io-run2,70000,30001,gaussian_hmm,3,149383.18624134787,4.9792735655927425,-690738.5757807693,state_0_mean_log_ns=13.316712;state_1_mean_log_ns=13.345164;state_2_mean_log_ns=17.707671
interference,host,host_cpu3-interf_io-run2,70000,30001,gaussian_hmm,4,149402.67662731442,4.979923223469698,-690839.7852694048,state_0_mean_log_ns=13.316711;state_1_mean_log_ns=13.344478;state_2_mean_log_ns=15.292746;state_3_mean_log_ns=18.875609
interference,host,host_cpu3-interf_io-run2,70000,30001,gaussian_hmm,5,149439.8253668714,4.9811614735132625,-690896.5899672287,state_0_mean_log_ns=13.316710;state_1_mean_log_ns=13.341531;state_2_mean_log_ns=14.429938;state_3_mean_log_ns=18.103762;state_4_mean_log_ns=19.239018
interference,container,docker_cpu3-interf_io-run10,70000,30001,iid_gaussian,1,-88351.38448126015,-2.9449479844425235,,mean=13.486330;sd=1.069627
interference,container,docker_cpu3-interf_io-run10,70000,30001,ar1_gaussian,1,7919.6027411955565,0.2639779587745594,,intercept=0.099300;phi=0.992637;sd=0.129563
interference,container,docker_cpu3-interf_io-run10,70000,30001,gaussian_hmm,2,149794.1900408723,4.99297323558789,-769774.5855880998,state_0_mean_log_ns=13.302407;state_1_mean_log_ns=19.201494
interference,container,docker_cpu3-interf_io-run10,70000,30001,gaussian_hmm,3,152578.97925236166,5.085796448530438,-773294.5586378692,state_0_mean_log_ns=13.302406;state_1_mean_log_ns=17.904203;state_2_mean_log_ns=20.634440
interference,container,docker_cpu3-interf_io-run10,70000,30001,gaussian_hmm,4,154235.2689615098,5.141004265241485,-781158.0662760772,state_0_mean_log_ns=13.302271;state_1_mean_log_ns=13.302547;state_2_mean_log_ns=18.048026;state_3_mean_log_ns=20.648920
interference,container,docker_cpu3-interf_io-run10,70000,30001,gaussian_hmm,5,155449.85555707494,5.181489135597978,-782548.519053188,state_0_mean_log_ns=13.302271;state_1_mean_log_ns=13.302546;state_2_mean_log_ns=17.684007;state_3_mean_log_ns=19.952482;state_4_mean_log_ns=20.873560
interference,host,host_cpu3-interf_io-run1,70000,30001,iid_gaussian,1,83644.33865461822,2.7880516867643816,,mean=13.297166;sd=0.015320
interference,host,host_cpu3-interf_io-run1,70000,30001,ar1_gaussian,1,83482.398273826,2.7826538539990664,,intercept=11.759427;phi=0.115644;sd=0.015217
interference,host,host_cpu3-interf_io-run1,70000,30001,gaussian_hmm,2,151393.44800453717,5.046280057482656,-703865.3493145761,state_0_mean_log_ns=13.296833;state_1_mean_log_ns=13.378641
interference,host,host_cpu3-interf_io-run1,70000,30001,gaussian_hmm,3,151639.04842616967,5.054466465323478,-704866.8174961479,state_0_mean_log_ns=13.296822;state_1_mean_log_ns=13.328039;state_2_mean_log_ns=14.029008
interference,host,host_cpu3-interf_io-run1,70000,30001,gaussian_hmm,4,153491.36837105395,5.1162084054216175,-713605.9164215606,state_0_mean_log_ns=13.296496;state_1_mean_log_ns=13.298771;state_2_mean_log_ns=13.366557;state_3_mean_log_ns=13.990773
interference,host,host_cpu3-interf_io-run1,70000,30001,gaussian_hmm,5,153497.485501073,5.116412302959001,-713509.4921699059,state_0_mean_log_ns=13.296496;state_1_mean_log_ns=13.298773;state_2_mean_log_ns=13.368412;state_3_mean_log_ns=13.678881;state_4_mean_log_ns=14.649310
interference,host,host_cpu3-interf_io-run9,70000,30001,iid_gaussian,1,-31219.390568637005,-1.0406116652323925,,mean=13.481625;sd=1.006321
interference,host,host_cpu3-interf_io-run9,70000,30001,ar1_gaussian,1,21714.605845526665,0.7237960683152783,,intercept=0.112725;phi=0.991639;sd=0.129864
interference,host,host_cpu3-interf_io-run9,70000,30001,gaussian_hmm,2,155814.3377789251,5.193638138026236,-704596.0908931578,state_0_mean_log_ns=13.313951;state_1_mean_log_ns=19.053085
interference,host,host_cpu3-interf_io-run9,70000,30001,gaussian_hmm,3,155955.5549454884,5.198345220008947,-707164.1122603033,state_0_mean_log_ns=13.313951;state_1_mean_log_ns=17.964756;state_2_mean_log_ns=20.585873
interference,host,host_cpu3-interf_io-run9,70000,30001,gaussian_hmm,4,156099.57534778313,5.203145740068102,-708549.1987906579,state_0_mean_log_ns=13.313951;state_1_mean_log_ns=16.827277;state_2_mean_log_ns=18.758943;state_3_mean_log_ns=20.582563
interference,host,host_cpu3-interf_io-run9,70000,30001,gaussian_hmm,5,157583.67238041467,5.252613992214082,-718294.6891491627,state_0_mean_log_ns=13.313742;state_1_mean_log_ns=13.315701;state_2_mean_log_ns=16.927257;state_3_mean_log_ns=18.793860;state_4_mean_log_ns=20.585288
interference,host,host_cpu3-interf_io-run10,70000,30001,iid_gaussian,1,-66376.06878265107,-2.212461877359124,,mean=13.424210;sd=0.868937
interference,host,host_cpu3-interf_io-run10,70000,30001,ar1_gaussian,1,18546.53323891202,0.6181971680581321,,intercept=0.148658;phi=0.988926;sd=0.128960
interference,host,host_cpu3-interf_io-run10,70000,30001,gaussian_hmm,2,149997.930468732,4.9997643568125065,-720077.3452892669,state_0_mean_log_ns=13.296048;state_1_mean_log_ns=18.823078
interference,host,host_cpu3-interf_io-run10,70000,30001,gaussian_hmm,3,150941.81513952563,5.031226130446506,-722288.0646869681,state_0_mean_log_ns=13.296048;state_1_mean_log_ns=17.647013;state_2_mean_log_ns=20.329216
interference,host,host_cpu3-interf_io-run10,70000,30001,gaussian_hmm,4,161944.1650522769,5.3979589031124595,-780718.3028676664,state_0_mean_log_ns=13.295550;state_1_mean_log_ns=13.297880;state_2_mean_log_ns=17.688921;state_3_mean_log_ns=20.329029
interference,host,host_cpu3-interf_io-run10,70000,30001,gaussian_hmm,5,162216.90017767507,5.407049770930138,-781606.7072628416,state_0_mean_log_ns=13.295550;state_1_mean_log_ns=13.297880;state_2_mean_log_ns=16.655864;state_3_mean_log_ns=18.474872;state_4_mean_log_ns=20.333321
interference,host,host_cpu3-interf_io-run8,70000,30001,iid_gaussian,1,-75741.68875202043,-2.5246388037738887,,mean=13.450661;sd=0.978463
interference,host,host_cpu3-interf_io-run8,70000,30001,ar1_gaussian,1,14052.927431198495,0.4684153005299322,,intercept=0.113319;phi=0.991575;sd=0.126745
interference,host,host_cpu3-interf_io-run8,70000,30001,gaussian_hmm,2,149060.50871210513,4.968518006469956,-730558.558878845,state_0_mean_log_ns=13.293911;state_1_mean_log_ns=19.032675
interference,host,host_cpu3-interf_io-run8,70000,30001,gaussian_hmm,3,150447.03256802636,5.014733927803285,-733048.0037124702,state_0_mean_log_ns=13.293909;state_1_mean_log_ns=17.462298;state_2_mean_log_ns=20.314201
interference,host,host_cpu3-interf_io-run8,70000,30001,gaussian_hmm,4,151194.67893398448,5.039654642644728,-736548.4943737074,state_0_mean_log_ns=13.293769;state_1_mean_log_ns=13.294059;state_2_mean_log_ns=17.884081;state_3_mean_log_ns=20.456339
interference,host,host_cpu3-interf_io-run8,70000,30001,gaussian_hmm,5,156433.36868900896,5.214271813906501,-763933.9254914187,state_0_mean_log_ns=13.293556;state_1_mean_log_ns=13.295371;state_2_mean_log_ns=17.332477;state_3_mean_log_ns=19.352890;state_4_mean_log_ns=20.691366
interference,container,docker_cpu3-interf_io-run2,70000,30001,iid_gaussian,1,46108.57519687227,1.5369012765198582,,mean=13.304694;sd=0.022941
interference,container,docker_cpu3-interf_io-run2,70000,30001,ar1_gaussian,1,51851.276045567196,1.7283182575769873,,intercept=10.911301;phi=0.179891;sd=0.022567
interference,container,docker_cpu3-interf_io-run2,70000,30001,gaussian_hmm,2,155744.60959317116,5.19131394264095,-738532.9303806502,state_0_mean_log_ns=13.304251;state_1_mean_log_ns=13.436766
interference,container,docker_cpu3-interf_io-run2,70000,30001,gaussian_hmm,3,157399.28816500696,5.246468056565013,-748030.8233950039,state_0_mean_log_ns=13.304108;state_1_mean_log_ns=13.306551;state_2_mean_log_ns=13.568207
interference,container,docker_cpu3-interf_io-run2,70000,30001,gaussian_hmm,4,157550.32977495575,5.251502609078223,-748262.2891137422,state_0_mean_log_ns=13.304108;state_1_mean_log_ns=13.306548;state_2_mean_log_ns=13.362844;state_3_mean_log_ns=14.016900
interference,container,docker_cpu3-interf_io-run2,70000,30001,gaussian_hmm,5,157112.64837993975,5.236913715540807,-749061.1878067489,state_0_mean_log_ns=13.304076;state_1_mean_log_ns=13.306054;state_2_mean_log_ns=13.361372;state_3_mean_log_ns=14.139482;state_4_mean_log_ns=14.593520
interference,container,docker_cpu3-interf_io-run1,70000,30001,iid_gaussian,1,62715.94030618025,2.090461661483959,,mean=13.316313;sd=0.020369
interference,container,docker_cpu3-interf_io-run1,70000,30001,ar1_gaussian,1,67795.82147456941,2.2597853896393256,,intercept=9.404893;phi=0.293731;sd=0.019471
interference,container,docker_cpu3-interf_io-run1,70000,30001,gaussian_hmm,2,157081.96235027426,5.235890881979743,-734939.163705741,state_0_mean_log_ns=13.315974;state_1_mean_log_ns=13.403830
interference,container,docker_cpu3-interf_io-run1,70000,30001,gaussian_hmm,3,158908.0283411107,5.296757719446376,-743292.5522248296,state_0_mean_log_ns=13.315854;state_1_mean_log_ns=13.318545;state_2_mean_log_ns=13.534319
interference,container,docker_cpu3-interf_io-run1,70000,30001,gaussian_hmm,4,159155.4513845901,5.305004879323692,-744056.571671531,state_0_mean_log_ns=13.315830;state_1_mean_log_ns=13.317900;state_2_mean_log_ns=13.380056;state_3_mean_log_ns=14.445634
interference,container,docker_cpu3-interf_io-run1,70000,30001,gaussian_hmm,5,159069.6662422625,5.3021454698930865,-743697.4308417784,state_0_mean_log_ns=13.315848;state_1_mean_log_ns=13.318474;state_2_mean_log_ns=13.385581;state_3_mean_log_ns=14.377160;state_4_mean_log_ns=14.613803
interference,host,host_cpu3-interf_io-run5,70000,30001,iid_gaussian,1,-23473.520451512257,-0.7824246008970454,,mean=13.373276;sd=0.564629
interference,host,host_cpu3-interf_io-run5,70000,30001,ar1_gaussian,1,25139.7050907291,0.8379622376163829,,intercept=0.185462;phi=0.986132;sd=0.093709
interference,host,host_cpu3-interf_io-run5,70000,30001,gaussian_hmm,2,151074.59500370768,5.035651978390977,-697151.3926945538,state_0_mean_log_ns=13.315453;state_1_mean_log_ns=18.293812
interference,host,host_cpu3-interf_io-run5,70000,30001,gaussian_hmm,3,151224.12564157095,5.040636166846803,-698092.2670283522,state_0_mean_log_ns=13.315453;state_1_mean_log_ns=17.288282;state_2_mean_log_ns=19.807610
interference,host,host_cpu3-interf_io-run5,70000,30001,gaussian_hmm,4,151463.2069838301,5.048605279285027,-699101.9349290702,state_0_mean_log_ns=13.315442;state_1_mean_log_ns=13.338400;state_2_mean_log_ns=17.664040;state_3_mean_log_ns=19.843175
interference,host,host_cpu3-interf_io-run5,70000,30001,gaussian_hmm,5,156694.2187553881,5.2229665262953935,-722093.4216106429,state_0_mean_log_ns=13.314793;state_1_mean_log_ns=13.316461;state_2_mean_log_ns=15.489834;state_3_mean_log_ns=18.177793;state_4_mean_log_ns=19.856051
interference,host,host_cpu3-interf_io-run6,69758,29897,iid_gaussian,1,-44196.97708087138,-1.4783080938178206,,mean=13.482728;sd=1.100028
interference,host,host_cpu3-interf_io-run6,69758,29897,ar1_gaussian,1,18318.577294514154,0.6127229251936366,,intercept=0.090769;phi=0.993268;sd=0.127431
interference,host,host_cpu3-interf_io-run6,69758,29897,gaussian_hmm,2,154421.9497565048,5.165131944894297,-712441.6078160206,state_0_mean_log_ns=13.293254;state_1_mean_log_ns=19.401393
interference,host,host_cpu3-interf_io-run6,69758,29897,gaussian_hmm,3,155136.76739569817,5.189041288279699,-715796.7145181657,state_0_mean_log_ns=13.293254;state_1_mean_log_ns=18.165912;state_2_mean_log_ns=20.888621
interference,host,host_cpu3-interf_io-run6,69758,29897,gaussian_hmm,4,155519.02085261908,5.2018269676763245,-718291.1968163378,state_0_mean_log_ns=13.293110;state_1_mean_log_ns=13.293400;state_2_mean_log_ns=18.182844;state_3_mean_log_ns=20.880387
interference,host,host_cpu3-interf_io-run6,69758,29897,gaussian_hmm,5,159052.80228515415,5.320025497044993,-738951.6671943358,state_0_mean_log_ns=13.292869;state_1_mean_log_ns=13.294692;state_2_mean_log_ns=17.764549;state_3_mean_log_ns=19.984242;state_4_mean_log_ns=21.081263
interference,host,host_cpu3-interf_io-run7,70000,30001,iid_gaussian,1,-44823.39305821205,-1.4940632998304073,,mean=13.594650;sd=1.338644
interference,host,host_cpu3-interf_io-run7,70000,30001,ar1_gaussian,1,19171.48173799394,0.6390280903301204,,intercept=0.077872;phi=0.994272;sd=0.143077
interference,host,host_cpu3-interf_io-run7,70000,30001,gaussian_hmm,2,150550.63003680797,5.01818706165821,-683882.4929998358,state_0_mean_log_ns=13.310983;state_1_mean_log_ns=19.498794
interference,host,host_cpu3-interf_io-run7,70000,30001,gaussian_hmm,3,151211.93588040757,5.040229855018419,-688644.88020482,state_0_mean_log_ns=13.310983;state_1_mean_log_ns=18.289725;state_2_mean_log_ns=20.834785
interference,host,host_cpu3-interf_io-run7,70000,30001,gaussian_hmm,4,155272.42098593182,5.1755748470361596,-706951.8173345287,state_0_mean_log_ns=13.310468;state_1_mean_log_ns=13.312506;state_2_mean_log_ns=18.295639;state_3_mean_log_ns=20.834965
interference,host,host_cpu3-interf_io-run7,70000,30001,gaussian_hmm,5,155537.36692324007,5.1844060839052055,-709086.0515550498,state_0_mean_log_ns=13.310458;state_1_mean_log_ns=13.312449;state_2_mean_log_ns=17.874338;state_3_mean_log_ns=19.989983;state_4_mean_log_ns=21.028169
