condition,environment,run,n_train,n_test,states,state_by_mean,test_observations,occupancy,miss_rate,mean_response_ns
interference,container,docker_cpu3-interf_io-run9,70000,30001,2,0,28999,0.9666011132962234,0.0,603156.7997861995
interference,container,docker_cpu3-interf_io-run9,70000,30001,2,1,1002,0.03339888670377654,0.9600798403193613,524926080.36626744
interference,container,docker_cpu3-interf_io-run9,70000,30001,3,0,28999,0.9666011132962234,0.0,603156.7997861995
interference,container,docker_cpu3-interf_io-run9,70000,30001,3,1,578,0.01926602446585114,0.9307958477508651,128329897.50346021
interference,container,docker_cpu3-interf_io-run9,70000,30001,3,2,424,0.014132862237925403,1.0,1065568990.023585
interference,container,docker_cpu3-interf_io-run9,70000,30001,4,0,28990,0.9663011232958901,0.0,603156.2855467403
interference,container,docker_cpu3-interf_io-run9,70000,30001,4,1,231,0.007699743341888604,0.7878787878787878,22121848.14718615
interference,container,docker_cpu3-interf_io-run9,70000,30001,4,2,331,0.011032965567814405,1.0,177923175.39879155
interference,container,docker_cpu3-interf_io-run9,70000,30001,4,3,449,0.014966167794406854,1.0,1028905696.8084632
interference,container,docker_cpu3-interf_io-run9,70000,30001,5,0,28967,0.9655344821839272,0.0,603155.3247488522
interference,container,docker_cpu3-interf_io-run9,70000,30001,5,1,60,0.0019999333355554816,0.0,608533.8166666667
interference,container,docker_cpu3-interf_io-run9,70000,30001,5,2,299,0.00996633445551815,0.959866220735786,42798736.28762542
interference,container,docker_cpu3-interf_io-run9,70000,30001,5,3,307,0.010232992233592213,1.0,290345314.0781759
interference,container,docker_cpu3-interf_io-run9,70000,30001,5,4,368,0.012266257791406953,1.0,1152244376.8233695
interference,container,docker_cpu3-interf_io-run6,70000,30001,2,0,29045,0.9681343955201493,0.0,603144.806920296
interference,container,docker_cpu3-interf_io-run6,70000,30001,2,1,956,0.03186560447985067,0.9843096234309623,674633401.0052301
interference,container,docker_cpu3-interf_io-run6,70000,30001,3,0,29045,0.9681343955201493,0.0,603144.806920296
interference,container,docker_cpu3-interf_io-run6,70000,30001,3,1,548,0.018266057798073398,0.9726277372262774,135276491.18430656
interference,container,docker_cpu3-interf_io-run6,70000,30001,3,2,408,0.013599546681777274,1.0,1399063760.27451
interference,container,docker_cpu3-interf_io-run6,70000,30001,4,0,29045,0.9681343955201493,0.0,603144.806920296
interference,container,docker_cpu3-interf_io-run6,70000,30001,4,1,161,0.005366487783740542,0.906832298136646,21664940.267080743
interference,container,docker_cpu3-interf_io-run6,70000,30001,4,2,343,0.011432952234925502,1.0,150421281.35568514
interference,container,docker_cpu3-interf_io-run6,70000,30001,4,3,452,0.015066164461184627,1.0,1305015434.6747787
interference,container,docker_cpu3-interf_io-run6,70000,30001,5,0,29045,0.9681343955201493,0.0,603144.806920296
interference,container,docker_cpu3-interf_io-run6,70000,30001,5,1,164,0.005466484450518316,0.9085365853658537,22073558.17073171
interference,container,docker_cpu3-interf_io-run6,70000,30001,5,2,245,0.008166394453518216,1.0,101444646.73469388
interference,container,docker_cpu3-interf_io-run6,70000,30001,5,3,281,0.009366354454851506,1.0,574313109.064057
interference,container,docker_cpu3-interf_io-run6,70000,30001,5,4,266,0.008866371120962635,1.0,1710877991.443609
interference,host,host_cpu3-interf_io-run3,70000,30001,2,0,29916,0.9971667611079631,0.0,604010.9983286535
interference,host,host_cpu3-interf_io-run3,70000,30001,2,1,85,0.0028332388920369322,0.43529411764705883,10654212.941176474
interference,host,host_cpu3-interf_io-run3,70000,30001,3,0,29912,0.997033432218926,0.0,604010.3290986895
interference,host,host_cpu3-interf_io-run3,70000,30001,3,1,56,0.0018666044465184494,0.07142857142857142,989735.4285714285
interference,host,host_cpu3-interf_io-run3,70000,30001,3,2,33,0.0010999633345555148,1.0,25836938.727272738
interference,host,host_cpu3-interf_io-run3,70000,30001,4,0,29912,0.997033432218926,0.0,604010.3290986895
interference,host,host_cpu3-interf_io-run3,70000,30001,4,1,56,0.0018666044465184494,0.07142857142857142,989735.4285714285
interference,host,host_cpu3-interf_io-run3,70000,30001,4,2,30,0.0009999666677777408,1.0,23323816.76666667
interference,host,host_cpu3-interf_io-run3,70000,30001,4,3,3,9.999666677777408e-05,1.0,50968158.333333395
interference,host,host_cpu3-interf_io-run3,70000,30001,5,0,29846,0.994833505549815,0.0,604006.6417945453
interference,host,host_cpu3-interf_io-run3,70000,30001,5,1,82,0.002733242225259158,0.0,606900.6463414634
interference,host,host_cpu3-interf_io-run3,70000,30001,5,2,42,0.001399953334888837,0.14285714285714285,1443661.2142857146
interference,host,host_cpu3-interf_io-run3,70000,30001,5,3,31,0.0010332988900369987,1.0,27019976.483870983
interference,host,host_cpu3-interf_io-run3,70000,30001,5,4,0,0.0,,
interference,host,host_cpu3-interf_io-run4,70000,30001,2,0,29670,0.9889670344321856,0.0,603782.4105156724
interference,host,host_cpu3-interf_io-run4,70000,30001,2,1,331,0.011032965567814405,0.9154078549848943,60739453.91238671
interference,host,host_cpu3-interf_io-run4,70000,30001,3,0,29668,0.9889003699876671,0.0,603782.1006808683
interference,host,host_cpu3-interf_io-run4,70000,30001,3,1,36,0.0011999600013332889,0.16666666666666666,1397237.638888889
interference,host,host_cpu3-interf_io-run4,70000,30001,3,2,297,0.009899670010999633,1.0,67527526.75757575
interference,host,host_cpu3-interf_io-run4,70000,30001,4,0,29668,0.9889003699876671,0.0,603782.1006808683
interference,host,host_cpu3-interf_io-run4,70000,30001,4,1,36,0.0011999600013332889,0.16666666666666666,1397237.638888889
interference,host,host_cpu3-interf_io-run4,70000,30001,4,2,126,0.004199860004666511,1.0,24078160.69047619
interference,host,host_cpu3-interf_io-run4,70000,30001,4,3,171,0.005699810006333122,1.0,99542849.12280701
interference,host,host_cpu3-interf_io-run4,70000,30001,5,0,29668,0.9889003699876671,0.0,603782.1006808683
interference,host,host_cpu3-interf_io-run4,70000,30001,5,1,36,0.0011999600013332889,0.16666666666666666,1397237.638888889
interference,host,host_cpu3-interf_io-run4,70000,30001,5,2,64,0.0021332622245925138,1.0,13996912.078125
interference,host,host_cpu3-interf_io-run4,70000,30001,5,3,86,0.00286657111429619,1.0,38736749.41860465
interference,host,host_cpu3-interf_io-run4,70000,30001,5,4,147,0.00489983667211093,1.0,107676956.62585033
interference,container,docker_cpu3-interf_io-run3,70000,30001,2,0,29838,0.994566847771741,0.0,603471.5901870099
interference,container,docker_cpu3-interf_io-run3,70000,30001,2,1,163,0.005433152228259058,0.012269938650306749,700013.7791411043
interference,container,docker_cpu3-interf_io-run3,70000,30001,3,0,29765,0.9921335955468151,0.0,603468.5233999664
interference,container,docker_cpu3-interf_io-run3,70000,30001,3,1,228,0.007599746675110829,0.0,611038.8464912281
interference,container,docker_cpu3-interf_io-run3,70000,30001,3,2,8,0.0002666577780740642,0.25,2366262.25
interference,container,docker_cpu3-interf_io-run3,70000,30001,4,0,29745,0.99146695110163,0.0,603467.4265254665
interference,container,docker_cpu3-interf_io-run3,70000,30001,4,1,209,0.006966434452184927,0.0,605551.9043062201
interference,container,docker_cpu3-interf_io-run3,70000,30001,4,2,47,0.001566614446185127,0.0425531914893617,931672.4255319149
interference,container,docker_cpu3-interf_io-run3,70000,30001,4,3,0,0.0,,
interference,container,docker_cpu3-interf_io-run3,70000,30001,5,0,29745,0.99146695110163,0.0,603467.4265254665
interference,container,docker_cpu3-interf_io-run3,70000,30001,5,1,209,0.006966434452184927,0.0,605551.9043062201
interference,container,docker_cpu3-interf_io-run3,70000,30001,5,2,47,0.001566614446185127,0.0425531914893617,931672.4255319149
interference,container,docker_cpu3-interf_io-run3,70000,30001,5,3,0,0.0,,
interference,container,docker_cpu3-interf_io-run3,70000,30001,5,4,0,0.0,,
interference,container,docker_cpu3-interf_io-run4,70000,30001,2,0,29689,0.9896003466551115,0.0,603301.43689582
interference,container,docker_cpu3-interf_io-run4,70000,30001,2,1,312,0.010399653344888503,0.5512820512820513,87579274.91987179
interference,container,docker_cpu3-interf_io-run4,70000,30001,3,0,29691,0.9896670110996301,0.0,603301.5617527197
interference,container,docker_cpu3-interf_io-run4,70000,30001,3,1,272,0.009066364454518182,0.49264705882352944,49425078.893382356
interference,container,docker_cpu3-interf_io-run4,70000,30001,3,2,38,0.001266624445851805,1.0,365260579.10526323
interference,container,docker_cpu3-interf_io-run4,70000,30001,4,0,29684,0.9894336855438152,0.0,603301.161433769
interference,container,docker_cpu3-interf_io-run4,70000,30001,4,1,208,0.006933102229925669,0.30288461538461536,11853854.826923076
interference,container,docker_cpu3-interf_io-run4,70000,30001,4,2,84,0.002799906669777674,1.0,178773334.30952382
interference,container,docker_cpu3-interf_io-run4,70000,30001,4,3,25,0.0008333055564814507,1.0,393807862.9200001
interference,container,docker_cpu3-interf_io-run4,70000,30001,5,0,29607,0.9868671044298524,0.0,603297.291113588
interference,container,docker_cpu3-interf_io-run4,70000,30001,5,1,211,0.007033098896703443,0.0,611785.1990521327
interference,container,docker_cpu3-interf_io-run4,70000,30001,5,2,75,0.002499916669444352,0.8533333333333334,32851219.746666666
interference,container,docker_cpu3-interf_io-run4,70000,30001,5,3,83,0.002766574447518416,1.0,179954247.06024095
interference,container,docker_cpu3-interf_io-run4,70000,30001,5,4,25,0.0008333055564814507,1.0,393807862.9200001
interference,container,docker_cpu3-interf_io-run5,70000,30001,2,0,29358,0.9785673810872971,0.0,605660.3028476054
interference,container,docker_cpu3-interf_io-run5,70000,30001,2,1,643,0.02143261891270291,0.9828926905132193,270146861.4634526
interference,container,docker_cpu3-interf_io-run5,70000,30001,3,0,29357,0.9785340488650378,0.0,605660.1869741458
interference,container,docker_cpu3-interf_io-run5,70000,30001,3,1,147,0.00489983667211093,0.9183673469387755,22197164.414965987
interference,container,docker_cpu3-interf_io-run5,70000,30001,3,2,497,0.01656611446285124,1.0,342941766.2253521
interference,container,docker_cpu3-interf_io-run5,70000,30001,4,0,25310,0.8436385453818206,0.0,605519.4039905176
interference,container,docker_cpu3-interf_io-run5,70000,30001,4,1,4049,0.13496216792773574,0.0,606542.061990615
interference,container,docker_cpu3-interf_io-run5,70000,30001,4,2,222,0.007399753341555282,0.954954954954955,36265294.265765764
interference,container,docker_cpu3-interf_io-run5,70000,30001,4,3,420,0.013999533348888371,1.0,394411730.5738095
interference,container,docker_cpu3-interf_io-run5,70000,30001,5,0,25310,0.8436385453818206,0.0,605519.4039905176
interference,container,docker_cpu3-interf_io-run5,70000,30001,5,1,4049,0.13496216792773574,0.0,606542.061990615
interference,container,docker_cpu3-interf_io-run5,70000,30001,5,2,145,0.004833172227592414,0.9310344827586207,22198855.048275862
interference,container,docker_cpu3-interf_io-run5,70000,30001,5,3,206,0.006866437785407153,1.0,99401609.54854369
interference,container,docker_cpu3-interf_io-run5,70000,30001,5,4,291,0.009699676677444086,1.0,515492290.7869416
interference,container,docker_cpu3-interf_io-run8,70000,30001,2,0,28315,0.9438018732708909,0.0,605656.7632703515
interference,container,docker_cpu3-interf_io-run8,70000,30001,2,1,1686,0.05619812672910903,0.9916963226571768,1035296120.6370107
interference,container,docker_cpu3-interf_io-run8,70000,30001,3,0,28312,0.9437018766041132,0.0,605656.3757770556
interference,container,docker_cpu3-interf_io-run8,70000,30001,3,1,615,0.020499316689443686,0.9723577235772358,140980107.71056908
interference,container,docker_cpu3-interf_io-run8,70000,30001,3,2,1074,0.03579880670644312,1.0,1544514265.4497206
interference,container,docker_cpu3-interf_io-run8,70000,30001,4,0,14153,0.4717509416352788,0.0,605575.1398290115
interference,container,docker_cpu3-interf_io-run8,70000,30001,4,1,14160,0.47198426719109365,0.0,605737.8718220339
interference,container,docker_cpu3-interf_io-run8,70000,30001,4,2,622,0.020732642245258493,0.9742765273311897,145060308.08360127
interference,container,docker_cpu3-interf_io-run8,70000,30001,4,3,1066,0.035532148928369055,1.0,1552798279.3611631
interference,container,docker_cpu3-interf_io-run8,70000,30001,5,0,23818,0.7939068697710077,0.0,605501.5756990511
interference,container,docker_cpu3-interf_io-run8,70000,30001,5,1,4501,0.15002833238892038,0.0,606482.3608087092
interference,container,docker_cpu3-interf_io-run8,70000,30001,5,2,679,0.022632578914036198,0.9852724594992637,179012982.3976436
interference,container,docker_cpu3-interf_io-run8,70000,30001,5,3,2,6.666444451851606e-05,1.0,520013953.99999917
interference,container,docker_cpu3-interf_io-run8,70000,30001,5,4,1001,0.03336555448151728,1.0,1621295678.3756244
interference,container,docker_cpu3-interf_io-run7,70000,30001,2,0,28572,0.9523682543915203,0.0,600508.8386182276
interference,container,docker_cpu3-interf_io-run7,70000,30001,2,1,1429,0.047631745608479714,0.9923023093072079,753064184.7277817
interference,container,docker_cpu3-interf_io-run7,70000,30001,3,0,14282,0.4760507983067231,0.0,600429.346800168
interference,container,docker_cpu3-interf_io-run7,70000,30001,3,1,14290,0.4763174560847972,0.0,600588.3458362492
interference,container,docker_cpu3-interf_io-run7,70000,30001,3,2,1429,0.047631745608479714,0.9923023093072079,753064184.1287614
interference,container,docker_cpu3-interf_io-run7,70000,30001,4,0,14282,0.4760507983067231,0.0,600429.3587732811
interference,container,docker_cpu3-interf_io-run7,70000,30001,4,1,14289,0.47628412386253793,0.0,600588.0858702499
interference,container,docker_cpu3-interf_io-run7,70000,30001,4,2,696,0.023199226692443585,0.9827586206896551,171409987.70545977
interference,container,docker_cpu3-interf_io-run7,70000,30001,4,3,734,0.02446585113829539,1.0,1303580343.0640328
interference,container,docker_cpu3-interf_io-run7,70000,30001,5,0,14282,0.4760507983067231,0.0,600429.3135415209
interference,container,docker_cpu3-interf_io-run7,70000,30001,5,1,14288,0.47625079164027867,0.0,600587.8964165733
interference,container,docker_cpu3-interf_io-run7,70000,30001,5,2,525,0.017499416686110464,0.9752380952380952,103366166.28
interference,container,docker_cpu3-interf_io-run7,70000,30001,5,3,442,0.014732842238592047,1.0,570175868.9524887
interference,container,docker_cpu3-interf_io-run7,70000,30001,5,4,464,0.015466151128295724,1.0,1659148611.6788793
interference,host,host_cpu3-interf_io-run2,70000,30001,2,0,29941,0.9980000666644445,0.0,607302.3264420026
interference,host,host_cpu3-interf_io-run2,70000,30001,2,1,60,0.0019999333355554816,0.0,751434.35
interference,host,host_cpu3-interf_io-run2,70000,30001,3,0,29882,0.9960334655511482,0.0,607293.856636102
interference,host,host_cpu3-interf_io-run2,70000,30001,3,1,113,0.0037665411152961567,0.0,627009.4336283186
interference,host,host_cpu3-interf_io-run2,70000,30001,3,2,6,0.00019999333355554815,0.0,1719654.4999999993
interference,host,host_cpu3-interf_io-run2,70000,30001,4,0,29880,0.9959668011066298,0.0,607293.7484605087
interference,host,host_cpu3-interf_io-run2,70000,30001,4,1,113,0.0037665411152961567,0.0,625136.4513274336
interference,host,host_cpu3-interf_io-run2,70000,30001,4,2,8,0.0002666577780740642,0.0,1468424.2499999995
interference,host,host_cpu3-interf_io-run2,70000,30001,4,3,0,0.0,,
interference,host,host_cpu3-interf_io-run2,70000,30001,5,0,29882,0.9960334655511482,0.0,607293.1201392142
interference,host,host_cpu3-interf_io-run2,70000,30001,5,1,108,0.0035998800039998666,0.0,623319.1111111111
interference,host,host_cpu3-interf_io-run2,70000,30001,5,2,11,0.00036665444485183826,0.0,1261230.636363636
interference,host,host_cpu3-interf_io-run2,70000,30001,5,3,0,0.0,,
interference,host,host_cpu3-interf_io-run2,70000,30001,5,4,0,0.0,,
interference,container,docker_cpu3-interf_io-run10,70000,30001,2,0,26933,0.8977367421085963,0.0,598644.7368284261
interference,container,docker_cpu3-interf_io-run10,70000,30001,2,1,3068,0.10226325789140361,0.9960886571056062,764254340.976206
interference,container,docker_cpu3-interf_io-run10,70000,30001,3,0,26931,0.8976700776640779,0.0,598644.4853143218
interference,container,docker_cpu3-interf_io-run10,70000,30001,3,1,1039,0.03463217892736909,0.9865255052935515,158644435.45813283
interference,container,docker_cpu3-interf_io-run10,70000,30001,3,2,2031,0.06769774340855304,1.0,1073314600.5598228
interference,container,docker_cpu3-interf_io-run10,70000,30001,4,0,13466,0.44885170494316856,0.0,598562.8736818654
interference,container,docker_cpu3-interf_io-run10,70000,30001,4,1,13468,0.4489183693876871,0.0,598726.9155776656
interference,container,docker_cpu3-interf_io-run10,70000,30001,4,2,1062,0.03539882003933202,0.9896421845574388,165300864.26741996
interference,container,docker_cpu3-interf_io-run10,70000,30001,4,3,2005,0.06683110562981234,1.0,1081886382.6453865
interference,container,docker_cpu3-interf_io-run10,70000,30001,5,0,13466,0.44885170494316856,0.0,598562.8736818654
interference,container,docker_cpu3-interf_io-run10,70000,30001,5,1,13468,0.4489183693876871,0.0,598726.9155776656
interference,container,docker_cpu3-interf_io-run10,70000,30001,5,2,745,0.02483250558314723,0.9852348993288591,99109543.86845638
interference,container,docker_cpu3-interf_io-run10,70000,30001,5,3,910,0.030332322255924804,1.0,507177023.4351648
interference,container,docker_cpu3-interf_io-run10,70000,30001,5,4,1412,0.04706509783007233,1.0,1281419273.0509915
interference,host,host_cpu3-interf_io-run1,70000,30001,2,0,29892,0.9963667877737409,0.0,595265.6941322093
interference,host,host_cpu3-interf_io-run1,70000,30001,2,1,109,0.0036332122262591245,0.009174311926605505,681534.9633027522
interference,host,host_cpu3-interf_io-run1,70000,30001,3,0,29846,0.994833505549815,0.0,595259.5903973732
interference,host,host_cpu3-interf_io-run1,70000,30001,3,1,150,0.004999833338888704,0.0,618816.5266666666
interference,host,host_cpu3-interf_io-run1,70000,30001,3,2,5,0.00016666111129629013,0.2,1805845.1999999997
interference,host,host_cpu3-interf_io-run1,70000,30001,4,0,27828,0.9275690810306323,0.0,595107.885367256
interference,host,host_cpu3-interf_io-run1,70000,30001,4,1,2087,0.0695643478550715,0.0,597430.3670340201
interference,host,host_cpu3-interf_io-run1,70000,30001,4,2,78,0.002599913336222126,0.0,639002.4358974359
interference,host,host_cpu3-interf_io-run1,70000,30001,4,3,8,0.0002666577780740642,0.125,1328480.0
interference,host,host_cpu3-interf_io-run1,70000,30001,5,0,27833,0.9277357421419286,0.0,595108.0365393597
interference,host,host_cpu3-interf_io-run1,70000,30001,5,1,2084,0.06946435118829372,0.0,597431.4462571976
interference,host,host_cpu3-interf_io-run1,70000,30001,5,2,76,0.00253324889170361,0.0,640164.2763157894
interference,host,host_cpu3-interf_io-run1,70000,30001,5,3,6,0.00019999333355554815,0.0,645353.8333333335
interference,host,host_cpu3-interf_io-run1,70000,30001,5,4,2,6.666444451851606e-05,0.5,3377858.499999999
interference,host,host_cpu3-interf_io-run9,70000,30001,2,0,29665,0.9888003733208893,0.0,605586.4390696107
interference,host,host_cpu3-interf_io-run9,70000,30001,2,1,336,0.011199626679110695,0.9702380952380952,67816215.11904761
interference,host,host_cpu3-interf_io-run9,70000,30001,3,0,29664,0.98876704109863,0.0,605586.396608684
interference,host,host_cpu3-interf_io-run9,70000,30001,3,1,337,0.011232958901369954,0.9673590504451038,67616780.7893175
interference,host,host_cpu3-interf_io-run9,70000,30001,3,2,0,0.0,,
interference,host,host_cpu3-interf_io-run9,70000,30001,4,0,29664,0.98876704109863,0.0,605586.396608684
interference,host,host_cpu3-interf_io-run9,70000,30001,4,1,200,0.006666444451851605,0.945,33130163.17
interference,host,host_cpu3-interf_io-run9,70000,30001,4,2,137,0.0045665144495183494,1.0,117962207.97080293
interference,host,host_cpu3-interf_io-run9,70000,30001,4,3,0,0.0,,
interference,host,host_cpu3-interf_io-run9,70000,30001,5,0,27674,0.9224359188027066,0.0,605496.6601864566
interference,host,host_cpu3-interf_io-run9,70000,30001,5,1,1991,0.06636445451818272,0.0,606834.3249623305
interference,host,host_cpu3-interf_io-run9,70000,30001,5,2,217,0.0072330922302589916,0.9539170506912442,36704439.571428575
interference,host,host_cpu3-interf_io-run9,70000,30001,5,3,119,0.003966534448851705,1.0,124549452.88235295
interference,host,host_cpu3-interf_io-run9,70000,30001,5,4,0,0.0,,
interference,host,host_cpu3-interf_io-run10,70000,30001,2,0,28535,0.9511349621679277,0.0,594812.1973015595
interference,host,host_cpu3-interf_io-run10,70000,30001,2,1,1466,0.048865037832072265,0.9843110504774898,866231704.4488404
interference,host,host_cpu3-interf_io-run10,70000,30001,3,0,28535,0.9511349621679277,0.0,594812.1973015595
interference,host,host_cpu3-interf_io-run10,70000,30001,3,1,436,0.014532848905036498,0.9472477064220184,92336030.83256881
interference,host,host_cpu3-interf_io-run10,70000,30001,3,2,1030,0.03433218892703577,1.0,1193822494.445631
interference,host,host_cpu3-interf_io-run10,70000,30001,4,0,24085,0.8028065731142295,0.0,594567.6218393191
interference,host,host_cpu3-interf_io-run10,70000,30001,4,1,4452,0.14839505349821672,0.0,596136.5876010782
interference,host,host_cpu3-interf_io-run10,70000,30001,4,2,433,0.014432852238258725,0.9515011547344111,92376304.54965357
interference,host,host_cpu3-interf_io-run10,70000,30001,4,3,1031,0.034365521149295024,1.0,1192915173.270611
interference,host,host_cpu3-interf_io-run10,70000,30001,5,0,24082,0.8027065764474518,0.0,594567.5065609169
interference,host,host_cpu3-interf_io-run10,70000,30001,5,1,4455,0.1484950501649945,0.0,596136.1542087542
interference,host,host_cpu3-interf_io-run10,70000,30001,5,2,150,0.004999833338888704,0.86,21312041.04
interference,host,host_cpu3-interf_io-run10,70000,30001,5,3,286,0.009533015566147796,1.0,131403509.17132868
interference,host,host_cpu3-interf_io-run10,70000,30001,5,4,1028,0.03426552448251725,1.0,1195638398.5729573
interference,host,host_cpu3-interf_io-run8,70000,30001,2,0,27882,0.9293690210326322,0.0,593533.5184706979
interference,host,host_cpu3-interf_io-run8,70000,30001,2,1,2119,0.07063097896736775,0.9948088721094857,834835959.0840019
interference,host,host_cpu3-interf_io-run8,70000,30001,3,0,27881,0.929335688810373,0.0,593533.5053979412
interference,host,host_cpu3-interf_io-run8,70000,30001,3,1,589,0.019632678910702975,0.9796264855687606,98771945.63327675
interference,host,host_cpu3-interf_io-run8,70000,30001,3,2,1531,0.05103163227892404,1.0,1117466567.7459178
interference,host,host_cpu3-interf_io-run8,70000,30001,4,0,13942,0.46471784273857536,0.0,593450.9939033138
interference,host,host_cpu3-interf_io-run8,70000,30001,4,1,13940,0.4646511782940569,0.0,593616.0548780488
interference,host,host_cpu3-interf_io-run8,70000,30001,4,2,665,0.022165927802406588,0.9834586466165414,115852403.56992482
interference,host,host_cpu3-interf_io-run8,70000,30001,4,3,1454,0.048465051164961165,1.0,1163669565.9731774
interference,host,host_cpu3-interf_io-run8,70000,30001,5,0,24449,0.8149395020165995,0.0,593371.4652542026
interference,host,host_cpu3-interf_io-run8,70000,30001,5,1,3434,0.11446285123829206,0.0,594688.7140361095
interference,host,host_cpu3-interf_io-run8,70000,30001,5,2,373,0.012432918902703243,0.9731903485254692,59046814.42627346
interference,host,host_cpu3-interf_io-run8,70000,30001,5,3,526,0.01753274890836972,1.0,275438013.0247148
interference,host,host_cpu3-interf_io-run8,70000,30001,5,4,1219,0.040631978934035536,1.0,1314283791.8219852
interference,container,docker_cpu3-interf_io-run2,70000,30001,2,0,29890,0.9963001233292224,0.0,599705.3483439278
interference,container,docker_cpu3-interf_io-run2,70000,30001,2,1,111,0.003699876670777641,0.05405405405405406,1049476.1441441444
interference,container,docker_cpu3-interf_io-run2,70000,30001,3,0,28778,0.9592346921769275,0.0,599618.6861838904
interference,container,docker_cpu3-interf_io-run2,70000,30001,3,1,1147,0.038232058931368954,0.0,602011.0139494333
interference,container,docker_cpu3-interf_io-run2,70000,30001,3,2,76,0.00253324889170361,0.07894736842105263,1254625.394736842
interference,container,docker_cpu3-interf_io-run2,70000,30001,4,0,28776,0.959168027732409,0.0,599618.6048443147
interference,container,docker_cpu3-interf_io-run2,70000,30001,4,1,1149,0.038298723375887474,0.0,602008.8868581376
interference,container,docker_cpu3-interf_io-run2,70000,30001,4,2,58,0.0019332688910369655,0.0,636674.8103448276
interference,container,docker_cpu3-interf_io-run2,70000,30001,4,3,18,0.0005999800006666444,0.3333333333333333,3245799.500000001
interference,container,docker_cpu3-interf_io-run2,70000,30001,5,0,28480,0.9493016899436686,0.0,599601.8077598314
interference,container,docker_cpu3-interf_io-run2,70000,30001,5,1,1446,0.048198393386887105,0.0,601850.8520055325
interference,container,docker_cpu3-interf_io-run2,70000,30001,5,2,59,0.0019666011132962236,0.0,634683.6271186441
interference,container,docker_cpu3-interf_io-run2,70000,30001,5,3,8,0.0002666577780740642,0.25,1974957.6249999995
interference,container,docker_cpu3-interf_io-run2,70000,30001,5,4,8,0.0002666577780740642,0.5,5187862.750000002
interference,container,docker_cpu3-interf_io-run1,70000,30001,2,0,29879,0.9959334688843705,0.0,606799.16058101
interference,container,docker_cpu3-interf_io-run1,70000,30001,2,1,122,0.004066531115629479,0.01639344262295082,831398.6885245903
interference,container,docker_cpu3-interf_io-run1,70000,30001,3,0,29009,0.9669344355188161,0.0,606727.9466717226
interference,container,docker_cpu3-interf_io-run1,70000,30001,3,1,927,0.030898970034332188,0.0,609313.1564185545
interference,container,docker_cpu3-interf_io-run1,70000,30001,3,2,65,0.0021665944468517717,0.03076923076923077,1024283.9692307694
interference,container,docker_cpu3-interf_io-run1,70000,30001,4,0,28791,0.9596680110662978,0.0,606714.814247508
interference,container,docker_cpu3-interf_io-run1,70000,30001,4,1,1145,0.03816539448685044,0.0,609147.9170305677
interference,container,docker_cpu3-interf_io-run1,70000,30001,4,2,56,0.0018666044465184494,0.0,648238.625
interference,container,docker_cpu3-interf_io-run1,70000,30001,4,3,9,0.0002999900003333222,0.2222222222222222,3364534.8888888904
interference,container,docker_cpu3-interf_io-run1,70000,30001,5,0,28982,0.966034465517816,0.0,606726.1820785315
interference,container,docker_cpu3-interf_io-run1,70000,30001,5,1,954,0.03179894003533216,0.0,609293.5974842767
interference,container,docker_cpu3-interf_io-run1,70000,30001,5,2,55,0.0018332722242591915,0.0,648849.9272727272
interference,container,docker_cpu3-interf_io-run1,70000,30001,5,3,3,9.999666677777408e-05,0.6666666666666666,6543693.666666672
interference,container,docker_cpu3-interf_io-run1,70000,30001,5,4,7,0.00023332555581480617,0.0,1608661.5714285711
interference,host,host_cpu3-interf_io-run5,70000,30001,2,0,29656,0.988500383320556,0.0,606256.6161653629
interference,host,host_cpu3-interf_io-run5,70000,30001,2,1,345,0.011499616679444019,0.9391304347826087,142197974.44347826
interference,host,host_cpu3-interf_io-run5,70000,30001,3,0,29654,0.9884337188760375,0.0,606256.4074323869
interference,host,host_cpu3-interf_io-run5,70000,30001,3,1,258,0.00859971334288857,0.9108527131782945,64932890.62403099
interference,host,host_cpu3-interf_io-run5,70000,30001,3,2,89,0.002966567781073964,1.0,362998136.01123595
interference,host,host_cpu3-interf_io-run5,70000,30001,4,0,29639,0.9879337355421486,0.0,606254.0783089848
interference,host,host_cpu3-interf_io-run5,70000,30001,4,1,29,0.0009666344455184827,0.0,621850.2413793104
interference,host,host_cpu3-interf_io-run5,70000,30001,4,2,248,0.00826639112029599,0.9637096774193549,70360211.12903225
interference,host,host_cpu3-interf_io-run5,70000,30001,4,3,85,0.0028332388920369322,1.0,371780197.0352941
interference,host,host_cpu3-interf_io-run5,70000,30001,5,0,24413,0.8137395420152661,0.0,606065.6627206816
interference,host,host_cpu3-interf_io-run5,70000,30001,5,1,5242,0.17472750908303056,0.0,607144.7268218237
interference,host,host_cpu3-interf_io-run5,70000,30001,5,2,81,0.0026999100029999,0.7283950617283951,11902579.777777778
interference,host,host_cpu3-interf_io-run5,70000,30001,5,3,182,0.006066464451184961,1.0,92706550.96153846
interference,host,host_cpu3-interf_io-run5,70000,30001,5,4,83,0.002766574447518416,1.0,376171234.61445785
interference,host,host_cpu3-interf_io-run6,69758,29897,2,0,29027,0.9709000903100645,0.0,593164.6239707859
interference,host,host_cpu3-interf_io-run6,69758,29897,2,1,870,0.029099909689935446,0.9770114942528736,670326114.5517242
interference,host,host_cpu3-interf_io-run6,69758,29897,3,0,29027,0.9709000903100645,0.0,593164.6239707859
interference,host,host_cpu3-interf_io-run6,69758,29897,3,1,484,0.016188915275780178,0.9586776859504132,121621897.34504132
interference,host,host_cpu3-interf_io-run6,69758,29897,3,2,386,0.012910994414155266,1.0,1358338656.3341968
interference,host,host_cpu3-interf_io-run6,69758,29897,4,0,14511,0.4853664247248888,0.0,593082.7364068638
interference,host,host_cpu3-interf_io-run6,69758,29897,4,1,14517,0.48556711375723316,0.0,593246.8748363988
interference,host,host_cpu3-interf_io-run6,69758,29897,4,2,480,0.01605512258755059,0.9604166666666667,119493937.22708334
interference,host,host_cpu3-interf_io-run6,69758,29897,4,3,389,0.013011338930327458,1.0,1351737868.537275
interference,host,host_cpu3-interf_io-run6,69758,29897,5,0,25015,0.8367060240157875,0.0,592979.2355786528
interference,host,host_cpu3-interf_io-run6,69758,29897,5,1,4014,0.13426096263839182,0.0,594321.3707025411
interference,host,host_cpu3-interf_io-run6,69758,29897,5,2,415,0.013880991403819782,0.9566265060240964,83475462.3686747
interference,host,host_cpu3-interf_io-run6,69758,29897,5,3,155,0.0051844666688965445,1.0,555280467.967742
interference,host,host_cpu3-interf_io-run6,69758,29897,5,4,298,0.009967555273104325,1.0,1551918584.637584
interference,host,host_cpu3-interf_io-run7,70000,30001,2,0,29192,0.9730342321922603,0.0,603803.1817963825
interference,host,host_cpu3-interf_io-run7,70000,30001,2,1,809,0.02696576780773974,0.9901112484548825,603294760.3967862
interference,host,host_cpu3-interf_io-run7,70000,30001,3,0,29191,0.973000899970001,0.0,603803.1683052996
interference,host,host_cpu3-interf_io-run7,70000,30001,3,1,459,0.015299490016999434,0.9803921568627451,108425898.583878
interference,host,host_cpu3-interf_io-run7,70000,30001,3,2,351,0.011699610012999566,1.0,1248713897.1737893
interference,host,host_cpu3-interf_io-run7,70000,30001,4,0,24063,0.8020732642245259,0.0,603500.1927440469
interference,host,host_cpu3-interf_io-run7,70000,30001,4,1,5129,0.1709609679677344,0.0,605224.6724507702
interference,host,host_cpu3-interf_io-run7,70000,30001,4,2,459,0.015299490016999434,0.9825708061002179,109471069.64923747
interference,host,host_cpu3-interf_io-run7,70000,30001,4,3,350,0.01166627779074031,1.0,1250909257.6914287
interference,host,host_cpu3-interf_io-run7,70000,30001,5,0,23856,0.7951734942168595,0.0,603492.0047367539
interference,host,host_cpu3-interf_io-run7,70000,30001,5,1,5336,0.1778607379754008,0.0,605194.3811844077
interference,host,host_cpu3-interf_io-run7,70000,30001,5,2,403,0.013432885570480984,0.9801488833746899,74715703.3349876
interference,host,host_cpu3-interf_io-run7,70000,30001,5,3,135,0.0044998500049998336,1.0,533019836.94814813
interference,host,host_cpu3-interf_io-run7,70000,30001,5,4,271,0.009033032232258926,1.0,1424344482.394834
