condition,environment,run,states,n,median_inter_release_ns,from_state,to_state,count,observed_probability,model_probability
interference,container,docker_cpu3-interf_io-run6,4,100001,5000000.0,0,0,97429,0.999107838713647,0.9991099627548939
interference,container,docker_cpu3-interf_io-run6,4,100001,5000000.0,0,1,50,0.0005127363714672464,0.00048322674224789527
interference,container,docker_cpu3-interf_io-run6,4,100001,5000000.0,0,2,35,0.0003589154600270725,0.00038629757065365944
interference,container,docker_cpu3-interf_io-run6,4,100001,5000000.0,0,3,2,2.0509454858689857e-05,2.05129322044097e-05
interference,container,docker_cpu3-interf_io-run6,4,100001,5000000.0,1,0,88,0.1522491349480969,0.1534486357373427
interference,container,docker_cpu3-interf_io-run6,4,100001,5000000.0,1,1,490,0.8477508650519031,0.8465513642367869
interference,container,docker_cpu3-interf_io-run6,4,100001,5000000.0,1,2,0,0.0,2.5870331580080888e-11
interference,container,docker_cpu3-interf_io-run6,4,100001,5000000.0,1,3,0,0.0,7.575392605390066e-44
interference,container,docker_cpu3-interf_io-run6,4,100001,5000000.0,2,0,0,0.0,1.0545813977084553e-50
interference,container,docker_cpu3-interf_io-run6,4,100001,5000000.0,2,1,37,0.0356111645813282,0.037989622907206276
interference,container,docker_cpu3-interf_io-run6,4,100001,5000000.0,2,2,1002,0.9643888354186718,0.9620103770927938
interference,container,docker_cpu3-interf_io-run6,4,100001,5000000.0,2,3,0,0.0,1.3917939687946567e-28
interference,container,docker_cpu3-interf_io-run6,4,100001,5000000.0,3,0,0,0.0,5.905044169737484e-268
interference,container,docker_cpu3-interf_io-run6,4,100001,5000000.0,3,1,0,0.0,4.659418958760521e-53
interference,container,docker_cpu3-interf_io-run6,4,100001,5000000.0,3,2,2,0.002306805074971165,0.002305595755036784
interference,container,docker_cpu3-interf_io-run6,4,100001,5000000.0,3,3,865,0.9976931949250288,0.9976944042449631
interference,host,host_cpu3-interf_io-run3,4,100001,5000000.0,0,0,99469,0.9984241061570273,0.9984279982695236
interference,host,host_cpu3-interf_io-run3,4,100001,5000000.0,0,1,141,0.0014152931965551161,0.0014114306345628575
interference,host,host_cpu3-interf_io-run3,4,100001,5000000.0,0,2,7,7.02627828077008e-05,6.943847231072693e-05
interference,host,host_cpu3-interf_io-run3,4,100001,5000000.0,0,3,9,9.033786360990103e-05,9.113262360297666e-05
interference,host,host_cpu3-interf_io-run3,4,100001,5000000.0,1,0,158,0.9575757575757575,0.953361078323792
interference,host,host_cpu3-interf_io-run3,4,100001,5000000.0,1,1,7,0.04242424242424243,0.046638921676207916
interference,host,host_cpu3-interf_io-run3,4,100001,5000000.0,1,2,0,0.0,1.0868668576376891e-53
interference,host,host_cpu3-interf_io-run3,4,100001,5000000.0,1,3,0,0.0,1.0728299388401733e-78
interference,host,host_cpu3-interf_io-run3,4,100001,5000000.0,2,0,0,0.0,6.82854561704835e-23
interference,host,host_cpu3-interf_io-run3,4,100001,5000000.0,2,1,16,0.16326530612244897,0.16094406840182796
interference,host,host_cpu3-interf_io-run3,4,100001,5000000.0,2,2,82,0.8367346938775511,0.839055931598172
interference,host,host_cpu3-interf_io-run3,4,100001,5000000.0,2,3,0,0.0,2.9618932975023666e-33
interference,host,host_cpu3-interf_io-run3,4,100001,5000000.0,3,0,0,0.0,1.188745665866215e-225
interference,host,host_cpu3-interf_io-run3,4,100001,5000000.0,3,1,0,0.0,1.4190362531624088e-117
interference,host,host_cpu3-interf_io-run3,4,100001,5000000.0,3,2,9,0.08108108108108109,0.08280825595267093
interference,host,host_cpu3-interf_io-run3,4,100001,5000000.0,3,3,102,0.918918918918919,0.9171917440473291
interference,container,docker_cpu3-interf_io-run9,4,100001,5000000.0,0,0,96034,0.9981499189290317,0.9981309576565627
interference,container,docker_cpu3-interf_io-run9,4,100001,5000000.0,0,1,124,0.0012888205213486884,0.0013076798594260667
interference,container,docker_cpu3-interf_io-run9,4,100001,5000000.0,0,2,47,0.0004885045524466803,0.0004885888854714843
interference,container,docker_cpu3-interf_io-run9,4,100001,5000000.0,0,3,7,7.275599717290983e-05,7.277359853981507e-05
interference,container,docker_cpu3-interf_io-run9,4,100001,5000000.0,1,0,126,0.8181818181818182,0.8068462080632478
interference,container,docker_cpu3-interf_io-run9,4,100001,5000000.0,1,1,28,0.18181818181818182,0.19315379193675222
interference,container,docker_cpu3-interf_io-run9,4,100001,5000000.0,1,2,0,0.0,1.8380372621657157e-26
interference,container,docker_cpu3-interf_io-run9,4,100001,5000000.0,1,3,0,0.0,2.5678658551220686e-30
interference,container,docker_cpu3-interf_io-run9,4,100001,5000000.0,2,0,53,0.027968337730870714,0.027962912762788478
interference,container,docker_cpu3-interf_io-run9,4,100001,5000000.0,2,1,1,0.0005277044854881266,0.0005520174743676032
interference,container,docker_cpu3-interf_io-run9,4,100001,5000000.0,2,2,1841,0.9715039577836412,0.9714850697628439
interference,container,docker_cpu3-interf_io-run9,4,100001,5000000.0,2,3,0,0.0,1.2897337937728555e-39
interference,container,docker_cpu3-interf_io-run9,4,100001,5000000.0,3,0,0,0.0,0.0
interference,container,docker_cpu3-interf_io-run9,4,100001,5000000.0,3,1,0,0.0,0.0
interference,container,docker_cpu3-interf_io-run9,4,100001,5000000.0,3,2,7,0.0040253018976423235,0.004023806051515378
interference,container,docker_cpu3-interf_io-run9,4,100001,5000000.0,3,3,1732,0.9959746981023577,0.9959761939484847
interference,host,host_cpu3-interf_io-run4,4,100001,5000000.0,0,0,99199,0.9988521140233404,0.9988474241483097
interference,host,host_cpu3-interf_io-run4,4,100001,5000000.0,0,1,81,0.0008156031939423842,0.0008202800993144824
interference,host,host_cpu3-interf_io-run4,4,100001,5000000.0,0,2,18,0.00018124515420941872,0.00016836215674144152
interference,host,host_cpu3-interf_io-run4,4,100001,5000000.0,0,3,15,0.00015103762850784893,0.000163933595634371
interference,host,host_cpu3-interf_io-run4,4,100001,5000000.0,1,0,115,0.8582089552238806,0.832599856241024
interference,host,host_cpu3-interf_io-run4,4,100001,5000000.0,1,1,19,0.1417910447761194,0.1674001437589759
interference,host,host_cpu3-interf_io-run4,4,100001,5000000.0,1,2,0,0.0,6.3384884491991435e-55
interference,host,host_cpu3-interf_io-run4,4,100001,5000000.0,1,3,0,0.0,5.720221228733561e-87
interference,host,host_cpu3-interf_io-run4,4,100001,5000000.0,2,0,0,0.0,1.7391500222569785e-36
interference,host,host_cpu3-interf_io-run4,4,100001,5000000.0,2,1,33,0.11578947368421053,0.11690583023831834
interference,host,host_cpu3-interf_io-run4,4,100001,5000000.0,2,2,252,0.8842105263157894,0.8830941697616816
interference,host,host_cpu3-interf_io-run4,4,100001,5000000.0,2,3,0,0.0,6.137114045029755e-52
interference,host,host_cpu3-interf_io-run4,4,100001,5000000.0,3,0,0,0.0,0.0
interference,host,host_cpu3-interf_io-run4,4,100001,5000000.0,3,1,0,0.0,1.0380476133551841e-179
interference,host,host_cpu3-interf_io-run4,4,100001,5000000.0,3,2,15,0.055970149253731345,0.060307789486404445
interference,host,host_cpu3-interf_io-run4,4,100001,5000000.0,3,3,253,0.9440298507462687,0.9396922105135956
interference,container,docker_cpu3-interf_io-run3,4,100001,5000000.0,0,0,98327,0.9920896772305798,0.9908696035446353
interference,container,docker_cpu3-interf_io-run3,4,100001,5000000.0,0,1,645,0.006507854829433665,0.007724023642352662
interference,container,docker_cpu3-interf_io-run3,4,100001,5000000.0,0,2,133,0.0013419297555266317,0.0013458365040898473
interference,container,docker_cpu3-interf_io-run3,4,100001,5000000.0,0,3,6,6.0538184459848047e-05,6.053630892228141e-05
interference,container,docker_cpu3-interf_io-run3,4,100001,5000000.0,1,0,655,0.9465317919075145,0.9299048985085742
interference,container,docker_cpu3-interf_io-run3,4,100001,5000000.0,1,1,37,0.05346820809248555,0.07009510149142552
interference,container,docker_cpu3-interf_io-run3,4,100001,5000000.0,1,2,0,0.0,2.406497810441562e-16
interference,container,docker_cpu3-interf_io-run3,4,100001,5000000.0,1,3,0,0.0,9.125918404050458e-96
interference,container,docker_cpu3-interf_io-run3,4,100001,5000000.0,2,0,130,0.8609271523178808,0.8491268276652619
interference,container,docker_cpu3-interf_io-run3,4,100001,5000000.0,2,1,9,0.059602649006622516,0.06658470077464246
interference,container,docker_cpu3-interf_io-run3,4,100001,5000000.0,2,2,12,0.07947019867549669,0.08428847156009552
interference,container,docker_cpu3-interf_io-run3,4,100001,5000000.0,2,3,0,0.0,2.0001526246981201e-87
interference,container,docker_cpu3-interf_io-run3,4,100001,5000000.0,3,0,0,0.0,2.4283733907683004e-165
interference,container,docker_cpu3-interf_io-run3,4,100001,5000000.0,3,1,0,0.0,1.9921812982814102e-142
interference,container,docker_cpu3-interf_io-run3,4,100001,5000000.0,3,2,6,0.13043478260869565,0.13024299016512472
interference,container,docker_cpu3-interf_io-run3,4,100001,5000000.0,3,3,40,0.8695652173913043,0.8697570098348752
interference,container,docker_cpu3-interf_io-run8,4,100001,5000000.0,0,0,73813,0.9449757396525458,0.938059757597451
interference,container,docker_cpu3-interf_io-run8,4,100001,5000000.0,0,1,4250,0.05440975022724072,0.06134364777155025
interference,container,docker_cpu3-interf_io-run8,4,100001,5000000.0,0,2,40,0.0005120917668446185,0.0004928061146825942
interference,container,docker_cpu3-interf_io-run8,4,100001,5000000.0,0,3,8,0.00010241835336892372,0.00010378851631625375
interference,container,docker_cpu3-interf_io-run8,4,100001,5000000.0,1,0,4256,0.2519983421161703,0.2652309589220422
interference,container,docker_cpu3-interf_io-run8,4,100001,5000000.0,1,1,12618,0.7471135058321985,0.7337942887959868
interference,container,docker_cpu3-interf_io-run8,4,100001,5000000.0,1,2,15,0.0008881520516312392,0.0009747522819710053
interference,container,docker_cpu3-interf_io-run8,4,100001,5000000.0,1,3,0,0.0,7.372011815650605e-21
interference,container,docker_cpu3-interf_io-run8,4,100001,5000000.0,2,0,43,0.019413092550790066,0.01957215584491215
interference,container,docker_cpu3-interf_io-run8,4,100001,5000000.0,2,1,20,0.009029345372460496,0.009074100245059686
interference,container,docker_cpu3-interf_io-run8,4,100001,5000000.0,2,2,2152,0.9715575620767495,0.9713537439100282
interference,container,docker_cpu3-interf_io-run8,4,100001,5000000.0,2,3,0,0.0,1.6704482329807848e-47
interference,container,docker_cpu3-interf_io-run8,4,100001,5000000.0,3,0,0,0.0,0.0
interference,container,docker_cpu3-interf_io-run8,4,100001,5000000.0,3,1,0,0.0,0.0
interference,container,docker_cpu3-interf_io-run8,4,100001,5000000.0,3,2,8,0.002872531418312388,0.0028736634496107105
interference,container,docker_cpu3-interf_io-run8,4,100001,5000000.0,3,3,2777,0.9971274685816877,0.9971263365503893
interference,container,docker_cpu3-interf_io-run4,4,100001,5000000.0,0,0,97111,0.9970430907914866,0.9969164225828617
interference,container,docker_cpu3-interf_io-run4,4,100001,5000000.0,0,1,241,0.0024743580529574226,0.002598597407147181
interference,container,docker_cpu3-interf_io-run4,4,100001,5000000.0,0,2,38,0.00039014774278996704,0.0003894541538624563
interference,container,docker_cpu3-interf_io-run4,4,100001,5000000.0,0,3,9,9.240341276604483e-05,9.552585612871529e-05
interference,container,docker_cpu3-interf_io-run4,4,100001,5000000.0,1,0,243,0.9310344827586207,0.9213806739011771
interference,container,docker_cpu3-interf_io-run4,4,100001,5000000.0,1,1,17,0.06513409961685823,0.07579033855766293
interference,container,docker_cpu3-interf_io-run4,4,100001,5000000.0,1,2,1,0.0038314176245210726,0.0028289875411600745
interference,container,docker_cpu3-interf_io-run4,4,100001,5000000.0,1,3,0,0.0,1.7388949684091633e-20
interference,container,docker_cpu3-interf_io-run4,4,100001,5000000.0,2,0,46,0.032740213523131674,0.032883686598358705
interference,container,docker_cpu3-interf_io-run4,4,100001,5000000.0,2,1,2,0.0014234875444839859,0.0012946388627929869
interference,container,docker_cpu3-interf_io-run4,4,100001,5000000.0,2,2,1357,0.9658362989323843,0.9658216745388482
interference,container,docker_cpu3-interf_io-run4,4,100001,5000000.0,2,3,0,0.0,2.318150902916374e-24
interference,container,docker_cpu3-interf_io-run4,4,100001,5000000.0,3,0,0,0.0,2.8817511714215004e-225
interference,container,docker_cpu3-interf_io-run4,4,100001,5000000.0,3,1,0,0.0,9.403772240537416e-234
interference,container,docker_cpu3-interf_io-run4,4,100001,5000000.0,3,2,9,0.009625668449197862,0.009943785335232786
interference,container,docker_cpu3-interf_io-run4,4,100001,5000000.0,3,3,926,0.9903743315508021,0.9900562146647671
interference,container,docker_cpu3-interf_io-run7,4,100001,5000000.0,0,0,0,0.0,1.5555856505480028e-05
interference,container,docker_cpu3-interf_io-run7,4,100001,5000000.0,0,1,47388,0.9992830331913458,0.9992717289140559
interference,container,docker_cpu3-interf_io-run7,4,100001,5000000.0,0,2,29,0.0006115305132638859,0.0006069341132306827
interference,container,docker_cpu3-interf_io-run7,4,100001,5000000.0,0,3,5,0.00010543629539032517,0.00010578111620790942
interference,container,docker_cpu3-interf_io-run7,4,100001,5000000.0,1,0,47385,0.9987564286316499,0.9985071558988906
interference,container,docker_cpu3-interf_io-run7,4,100001,5000000.0,1,1,18,0.00037939465475086417,0.0007140758431112818
interference,container,docker_cpu3-interf_io-run7,4,100001,5000000.0,1,2,35,0.000737711828682236,0.0006525008216718463
interference,container,docker_cpu3-interf_io-run7,4,100001,5000000.0,1,3,6,0.00012646488491695472,0.00012626743632616276
interference,container,docker_cpu3-interf_io-run7,4,100001,5000000.0,2,0,37,0.015677966101694914,0.016144215841451027
interference,container,docker_cpu3-interf_io-run7,4,100001,5000000.0,2,1,38,0.016101694915254237,0.013868529975356802
interference,container,docker_cpu3-interf_io-run7,4,100001,5000000.0,2,2,2285,0.9682203389830508,0.9699872541831921
interference,container,docker_cpu3-interf_io-run7,4,100001,5000000.0,2,3,0,0.0,3.525109420617146e-55
interference,container,docker_cpu3-interf_io-run7,4,100001,5000000.0,3,0,0,0.0,0.0
interference,container,docker_cpu3-interf_io-run7,4,100001,5000000.0,3,1,0,0.0,0.0
interference,container,docker_cpu3-interf_io-run7,4,100001,5000000.0,3,2,11,0.003965392934390771,0.003970377392361673
interference,container,docker_cpu3-interf_io-run7,4,100001,5000000.0,3,3,2763,0.9960346070656092,0.9960296226076384
interference,container,docker_cpu3-interf_io-run5,4,100001,5000000.0,0,0,77899,0.9456286872708732,0.9381987156451934
interference,container,docker_cpu3-interf_io-run5,4,100001,5000000.0,0,1,4428,0.05375221539731482,0.06118363237390589
interference,container,docker_cpu3-interf_io-run5,4,100001,5000000.0,0,2,31,0.00037631406443467915,0.00033864619212734166
interference,container,docker_cpu3-interf_io-run5,4,100001,5000000.0,0,3,20,0.00024278326737721235,0.0002790057887733423
interference,container,docker_cpu3-interf_io-run5,4,100001,5000000.0,1,0,4434,0.2858985105422658,0.29563581769710595
interference,container,docker_cpu3-interf_io-run5,4,100001,5000000.0,1,1,11051,0.7125540009027017,0.7028828629730244
interference,container,docker_cpu3-interf_io-run5,4,100001,5000000.0,1,2,23,0.0014830098652395384,0.0014069599797628257
interference,container,docker_cpu3-interf_io-run5,4,100001,5000000.0,1,3,1,6.44786897930234e-05,7.435935010669775e-05
interference,container,docker_cpu3-interf_io-run5,4,100001,5000000.0,2,0,46,0.04500978473581213,0.045088513161644916
interference,container,docker_cpu3-interf_io-run5,4,100001,5000000.0,2,1,30,0.029354207436399216,0.030493121025531197
interference,container,docker_cpu3-interf_io-run5,4,100001,5000000.0,2,2,946,0.9256360078277887,0.9244183658128238
interference,container,docker_cpu3-interf_io-run5,4,100001,5000000.0,2,3,0,0.0,4.479799968943056e-29
interference,container,docker_cpu3-interf_io-run5,4,100001,5000000.0,3,0,0,0.0,3.7617353003759054e-219
interference,container,docker_cpu3-interf_io-run5,4,100001,5000000.0,3,1,0,0.0,1.1295664134265845e-236
interference,container,docker_cpu3-interf_io-run5,4,100001,5000000.0,3,2,21,0.01924839596700275,0.021553472353478438
interference,container,docker_cpu3-interf_io-run5,4,100001,5000000.0,3,3,1070,0.9807516040329972,0.9784465276465216
interference,container,docker_cpu3-interf_io-run10,4,100001,5000000.0,0,0,73717,0.9458658386368303,0.9393486984282572
interference,container,docker_cpu3-interf_io-run10,4,100001,5000000.0,0,1,17,0.00021812769451857935,0.0002141229574592326
interference,container,docker_cpu3-interf_io-run10,4,100001,5000000.0,0,2,4149,0.05323598850338739,0.059758972500396974
interference,container,docker_cpu3-interf_io-run10,4,100001,5000000.0,0,3,53,0.0006800451652638062,0.0006782061138864333
interference,container,docker_cpu3-interf_io-run10,4,100001,5000000.0,1,0,28,0.0022071574964527825,0.0023541289518810857
interference,container,docker_cpu3-interf_io-run10,4,100001,5000000.0,1,1,12648,0.9970045719690998,0.9968653809163449
interference,container,docker_cpu3-interf_io-run10,4,100001,5000000.0,1,2,0,0.0,1.3687501712484478e-06
interference,container,docker_cpu3-interf_io-run10,4,100001,5000000.0,1,3,10,0.0007882705344474224,0.0007791213816027839
interference,container,docker_cpu3-interf_io-run10,4,100001,5000000.0,2,0,4148,0.997834977146981,0.9971938171523841
interference,container,docker_cpu3-interf_io-run10,4,100001,5000000.0,2,1,1,0.00024055809477988935,0.000689728205741026
interference,container,docker_cpu3-interf_io-run10,4,100001,5000000.0,2,2,4,0.0009622323791195574,0.0011274646836024502
interference,container,docker_cpu3-interf_io-run10,4,100001,5000000.0,2,3,4,0.0009622323791195574,0.000988989958272405
interference,container,docker_cpu3-interf_io-run10,4,100001,5000000.0,3,0,44,0.00842750430951925,0.008370156166000132
interference,container,docker_cpu3-interf_io-run10,4,100001,5000000.0,3,1,19,0.003639149588201494,0.003581284009823357
interference,container,docker_cpu3-interf_io-run10,4,100001,5000000.0,3,2,4,0.0007661367554108408,0.0008802048493102062
interference,container,docker_cpu3-interf_io-run10,4,100001,5000000.0,3,3,5154,0.9871672093468684,0.9871683549748663
interference,host,host_cpu3-interf_io-run8,4,100001,5000000.0,0,0,0,0.0,0.00023078891848003473
interference,host,host_cpu3-interf_io-run8,4,100001,5000000.0,0,1,47946,0.9993330276376673,0.9990831237342381
interference,host,host_cpu3-interf_io-run8,4,100001,5000000.0,0,2,28,0.0005836008170411438,0.00060122835056337
interference,host,host_cpu3-interf_io-run8,4,100001,5000000.0,0,3,4,8.337154529159198e-05,8.485899671847186e-05
interference,host,host_cpu3-interf_io-run8,4,100001,5000000.0,1,0,47952,0.9987087099595952,0.9982395279356737
interference,host,host_cpu3-interf_io-run8,4,100001,5000000.0,1,1,29,0.0006039905027700254,0.001076574179320553
interference,host,host_cpu3-interf_io-run8,4,100001,5000000.0,1,2,27,0.0005623359853376099,0.0005616642245106816
interference,host,host_cpu3-interf_io-run8,4,100001,5000000.0,1,3,6,0.00012496355229724664,0.00012223366049498829
interference,host,host_cpu3-interf_io-run8,4,100001,5000000.0,2,0,27,0.014438502673796792,0.01396772731007928
interference,host,host_cpu3-interf_io-run8,4,100001,5000000.0,2,1,38,0.020320855614973262,0.020962630803496904
interference,host,host_cpu3-interf_io-run8,4,100001,5000000.0,2,2,1805,0.9652406417112299,0.9650696418793404
interference,host,host_cpu3-interf_io-run8,4,100001,5000000.0,2,3,0,0.0,7.083431538428922e-12
interference,host,host_cpu3-interf_io-run8,4,100001,5000000.0,3,0,0,0.0,4.0647395332324303e-165
interference,host,host_cpu3-interf_io-run8,4,100001,5000000.0,3,1,0,0.0,4.675946363478877e-167
interference,host,host_cpu3-interf_io-run8,4,100001,5000000.0,3,2,10,0.004677268475210477,0.004674892834706418
interference,host,host_cpu3-interf_io-run8,4,100001,5000000.0,3,3,2128,0.9953227315247896,0.9953251071652935
interference,host,host_cpu3-interf_io-run6,4,99655,5000000.0,0,0,0,0.0,1.5898712708744345e-07
interference,host,host_cpu3-interf_io-run6,4,99655,5000000.0,0,1,48277,0.9993996604976607,0.9993693030014115
interference,host,host_cpu3-interf_io-run6,4,99655,5000000.0,0,2,27,0.0005589367780399951,0.0005893204451835681
interference,host,host_cpu3-interf_io-run6,4,99655,5000000.0,0,3,2,4.140272429925889e-05,4.121756627787109e-05
interference,host,host_cpu3-interf_io-run6,4,99655,5000000.0,1,0,48270,0.9989238856007615,0.9986620562748929
interference,host,host_cpu3-interf_io-run6,4,99655,5000000.0,1,1,15,0.0003104176151649352,0.0005903721013328099
interference,host,host_cpu3-interf_io-run6,4,99655,5000000.0,1,2,34,0.0007036132610405199,0.0006906587483004721
interference,host,host_cpu3-interf_io-run6,4,99655,5000000.0,1,3,3,6.208352303298705e-05,5.691287547377566e-05
interference,host,host_cpu3-interf_io-run6,4,99655,5000000.0,2,0,36,0.021686746987951807,0.021999483563331368
interference,host,host_cpu3-interf_io-run6,4,99655,5000000.0,2,1,30,0.018072289156626505,0.018046472146338907
interference,host,host_cpu3-interf_io-run6,4,99655,5000000.0,2,2,1594,0.9602409638554217,0.9599540442903297
interference,host,host_cpu3-interf_io-run6,4,99655,5000000.0,2,3,0,0.0,6.0967323608148554e-86
interference,host,host_cpu3-interf_io-run6,4,99655,5000000.0,3,0,0,0.0,0.0
interference,host,host_cpu3-interf_io-run6,4,99655,5000000.0,3,1,0,0.0,0.0
interference,host,host_cpu3-interf_io-run6,4,99655,5000000.0,3,2,4,0.0029282576866764276,0.0029328539997287638
interference,host,host_cpu3-interf_io-run6,4,99655,5000000.0,3,3,1362,0.9970717423133236,0.9970671460002712
interference,container,docker_cpu3-interf_io-run1,4,100001,5000000.0,0,0,92418,0.9606561125952413,0.9326860828867348
interference,container,docker_cpu3-interf_io-run1,4,100001,5000000.0,0,1,3618,0.03760797480328056,0.06543983089109205
interference,container,docker_cpu3-interf_io-run1,4,100001,5000000.0,0,2,141,0.0014656507593318296,0.0015863003677562895
interference,container,docker_cpu3-interf_io-run1,4,100001,5000000.0,0,3,26,0.0002702618421462948,0.00028778585441678194
interference,container,docker_cpu3-interf_io-run1,4,100001,5000000.0,1,0,3619,1.0,1.0
interference,container,docker_cpu3-interf_io-run1,4,100001,5000000.0,1,1,0,0.0,3.113187289371726e-132
interference,container,docker_cpu3-interf_io-run1,4,100001,5000000.0,1,2,0,0.0,9.218834257814249e-131
interference,container,docker_cpu3-interf_io-run1,4,100001,5000000.0,1,3,0,0.0,2.487321760675943e-217
interference,container,docker_cpu3-interf_io-run1,4,100001,5000000.0,2,0,147,1.0,1.0
interference,container,docker_cpu3-interf_io-run1,4,100001,5000000.0,2,1,0,0.0,2.059138755160313e-87
interference,container,docker_cpu3-interf_io-run1,4,100001,5000000.0,2,2,0,0.0,0.0
interference,container,docker_cpu3-interf_io-run1,4,100001,5000000.0,2,3,0,0.0,0.0
interference,container,docker_cpu3-interf_io-run1,4,100001,5000000.0,3,0,20,0.6451612903225806,0.6434797816991611
interference,container,docker_cpu3-interf_io-run1,4,100001,5000000.0,3,1,0,0.0,4.136624855869302e-18
interference,container,docker_cpu3-interf_io-run1,4,100001,5000000.0,3,2,6,0.1935483870967742,0.19411066400485297
interference,container,docker_cpu3-interf_io-run1,4,100001,5000000.0,3,3,5,0.16129032258064516,0.16240955429598586
interference,host,host_cpu3-interf_io-run5,4,100001,5000000.0,0,0,65985,0.9989100322448794,0.9986117422521418
interference,host,host_cpu3-interf_io-run5,4,100001,5000000.0,0,1,34,0.0005147069954736061,0.0008046762511186149
interference,host,host_cpu3-interf_io-run5,4,100001,5000000.0,0,2,33,0.0004995685544302648,0.0005062289190289358
interference,host,host_cpu3-interf_io-run5,4,100001,5000000.0,0,3,5,7.569220521670678e-05,7.73525777106437e-05
interference,host,host_cpu3-interf_io-run5,4,100001,5000000.0,1,0,41,0.0012504956232653186,0.0018621346516213267
interference,host,host_cpu3-interf_io-run5,4,100001,5000000.0,1,1,32710,0.9976515082197213,0.9970501453609193
interference,host,host_cpu3-interf_io-run5,4,100001,5000000.0,1,2,36,0.0010979961570134504,0.001087719987459364
interference,host,host_cpu3-interf_io-run5,4,100001,5000000.0,1,3,0,0.0,7.373152445012532e-49
interference,host,host_cpu3-interf_io-run5,4,100001,5000000.0,2,0,31,0.043115438108484005,0.042653915400552564
interference,host,host_cpu3-interf_io-run5,4,100001,5000000.0,2,1,43,0.059805285118219746,0.06034788969455121
interference,host,host_cpu3-interf_io-run5,4,100001,5000000.0,2,2,645,0.8970792767732962,0.8969981949048961
interference,host,host_cpu3-interf_io-run5,4,100001,5000000.0,2,3,0,0.0,2.189354026716842e-72
interference,host,host_cpu3-interf_io-run5,4,100001,5000000.0,3,0,0,0.0,0.0
interference,host,host_cpu3-interf_io-run5,4,100001,5000000.0,3,1,0,0.0,0.0
interference,host,host_cpu3-interf_io-run5,4,100001,5000000.0,3,2,5,0.011441647597254004,0.01172745975571227
interference,host,host_cpu3-interf_io-run5,4,100001,5000000.0,3,3,432,0.988558352402746,0.9882725402442877
interference,host,host_cpu3-interf_io-run10,4,100001,5000000.0,0,0,68645,0.8668720875901348,0.8481803841243922
interference,host,host_cpu3-interf_io-run10,4,100001,5000000.0,0,1,10486,0.13242072562415547,0.151108686434693
interference,host,host_cpu3-interf_io-run10,4,100001,5000000.0,0,2,49,0.0006187884374960536,0.000619589949518021
interference,host,host_cpu3-interf_io-run10,4,100001,5000000.0,0,3,7,8.839834821372195e-05,9.133949139684485e-05
interference,host,host_cpu3-interf_io-run10,4,100001,5000000.0,1,0,10492,0.5916652568657306,0.5714264554776393
interference,host,host_cpu3-interf_io-run10,4,100001,5000000.0,1,1,7228,0.4076016466474934,0.4278599606165227
interference,host,host_cpu3-interf_io-run10,4,100001,5000000.0,1,2,13,0.0007330964867760672,0.0007135839058380235
interference,host,host_cpu3-interf_io-run10,4,100001,5000000.0,1,3,0,0.0,2.088268212448723e-21
interference,host,host_cpu3-interf_io-run10,4,100001,5000000.0,2,0,51,0.03571428571428571,0.03398318319877578
interference,host,host_cpu3-interf_io-run10,4,100001,5000000.0,2,1,19,0.01330532212885154,0.0149636970633131
interference,host,host_cpu3-interf_io-run10,4,100001,5000000.0,2,2,1358,0.9509803921568627,0.9510531197379111
interference,host,host_cpu3-interf_io-run10,4,100001,5000000.0,2,3,0,0.0,2.070402882776012e-65
interference,host,host_cpu3-interf_io-run10,4,100001,5000000.0,3,0,0,0.0,0.0
interference,host,host_cpu3-interf_io-run10,4,100001,5000000.0,3,1,0,0.0,0.0
interference,host,host_cpu3-interf_io-run10,4,100001,5000000.0,3,2,7,0.00423728813559322,0.004240803395765673
interference,host,host_cpu3-interf_io-run10,4,100001,5000000.0,3,3,1645,0.9957627118644068,0.9957591966042344
interference,host,host_cpu3-interf_io-run9,4,100001,5000000.0,0,0,62266,0.8312329791210552,0.7767728629545743
interference,host,host_cpu3-interf_io-run9,4,100001,5000000.0,0,1,12597,0.16816628397500935,0.22262687249699498
interference,host,host_cpu3-interf_io-run9,4,100001,5000000.0,0,2,41,0.000547338068030117,0.0005413690083167396
interference,host,host_cpu3-interf_io-run9,4,100001,5000000.0,0,3,4,5.3398835905377265e-05,5.889554011411085e-05
interference,host,host_cpu3-interf_io-run9,4,100001,5000000.0,1,0,12598,0.5546603266851583,0.5093688400581692
interference,host,host_cpu3-interf_io-run9,4,100001,5000000.0,1,1,10097,0.4445471756262933,0.4898818460060122
interference,host,host_cpu3-interf_io-run9,4,100001,5000000.0,1,2,18,0.0007924976885484084,0.00074931393581852
interference,host,host_cpu3-interf_io-run9,4,100001,5000000.0,1,3,0,0.0,4.3375173124705507e-41
interference,host,host_cpu3-interf_io-run9,4,100001,5000000.0,2,0,45,0.0297029702970297,0.02663323416661037
interference,host,host_cpu3-interf_io-run9,4,100001,5000000.0,2,1,18,0.011881188118811881,0.014942875825104104
interference,host,host_cpu3-interf_io-run9,4,100001,5000000.0,2,2,1452,0.9584158415841584,0.9584238900082855
interference,host,host_cpu3-interf_io-run9,4,100001,5000000.0,2,3,0,0.0,5.391199118487755e-119
interference,host,host_cpu3-interf_io-run9,4,100001,5000000.0,3,0,0,0.0,0.0
interference,host,host_cpu3-interf_io-run9,4,100001,5000000.0,3,1,0,0.0,0.0
interference,host,host_cpu3-interf_io-run9,4,100001,5000000.0,3,2,4,0.004629629629629629,0.004633785699507174
interference,host,host_cpu3-interf_io-run9,4,100001,5000000.0,3,3,860,0.9953703703703703,0.9953662143004929
interference,container,docker_cpu3-interf_io-run2,4,100001,5000000.0,0,0,91291,0.9547470141605137,0.9222629652332205
interference,container,docker_cpu3-interf_io-run2,4,100001,5000000.0,0,1,4151,0.04341232822271957,0.07577336508837129
interference,container,docker_cpu3-interf_io-run2,4,100001,5000000.0,0,2,131,0.001370034930661591,0.0014765041184635723
interference,container,docker_cpu3-interf_io-run2,4,100001,5000000.0,0,3,45,0.0004706226861051267,0.00048716555994461646
interference,container,docker_cpu3-interf_io-run2,4,100001,5000000.0,1,0,4191,1.0,1.0
interference,container,docker_cpu3-interf_io-run2,4,100001,5000000.0,1,1,0,0.0,1.8717804142892755e-115
interference,container,docker_cpu3-interf_io-run2,4,100001,5000000.0,1,2,0,0.0,1.1099773599793412e-64
interference,container,docker_cpu3-interf_io-run2,4,100001,5000000.0,1,3,0,0.0,6.666808137863656e-69
interference,container,docker_cpu3-interf_io-run2,4,100001,5000000.0,2,0,137,1.0,0.9999999999999986
interference,container,docker_cpu3-interf_io-run2,4,100001,5000000.0,2,1,0,0.0,1.323204675716964e-15
interference,container,docker_cpu3-interf_io-run2,4,100001,5000000.0,2,2,0,0.0,2.03491271452081e-145
interference,container,docker_cpu3-interf_io-run2,4,100001,5000000.0,2,3,0,0.0,0.0
interference,container,docker_cpu3-interf_io-run2,4,100001,5000000.0,3,0,0,0.0,4.302438048325915e-36
interference,container,docker_cpu3-interf_io-run2,4,100001,5000000.0,3,1,39,0.7222222222222222,0.718825342117106
interference,container,docker_cpu3-interf_io-run2,4,100001,5000000.0,3,2,6,0.1111111111111111,0.11405656942734856
interference,container,docker_cpu3-interf_io-run2,4,100001,5000000.0,3,3,9,0.16666666666666666,0.1671180884555454
interference,host,host_cpu3-interf_io-run7,4,100001,5000000.0,0,0,59277,0.7900650423841765,0.7168238280819379
interference,host,host_cpu3-interf_io-run7,4,100001,5000000.0,0,1,15698,0.20922855467292212,0.28249203472686124
interference,host,host_cpu3-interf_io-run7,4,100001,5000000.0,0,2,51,0.000679746228074852,0.0006574536428508517
interference,host,host_cpu3-interf_io-run7,4,100001,5000000.0,0,3,2,2.6656714826464785e-05,2.6683548350085884e-05
interference,host,host_cpu3-interf_io-run7,4,100001,5000000.0,1,0,15703,0.7494034551875537,0.686976043858246
interference,host,host_cpu3-interf_io-run7,4,100001,5000000.0,1,1,5231,0.24964207311253223,0.31208194925072724
interference,host,host_cpu3-interf_io-run7,4,100001,5000000.0,1,2,16,0.000763577359931278,0.0007920815991380586
interference,host,host_cpu3-interf_io-run7,4,100001,5000000.0,1,3,4,0.0001908943399828195,0.00014992529188888069
interference,host,host_cpu3-interf_io-run7,4,100001,5000000.0,2,0,49,0.022897196261682243,0.0210133140247992
interference,host,host_cpu3-interf_io-run7,4,100001,5000000.0,2,1,24,0.011214953271028037,0.013020450972288536
interference,host,host_cpu3-interf_io-run7,4,100001,5000000.0,2,2,2067,0.9658878504672898,0.9659662350029122
interference,host,host_cpu3-interf_io-run7,4,100001,5000000.0,2,3,0,0.0,2.6391952182122773e-108
interference,host,host_cpu3-interf_io-run7,4,100001,5000000.0,3,0,0,0.0,0.0
interference,host,host_cpu3-interf_io-run7,4,100001,5000000.0,3,1,0,0.0,0.0
interference,host,host_cpu3-interf_io-run7,4,100001,5000000.0,3,2,6,0.003194888178913738,0.0032017913921320537
interference,host,host_cpu3-interf_io-run7,4,100001,5000000.0,3,3,1872,0.9968051118210862,0.9967982086078679
interference,host,host_cpu3-interf_io-run2,4,100001,5000000.0,0,0,99025,0.9955563151598017,0.9944467677897648
interference,host,host_cpu3-interf_io-run2,4,100001,5000000.0,0,1,403,0.0040515950013572345,0.005134816474500289
interference,host,host_cpu3-interf_io-run2,4,100001,5000000.0,0,2,38,0.00038203625322971436,0.00040834562987160416
interference,host,host_cpu3-interf_io-run2,4,100001,5000000.0,0,3,1,1.0053585611308273e-05,1.0070105863333289e-05
interference,host,host_cpu3-interf_io-run2,4,100001,5000000.0,1,0,404,0.9734939759036144,0.9721524566063188
interference,host,host_cpu3-interf_io-run2,4,100001,5000000.0,1,1,11,0.02650602409638554,0.027847543393681177
interference,host,host_cpu3-interf_io-run2,4,100001,5000000.0,1,2,0,0.0,8.556543354126585e-121
interference,host,host_cpu3-interf_io-run2,4,100001,5000000.0,1,3,0,0.0,2.991098540053062e-203
interference,host,host_cpu3-interf_io-run2,4,100001,5000000.0,2,0,39,0.7647058823529411,0.7763219468854179
interference,host,host_cpu3-interf_io-run2,4,100001,5000000.0,2,1,0,0.0,8.052777808249382e-47
interference,host,host_cpu3-interf_io-run2,4,100001,5000000.0,2,2,12,0.23529411764705882,0.22367805311458205
interference,host,host_cpu3-interf_io-run2,4,100001,5000000.0,2,3,0,0.0,0.0
interference,host,host_cpu3-interf_io-run2,4,100001,5000000.0,3,0,0,0.0,0.0
interference,host,host_cpu3-interf_io-run2,4,100001,5000000.0,3,1,0,0.0,0.0
interference,host,host_cpu3-interf_io-run2,4,100001,5000000.0,3,2,1,0.014925373134328358,0.014890945993718287
interference,host,host_cpu3-interf_io-run2,4,100001,5000000.0,3,3,66,0.9850746268656716,0.9851090540062817
interference,host,host_cpu3-interf_io-run1,4,100001,5000000.0,0,0,79841,0.9157443196806864,0.8506594667367312
interference,host,host_cpu3-interf_io-run1,4,100001,5000000.0,0,1,7121,0.08167502035853969,0.14663249093874842
interference,host,host_cpu3-interf_io-run1,4,100001,5000000.0,0,2,201,0.0023053895649580787,0.002397400182783126
interference,host,host_cpu3-interf_io-run1,4,100001,5000000.0,0,3,24,0.00027527039581589,0.00031064214173729884
interference,host,host_cpu3-interf_io-run1,4,100001,5000000.0,1,0,7103,0.5667437963775632,0.5323481545141617
interference,host,host_cpu3-interf_io-run1,4,100001,5000000.0,1,1,5391,0.4301444187345408,0.4646313241008803
interference,host,host_cpu3-interf_io-run1,4,100001,5000000.0,1,2,39,0.0031117848878959545,0.003020521384957874
interference,host,host_cpu3-interf_io-run1,4,100001,5000000.0,1,3,0,0.0,1.084911150890769e-59
interference,host,host_cpu3-interf_io-run1,4,100001,5000000.0,2,0,236,0.921875,0.8528004247813672
interference,host,host_cpu3-interf_io-run1,4,100001,5000000.0,2,1,20,0.078125,0.14719957521863267
interference,host,host_cpu3-interf_io-run1,4,100001,5000000.0,2,2,0,0.0,0.0
interference,host,host_cpu3-interf_io-run1,4,100001,5000000.0,2,3,0,0.0,0.0
interference,host,host_cpu3-interf_io-run1,4,100001,5000000.0,3,0,8,0.3333333333333333,0.3172052144618438
interference,host,host_cpu3-interf_io-run1,4,100001,5000000.0,3,1,0,0.0,2.037402739494417e-107
interference,host,host_cpu3-interf_io-run1,4,100001,5000000.0,3,2,16,0.6666666666666666,0.6827947855381563
interference,host,host_cpu3-interf_io-run1,4,100001,5000000.0,3,3,0,0.0,0.0
